pid,title,price_ngn,price_raw,bedrooms,bathrooms,prop_type,location,area,lga,state,agent,features,date_added,url
5PDQQ,4 Bedroom Detached Duplex With Bq,1750000000.0,"₦ 1,750,000,000",4.0,5.0,House,Parkview Estate Ikoyi Lagos,Parkview Estate,Ikoyi,Lagos,Chrystal Abodes,Newly Built; Only on PropertyPro,17 Feb 2026,https://www.propertypro.ng/property/4-bedroom-house-for-sale-parkview-estate-ikoyi-lagos-5PDQQ
6PUTF,3bed,300000000.0,"₦ 300,000,000",3.0,3.0,House,Lekki Phase 1 Lekki Lagos,Lekki Phase 1,Lekki,Lagos,New adventures,,29 Jun 2026,https://www.propertypro.ng/property/3-bedroom-house-for-sale-lekki-phase-1-lekki-lagos-6PUTF
1PUTF,4bed,500000000.0,"₦ 500,000,000",4.0,4.0,Flat Apartment,Lekki Phase 1 Lekki Lagos,Lekki Phase 1,Lekki,Lagos,New adventures,,29 Jun 2026,https://www.propertypro.ng/property/4-bedroom-flat-apartment-for-sale-lekki-phase-1-lekki-lagos-1PUTF
5PUTD,Newly Built 5bedroom Fully Detached Duplex,480000000.0,"₦ 480,000,000",5.0,5.0,House,Ikate Ikate Lekki Lagos,Ikate Ikate,Lekki,Lagos,New adventures,Survey; Church Nearby; Parking Space,29 Jun 2026,https://www.propertypro.ng/property/5-bedroom-house-for-sale-ikate-ikate-lekki-lagos-5PUTD
2NMRX,5 Bedroom Detached House,2250000000.0,"₦ 2,250,000,000",5.0,5.0,House,Old Ikoyi Ikoyi Lagos,Old Ikoyi,Ikoyi,Lagos,PRINCE ADEMOLA,,08 Sep 2025,https://www.propertypro.ng/property/5-bedroom-house-for-sale-old-ikoyi-ikoyi-lagos-2NMRX
0NVLX,Premium 3 Bedroom Apartment + Bq,700000000.0,"₦ 700,000,000",3.0,3.0,Flat Apartment,Old Ikoyi Ikoyi Lagos,Old Ikoyi,Ikoyi,Lagos,PRINCE ADEMOLA,,24 Nov 2025,https://www.propertypro.ng/property/3-bedroom-flat-apartment-for-sale-old-ikoyi-ikoyi-lagos-0NVLX
8PUSZ,3bed,300000000.0,"₦ 300,000,000",3.0,3.0,House,Lekki Phase 1 Lekki Lagos,Lekki Phase 1,Lekki,Lagos,New adventures,,29 Jun 2026,https://www.propertypro.ng/property/3-bedroom-house-for-sale-lekki-phase-1-lekki-lagos-8PUSZ
4PUSY,Distress 2bedroom Terrace Duplex Good Security,60000000.0,"₦ 60,000,000",2.0,2.0,House,Sangotedo Sangotedo Ajah Lagos,Sangotedo Sangotedo,Ajah,Lagos,New adventures,Mosques Nearby; Parking Space; Governor's Consent,29 Jun 2026,https://www.propertypro.ng/property/2-bedroom-house-for-sale-sangotedo-sangotedo-ajah-lagos-4PUSY
7PUSY,2bed,500000000.0,"₦ 500,000,000",2.0,2.0,House,Victoria Island Lagos,Victoria,Island,Lagos,New adventures,,29 Jun 2026,https://www.propertypro.ng/property/2-bedroom-house-for-sale-victoria-island-lagos-7PUSY
1PUSZ,3bed,700000000.0,"₦ 700,000,000",3.0,3.0,House,Victoria Island Lagos,Victoria,Island,Lagos,New adventures,,29 Jun 2026,https://www.propertypro.ng/property/3-bedroom-house-for-sale-victoria-island-lagos-1PUSZ
9PTAF,Luxury 3 Bedroom Shortlet Apartment In Surulere,200000.0,"₦ 200,000",3.0,3.0,Flat / Apartment FOR SHORTLET,Olaogun Drive Adelabu Surulere Lagos,Olaogun Drive Adelabu,Surulere,Lagos,Jeffreys Apartments,Furnished; Serviced; Only on PropertyPro,15 Jun 2026,https://www.propertypro.ng/property/3-bedroom-flat-apartment-for-shortlet-olaogun-drive-adelabu-surulere-lagos-9PTAF
1PAES,5 Bedroom Fully Detached Duplex,250000000.0,"₦ 250,000,000",5.0,5.0,House,Ikota Lekki Lagos,Ikota,Lekki,Lagos,Perfect Images,,18 Jan 2026,https://www.propertypro.ng/property/5-bedroom-house-for-sale-ikota-lekki-lagos-1PAES
8PAES,5 Bedroom Detached Duplex,650000000.0,"₦ 650,000,000",5.0,5.0,House,Orchid Lekki Lagos,Orchid,Lekki,Lagos,Perfect Images,,18 Jan 2026,https://www.propertypro.ng/property/5-bedroom-house-for-sale-orchid-lekki-lagos-8PAES
3PPKF,Newly Built 2 Bedroom Apartment,250000000.0,"₦ 250,000,000",2.0,3.0,House,Lekki Phase 1 Lekki Lagos,Lekki Phase 1,Lekki,Lagos,Perfect Images,Fast Internet; Security Doors; Big Compound,14 May 2026,https://www.propertypro.ng/property/2-bedroom-house-for-sale-lekki-phase-1-lekki-lagos-3PPKF
0PTJP,Newly Built 5 Bedroom Duplex,470000000.0,"₦ 470,000,000",5.0,6.0,House,Ikota Lekki Lagos,Ikota,Lekki,Lagos,Perfect Images,Swimming Pool; 24 Hours Electricity; Street Lights,17 Jun 2026,https://www.propertypro.ng/property/5-bedroom-house-for-sale-ikota-lekki-lagos-0PTJP
1PTJQ,Beautiful 3 Bedroom Semi Detached Terrace Duplex,120000000.0,"₦ 120,000,000",3.0,4.0,House,Ajah Lekki Lagos,Ajah,Lekki,Lagos,Perfect Images,Free Coffee; Supermarket Nearby; Front Desk Service,17 Jun 2026,https://www.propertypro.ng/property/3-bedroom-house-for-sale-ajah-lekki-lagos-1PTJQ
7PTLT,Spacious 3 Bedroom Terrace Duplex,125000000.0,"₦ 125,000,000",3.0,4.0,House,Ajah Lekki Lagos,Ajah,Lekki,Lagos,Perfect Images,Boys Quater; Security Doors; Drainage System,18 Jun 2026,https://www.propertypro.ng/property/3-bedroom-house-for-sale-ajah-lekki-lagos-7PTLT
1PTLU,Well Built 4 Bedroom Fully Detached Duplex,190000000.0,"₦ 190,000,000",4.0,5.0,House,Ajah Lekki Lagos,Ajah,Lekki,Lagos,Perfect Images,Fast Internet; Parking Space; Security Doors,18 Jun 2026,https://www.propertypro.ng/property/4-bedroom-house-for-sale-ajah-lekki-lagos-1PTLU
6PTLU,Well Built 4 Bedroom Semi Detached Duplex,155000000.0,"₦ 155,000,000",4.0,5.0,House,Ajah Lekki Lagos,Ajah,Lekki,Lagos,Perfect Images,,18 Jun 2026,https://www.propertypro.ng/property/4-bedroom-house-for-sale-ajah-lekki-lagos-6PTLU
5PTLV,Contemporary 4 Bedroom Fully Detached Duplex,190000000.0,"₦ 190,000,000",4.0,5.0,House,Ajah Lekki Lagos,Ajah,Lekki,Lagos,Perfect Images,,18 Jun 2026,https://www.propertypro.ng/property/4-bedroom-house-for-sale-ajah-lekki-lagos-5PTLV
9PTLV,Newly Built 4 Bedroom Fully Detached Duplex,190000000.0,"₦ 190,000,000",4.0,5.0,House,Lekki Lagos,Lekki,Lagos,Lagos,Perfect Images,,18 Jun 2026,https://www.propertypro.ng/property/4-bedroom-house-for-sale-lekki-lagos-9PTLV
4PTLW,Spacious 4 Bedroom Fully Detached Duplex,190000000.0,"₦ 190,000,000",4.0,5.0,House,Ajah Lekki Lagos,Ajah,Lekki,Lagos,Perfect Images,Child Care; Parking Space; Fast Internet,18 Jun 2026,https://www.propertypro.ng/property/4-bedroom-house-for-sale-ajah-lekki-lagos-4PTLW
6PQRE,Commercial Duplex,380000000.0,"₦ 380,000,000",,,Commercial Property,Directly On Orchid Road Lekki Lagos,Directly On Orchid Road,Lekki,Lagos,Oyewo Abiola,Only on PropertyPro,26 May 2026,https://www.propertypro.ng/property/commercial-property-for-sale-directly-on-orchid-road-lekki-lagos-6PQRE
4PTMB,Tasteful Finished 5 Bedroom Detached Duplex,750000000.0,"₦ 750,000,000",5.0,6.0,House,Ikota Lekki Lagos,Ikota,Lekki,Lagos,Perfect Images,,19 Jun 2026,https://www.propertypro.ng/property/5-bedroom-house-for-sale-ikota-lekki-lagos-4PTMB
5PTMB,Well Built 3bedroom Self Compound Terrace,120000000.0,"₦ 120,000,000",3.0,4.0,House,Ajah Lekki Lagos,Ajah,Lekki,Lagos,Perfect Images,,19 Jun 2026,https://www.propertypro.ng/property/3-bedroom-house-for-sale-ajah-lekki-lagos-5PTMB
9PTMB,Spacious 4 Bedroom Detached Duplex,185000000.0,"₦ 185,000,000",4.0,5.0,House,Ajah Lekki Lagos,Ajah,Lekki,Lagos,Perfect Images,,19 Jun 2026,https://www.propertypro.ng/property/4-bedroom-house-for-sale-ajah-lekki-lagos-9PTMB
8PTMB,Contemporary 5 Bedroom Detached Duplex,400000000.0,"₦ 400,000,000",5.0,6.0,House,Ajah Lekki Lagos,Ajah,Lekki,Lagos,Perfect Images,,19 Jun 2026,https://www.propertypro.ng/property/5-bedroom-house-for-sale-ajah-lekki-lagos-8PTMB
7PTMB,3 Bedroom Self Compound Terrace Duplex,120000000.0,"₦ 120,000,000",3.0,4.0,House,Ajah Lekki Lagos,Ajah,Lekki,Lagos,Perfect Images,,19 Jun 2026,https://www.propertypro.ng/property/3-bedroom-house-for-sale-ajah-lekki-lagos-7PTMB
2PUSU,Newly Built 5bedroom Fully Detached Duplex,480000000.0,"₦ 480,000,000",5.0,5.0,House,Monastery Road Ologolo Lekki Lagos,Monastery Road Ologolo,Lekki,Lagos,New adventures,Security; 24 Hours Electricity; Boys Quater,29 Jun 2026,https://www.propertypro.ng/property/5-bedroom-house-for-sale-monastery-road-ologolo-lekki-lagos-2PUSU
3PUSR,Luxurious 2bedroom Apartment Good Security,135000000.0,"₦ 135,000,000",2.0,2.0,House,Ologolo Lekki Lagos Ologolo Lekki Lagos,Ologolo Lekki Lagos Ologolo,Lekki,Lagos,New adventures,Parking Space; Fast Internet; Restaurants Nearby,29 Jun 2026,https://www.propertypro.ng/property/2-bedroom-house-for-sale-ologolo-lekki-lagos-ologolo-lekki-lagos-3PUSR
1NVYT,Luxury Oceanfront 2 Bedroom Apartment/tennis/pool,500000000.0,"₦ 500,000,000",2.0,2.0,Flat Apartment,"Lekki Phase 1 Right Side, Lekki Phase 1 Lekki Lagos","Lekki Phase 1 Right Side, Lekki Phase 1",Lekki,Lagos,PRINCE ADEMOLA,,28 Nov 2025,https://www.propertypro.ng/property/2-bedroom-flat-apartment-for-sale-lekki-phase-1-right-side-lekki-phase-1-lekki-lagos-1NVYT
7NMAL,3 Bedroom Apartment With Bq,750000000.0,"₦ 750,000,000",3.0,3.0,Flat Apartment,Banana Island Ikoyi Lagos,Banana Island,Ikoyi,Lagos,PRINCE ADEMOLA,,02 Sep 2025,https://www.propertypro.ng/property/3-bedroom-flat-apartment-for-sale-banana-island-ikoyi-lagos-7NMAL
8NPKK,New 5 Bedroom Penthouse With 2 Bq,2500000000.0,"₦ 2,500,000,000",5.0,5.0,Flat Apartment,Old Ikoyi Ikoyi Lagos,Old Ikoyi,Ikoyi,Lagos,PRINCE ADEMOLA,,25 Sep 2025,https://www.propertypro.ng/property/5-bedroom-flat-apartment-for-sale-old-ikoyi-ikoyi-lagos-8NPKK
8NVRL,3 Bedroom Apartment+bq+pool+tennis,900000000.0,"₦ 900,000,000",3.0,3.0,Flat Apartment,Banana Island Estate Banana Island Ikoyi Lagos,Banana Island Estate Banana Island,Ikoyi,Lagos,PRINCE ADEMOLA,,25 Nov 2025,https://www.propertypro.ng/property/3-bedroom-flat-apartment-for-sale-banana-island-estate-banana-island-ikoyi-lagos-8NVRL
6NXEK,4 Bedroom Terrace House +bq+pool,1100000000.0,"₦ 1,100,000,000",4.0,4.0,House,Old Ikoyi Old Ikoyi Ikoyi Lagos,Old Ikoyi Old Ikoyi,Ikoyi,Lagos,PRINCE ADEMOLA,,11 Dec 2025,https://www.propertypro.ng/property/4-bedroom-house-for-sale-old-ikoyi-old-ikoyi-ikoyi-lagos-6NXEK
9NXQT,Luxury 3 Bedroom Apartment With Bq,600000000.0,"₦ 600,000,000",3.0,3.0,Flat Apartment,Old Ikoyi Ikoyi Lagos,Old Ikoyi,Ikoyi,Lagos,PRINCE ADEMOLA,,16 Dec 2025,https://www.propertypro.ng/property/3-bedroom-flat-apartment-for-sale-old-ikoyi-ikoyi-lagos-9NXQT
7PUKX,Block Of 4 Nos. 3 Bedroom Flat,260000000.0,"₦ 260,000,000",3.0,3.0,House,"Omole Phase 2 Extension,olowora Lagos Omole Phase 2 Ojodu Lagos","Omole Phase 2 Extension,olowora Lagos Omole Phase 2",Ojodu,Lagos,DFHL,,26 Jun 2026,https://www.propertypro.ng/property/3-bedroom-house-for-sale-omole-phase-2-extensionolowora-lagos-omole-phase-2-ojodu-lagos-7PUKX
6PUMV,6 Nos Of 3 Bedroom Flat + Warehouse,400000000.0,"₦ 400,000,000",3.0,3.0,House,Off Anjorin Street Surulere Lagos,Off Anjorin Street,Surulere,Lagos,DFHL,,27 Jun 2026,https://www.propertypro.ng/property/3-bedroom-house-for-sale-off-anjorin-street-surulere-lagos-6PUMV
4PUSG,2bed,300000000.0,"₦ 300,000,000",2.0,2.0,House,Lekki Phase 1 Lekki Lagos,Lekki Phase 1,Lekki,Lagos,New adventures,,29 Jun 2026,https://www.propertypro.ng/property/2-bedroom-house-for-sale-lekki-phase-1-lekki-lagos-4PUSG
0PUSG,5bed,300000000.0,"₦ 300,000,000",5.0,5.0,House,Sangotedo Ajah Lagos,Sangotedo,Ajah,Lagos,New adventures,,29 Jun 2026,https://www.propertypro.ng/property/5-bedroom-house-for-sale-sangotedo-ajah-lagos-0PUSG
1PTGM,2 Bedroom Apartment,300000000.0,"₦ 300,000,000",2.0,,Flat Apartment,Lekki Phase 1 Lekki Lagos,Lekki Phase 1,Lekki,Lagos,Tugaris Realtor,,17 Jun 2026,https://www.propertypro.ng/property/2-bedroom-flat-apartment-for-sale-lekki-phase-1-lekki-lagos-1PTGM
6PUKB,5 Bedroom Fully Detached Duplex With Bq Swimming Gym,330000000.0,"₦ 330,000,000",5.0,,House,Lekki Lagos,Lekki,Lagos,Lagos,Tugaris Realtor,,26 Jun 2026,https://www.propertypro.ng/property/5-bedroom-house-for-sale-lekki-lagos-6PUKB
3PUKC,5 Bedroom Fully Detached Duplex With Bq Swimming Gym,480000000.0,"₦ 480,000,000",5.0,,House,Lekki Lagos,Lekki,Lagos,Lagos,Tugaris Realtor,,26 Jun 2026,https://www.propertypro.ng/property/5-bedroom-house-for-sale-lekki-lagos-3PUKC
1PUKB,5 Bedroom Fully Detached Duplex With Bq Swimming Gym,450000000.0,"₦ 450,000,000",5.0,,House,Lekki Lagos,Lekki,Lagos,Lagos,Tugaris Realtor,,26 Jun 2026,https://www.propertypro.ng/property/5-bedroom-house-for-sale-lekki-lagos-1PUKB
6PUSD,4bed,200000000.0,"₦ 200,000,000",4.0,4.0,House,Lekki Scheme 2 Ajah Lagos,Lekki Scheme 2,Ajah,Lagos,New adventures,,29 Jun 2026,https://www.propertypro.ng/property/4-bedroom-house-for-sale-lekki-scheme-2-ajah-lagos-6PUSD
6PRLY,4bed Terrace+bq,390000000.0,"₦ 390,000,000",4.0,5.0,House,Omole Phase 1 Ojodu Lagos,Omole Phase 1,Ojodu,Lagos,Dollyrealty,24 Hours Electricity; C Of O; Pop Ceiling,02 Jun 2026,https://www.propertypro.ng/property/4-bedroom-house-for-sale-omole-phase-1-ojodu-lagos-6PRLY
5PMMD,3bed Apartment+bq..,650000000.0,"₦ 650,000,000",3.0,4.0,Flat Apartment,Shonibare Estate Maryland Lagos,Shonibare Estate,Maryland,Lagos,Dollyrealty,Drainage System; Jacuzzi; Boys Quater,28 Apr 2026,https://www.propertypro.ng/property/3-bedroom-flat-apartment-for-sale-shonibare-estate-maryland-lagos-5PMMD
5PUSB,1bed,130000000.0,"₦ 130,000,000",1.0,1.0,House,Lekki Phase 1 Lekki Lagos,Lekki Phase 1,Lekki,Lagos,New adventures,,29 Jun 2026,https://www.propertypro.ng/property/1-bedroom-house-for-sale-lekki-phase-1-lekki-lagos-5PUSB
2PUSB,5bed,450000000.0,"₦ 450,000,000",5.0,5.0,House,Vgc Lekki Lagos,Vgc,Lekki,Lagos,New adventures,,29 Jun 2026,https://www.propertypro.ng/property/5-bedroom-house-for-sale-vgc-lekki-lagos-2PUSB
0PPZN,4bed Detached+bq,700000000.0,"₦ 700,000,000",4.0,5.0,House,Adeniyi Jones Ikeja Lagos,Adeniyi Jones,Ikeja,Lagos,Dollyrealty,Big Compound; Drainage System; 24 Hours Electricity,20 May 2026,https://www.propertypro.ng/property/4-bedroom-house-for-sale-adeniyi-jones-ikeja-lagos-0PPZN
4PUSA,2bed,250000000.0,"₦ 250,000,000",2.0,2.0,House,Lekki Phase 1 Lekki Lagos,Lekki Phase 1,Lekki,Lagos,New adventures,,29 Jun 2026,https://www.propertypro.ng/property/2-bedroom-house-for-sale-lekki-phase-1-lekki-lagos-4PUSA
7PHRK,4 Units 2 &3 Bedroom Flats,110000000.0,"₦ 110,000,000",3.0,,House,Agara Estate Akala Express Ibadan Oyo,Agara Estate Akala Express,Ibadan,Oyo,Openkeys business,Furnished; Only on PropertyPro,24 Mar 2026,https://www.propertypro.ng/property/3-bedroom-house-for-sale-agara-estate-akala-express-ibadan-oyo-7PHRK
7PTRA,Furnished 6bed+bq,1800000000.0,"₦ 1,800,000,000",6.0,7.0,House,Magodo Gra Phase 2 Kosofe Ikosi Lagos,Magodo Gra Phase 2 Kosofe,Ikosi,Lagos,Dollyrealty,Security; Jacuzzi; 24 Hours Security,20 Jun 2026,https://www.propertypro.ng/property/6-bedroom-house-for-sale-magodo-gra-phase-2-kosofe-ikosi-lagos-7PTRA
0PURZ,2bed,230000000.0,"₦ 230,000,000",2.0,2.0,House,Lekki Phase 1 Lekki Lagos,Lekki Phase 1,Lekki,Lagos,New adventures,,29 Jun 2026,https://www.propertypro.ng/property/2-bedroom-house-for-sale-lekki-phase-1-lekki-lagos-0PURZ
2NXHR,5bed Detached+bq..,1200000000.0,"₦ 1,200,000,000",5.0,6.0,House,Shonibare Estate Maryland Lagos,Shonibare Estate,Maryland,Lagos,Dollyrealty,Security Doors; Parking Space; All Room Ensuit,12 Dec 2025,https://www.propertypro.ng/property/5-bedroom-house-for-sale-shonibare-estate-maryland-lagos-2NXHR
3NXKK,5bed Detached+bq..,4500000000.0,"₦ 4,500,000,000",5.0,6.0,House,Banana Island Ikoyi Lagos,Banana Island,Ikoyi,Lagos,Dollyrealty,Jacuzzi; 24 Hours Security; Elevator,14 Dec 2025,https://www.propertypro.ng/property/5-bedroom-house-for-sale-banana-island-ikoyi-lagos-3NXKK
9NXKK,5bed Detached+2bq..,670000000.0,"₦ 670,000,000",7.0,8.0,House,Magodo Gra Phase 2 Kosofe Ikosi Lagos,Magodo Gra Phase 2 Kosofe,Ikosi,Lagos,Dollyrealty,Water Treatment; 24 Hours Security; Big Compound,14 Dec 2025,https://www.propertypro.ng/property/7-bedroom-house-for-sale-magodo-gra-phase-2-kosofe-ikosi-lagos-9NXKK
3NYEK,6bed Detached+bq,5500000000.0,"₦ 5,500,000,000",6.0,7.0,House,Banana Island Ikoyi Lagos,Banana Island,Ikoyi,Lagos,Dollyrealty,Parking Space; Cctv Cameras; Drainage System,24 Dec 2025,https://www.propertypro.ng/property/6-bedroom-house-for-sale-banana-island-ikoyi-lagos-3NYEK
5NZLP,5bed Detached+bq,580000000.0,"₦ 580,000,000",5.0,6.0,House,Magodo Gra Phase 2 Kosofe Ikosi Lagos,Magodo Gra Phase 2 Kosofe,Ikosi,Lagos,Dollyrealty,Pop Ceiling; All Room Ensuit; Parking Space,11 Jan 2026,https://www.propertypro.ng/property/5-bedroom-house-for-sale-magodo-gra-phase-2-kosofe-ikosi-lagos-5NZLP
3NZPW,6bed Detached+bq..,6000000000.0,"₦ 6,000,000,000",6.0,7.0,House,Banana Island Ikoyi Lagos,Banana Island,Ikoyi,Lagos,Dollyrealty,Boys Quater; Street Lights; Big Compound,12 Jan 2026,https://www.propertypro.ng/property/6-bedroom-house-for-sale-banana-island-ikoyi-lagos-3NZPW
2NZWD,5bed Detached+bq..,380000000.0,"₦ 380,000,000",5.0,6.0,House,Berger Ojodu Lagos,Berger,Ojodu,Lagos,Dollyrealty,24 Hours Security; Pop Ceiling; Jacuzzi,15 Jan 2026,https://www.propertypro.ng/property/5-bedroom-house-for-sale-berger-ojodu-lagos-2NZWD
8PBGV,5bed Detached+bq.,4200000000.0,"₦ 4,200,000,000",5.0,6.0,House,Ikoyi Lagos,Ikoyi,Lagos,Lagos,Dollyrealty,Boys Quater; 24 Hours Electricity; Security,27 Jan 2026,https://www.propertypro.ng/property/5-bedroom-house-for-sale-ikoyi-lagos-8PBGV
4PUSP,Luxurious 2bedroom Apartment In A Secured Estate,110000000.0,"₦ 110,000,000",2.0,2.0,House,Ologolo Ologolo Lekki Lagos,Ologolo Ologolo,Lekki,Lagos,New adventures,Serviced; Only on PropertyPro,29 Jun 2026,https://www.propertypro.ng/property/2-bedroom-house-for-sale-ologolo-ologolo-lekki-lagos-4PUSP
9PBLK,5bed Semi Detached+bq..,950000000.0,"₦ 950,000,000",5.0,6.0,House,Ikeja Gra Ikeja Lagos,Ikeja Gra,Ikeja,Lagos,Dollyrealty,Pop Ceiling; Street Lights; Water Treatment,29 Jan 2026,https://www.propertypro.ng/property/5-bedroom-house-for-sale-ikeja-gra-ikeja-lagos-9PBLK
7PSSH,3bed Apartment+bq,280000000.0,"₦ 280,000,000",3.0,4.0,Flat Apartment,Ikeja Gra Ikeja Lagos,Ikeja Gra,Ikeja,Lagos,Dollyrealty,Boys Quater; Street Lights; Jacuzzi,13 Jun 2026,https://www.propertypro.ng/property/3-bedroom-flat-apartment-for-sale-ikeja-gra-ikeja-lagos-7PSSH
3PSSG,Furnished 4bed Terrace+bq,700000000.0,"₦ 700,000,000",4.0,6.0,House,Lekki Phase 1 Lekki Lagos,Lekki Phase 1,Lekki,Lagos,Dollyrealty,Jacuzzi; 24 Hours Electricity; C Of O,13 Jun 2026,https://www.propertypro.ng/property/4-bedroom-house-for-sale-lekki-phase-1-lekki-lagos-3PSSG
0PSSM,3bed Apartment/massionette..,220000000.0,"₦ 220,000,000",3.0,4.0,Flat Apartment,Yaba Lagos,Yaba,Lagos,Lagos,Dollyrealty,Pop Ceiling; Parking Space; Water Treatment,13 Jun 2026,https://www.propertypro.ng/property/3-bedroom-flat-apartment-for-sale-yaba-lagos-0PSSM
4PSSQ,2bed Apartment..,140000000.0,"₦ 140,000,000",2.0,3.0,Flat Apartment,"Ajao Est, Anthony Village Maryland Lagos","Ajao Est, Anthony Village",Maryland,Lagos,Dollyrealty,24 Hours Security; Security; Drainage System,13 Jun 2026,https://www.propertypro.ng/property/2-bedroom-flat-apartment-for-sale-ajao-est-anthony-village-maryland-lagos-4PSSQ
8PSSQ,5bed Terraces+bq,1300000000.0,"₦ 1,300,000,000",5.0,6.0,House,Ikoyi Lagos,Ikoyi,Lagos,Lagos,Dollyrealty,Pop Ceiling; Swimming Pool; Big Compound,13 Jun 2026,https://www.propertypro.ng/property/5-bedroom-house-for-sale-ikoyi-lagos-8PSSQ
6PSXV,4bed Terrace+bq,450000000.0,"₦ 450,000,000",4.0,5.0,House,Omole Phase 2 Ojodu Lagos,Omole Phase 2,Ojodu,Lagos,Dollyrealty,Security; Boys Quater; Pop Ceiling,15 Jun 2026,https://www.propertypro.ng/property/4-bedroom-house-for-sale-omole-phase-2-ojodu-lagos-6PSXV
8PTLV,3bed Apartment,260000000.0,"₦ 260,000,000",3.0,4.0,Flat Apartment,Magodo Gra Phase 2 Kosofe Ikosi Lagos,Magodo Gra Phase 2 Kosofe,Ikosi,Lagos,Dollyrealty,C Of O; All Room Ensuit; Drainage System,18 Jun 2026,https://www.propertypro.ng/property/3-bedroom-flat-apartment-for-sale-magodo-gra-phase-2-kosofe-ikosi-lagos-8PTLV
7PTQQ,4bed Detached+bq,450000000.0,"₦ 450,000,000",4.0,5.0,House,Millenuim Ups Gbagada Lagos,Millenuim Ups,Gbagada,Lagos,Dollyrealty,All Room Ensuit; Drainage System; Big Compound,20 Jun 2026,https://www.propertypro.ng/property/4-bedroom-house-for-sale-millenuim-ups-gbagada-lagos-7PTQQ
1PDMH,Furnished 4bed+bq..,850000000.0,"₦ 850,000,000",4.0,5.0,House,Ikeja Gra Ikeja Lagos,Ikeja Gra,Ikeja,Lagos,Dollyrealty,Newly Built; Furnished; Serviced; Only on PropertyPro,17 Feb 2026,https://www.propertypro.ng/property/4-bedroom-house-for-sale-ikeja-gra-ikeja-lagos-1PDMH
1PTQV,5bed Detached+bq,750000000.0,"₦ 750,000,000",5.0,6.0,House,Magodo Gra Phase 2 Kosofe Ikosi Lagos,Magodo Gra Phase 2 Kosofe,Ikosi,Lagos,Dollyrealty,Boys Quater; Pop Ceiling; Security,20 Jun 2026,https://www.propertypro.ng/property/5-bedroom-house-for-sale-magodo-gra-phase-2-kosofe-ikosi-lagos-1PTQV
0PTQZ,4bed Semi Detached+bq,260000000.0,"₦ 260,000,000",4.0,5.0,House,Surulere Lagos,Surulere,Lagos,Lagos,Dollyrealty,Drainage System; 24 Hours Electricity; Boys Quater,20 Jun 2026,https://www.propertypro.ng/property/4-bedroom-house-for-sale-surulere-lagos-0PTQZ
5PTSQ,5bed Detached+bq,3500000000.0,"₦ 3,500,000,000",5.0,6.0,House,Ikoyi Lagos,Ikoyi,Lagos,Lagos,Dollyrealty,C Of O; All Room Ensuit; Survey,21 Jun 2026,https://www.propertypro.ng/property/5-bedroom-house-for-sale-ikoyi-lagos-5PTSQ
5PUMX,2&3bed Apartment..,170000000.0,"₦ 170,000,000",3.0,4.0,Flat Apartment,(yaba Tech Gra) Jibowu Yaba Lagos,(yaba Tech Gra) Jibowu,Yaba,Lagos,Dollyrealty,Security; Street Lights; Office Supplies,27 Jun 2026,https://www.propertypro.ng/property/3-bedroom-flat-apartment-for-sale-yaba-tech-gra-jibowu-yaba-lagos-5PUMX
9PRVK,4 Bedroom Duplex With A Bq In Magodo Phs1,470000000.0,"₦ 470,000,000",4.0,5.0,House,Magodo Gra Phase 1 Ojodu Lagos,Magodo Gra Phase 1,Ojodu,Lagos,Comfort Home,Cctv Cameras; 24 Hours Security; Drainage System,05 Jun 2026,https://www.propertypro.ng/property/4-bedroom-house-for-sale-magodo-gra-phase-1-ojodu-lagos-9PRVK
8PRVR,"4 Bedroom Duplex With Bq In Alausa, Lkeja",400000000.0,"₦ 400,000,000",4.0,5.0,House,Alausa Ikeja Lagos,Alausa,Ikeja,Lagos,Comfort Home,Cctv Cameras; 24 Hours Security; Drainage System,05 Jun 2026,https://www.propertypro.ng/property/4-bedroom-house-for-sale-alausa-ikeja-lagos-8PRVR
7PSFU,5 Bedroom Detached Duplex With A Room Bq,550000000.0,"₦ 550,000,000",5.0,6.0,House,Gwarinpa Abuja,Gwarinpa,Abuja,Abuja,Lighthouse Property,Big Compound; Parking Space; All Room Ensuit,09 Jun 2026,https://www.propertypro.ng/property/5-bedroom-house-for-sale-gwarinpa-abuja-7PSFU
6NUUL,3 Bedroom Apartment,25000000.0,"₦ 25,000,000",3.0,4.0,House,"Ikumakpayi Street, Off Benin Akure Expressway, Iyowa Asaba Delta","Ikumakpayi Street, Off Benin Akure Expressway, Iyowa",Asaba,Delta,Baker Industries,Big Compound; Drainage System; 24 Hours Electricity,17 Nov 2025,https://www.propertypro.ng/property/3-bedroom-house-for-sale-ikumakpayi-street-off-benin-akure-expressway-iyowa-asaba-delta-6NUUL
6NVYM,Newly Built 5 Bedroom Detached Duplex,600000000.0,"₦ 600,000,000",5.0,,House,Opebi Ikeja Lagos,Opebi,Ikeja,Lagos,Jerman Properties,Boys Quater,28 Nov 2025,https://www.propertypro.ng/property/5-bedroom-house-for-sale-opebi-ikeja-lagos-6NVYM
2NLBT,6 Units Of 3 Bedroom Flat,320000000.0,"₦ 320,000,000",3.0,3.0,House,Ajao Estate Isolo Lagos,Ajao Estate,Isolo,Lagos,DORIWHALLY PROPERTIES,,25 Aug 2025,https://www.propertypro.ng/property/3-bedroom-house-for-sale-ajao-estate-isolo-lagos-2NLBT
7PUDL,Standard Warehouse For Sale In Oshodi Apapa Rd,50000000000.0,"₦ 50,000,000,000",,,Commercial Property,Oshodi Apapa Rd Oshodi Expressway Oshodi Lagos,Oshodi Apapa Rd Oshodi Expressway,Oshodi,Lagos,DORIWHALLY PROPERTIES,,24 Jun 2026,https://www.propertypro.ng/property/commercial-property-for-sale-oshodi-apapa-rd-oshodi-expressway-oshodi-lagos-7PUDL
8NZUD,2 Bedroom Apartment,300000000.0,"₦ 300,000,000",2.0,,House,Oniru Victoria Island Lagos,Oniru Victoria,Island,Lagos,Tugaris Realtor,Only on PropertyPro,14 Jan 2026,https://www.propertypro.ng/property/2-bedroom-house-for-sale-oniru-victoria-island-lagos-8NZUD
2PQPE,3 Bedroom Apartment,150000000.0,"₦ 150,000,000",3.0,4.0,Flat Apartment,Gbagada Lagos,Gbagada,Lagos,Lagos,.,,25 May 2026,https://www.propertypro.ng/property/3-bedroom-flat-apartment-for-sale-gbagada-lagos-2PQPE
8PSCK,3 Bedroom Apartment,85000000.0,"₦ 85,000,000",3.0,4.0,Flat Apartment,Galadimawa Abuja,Galadimawa,Abuja,Abuja,Lighthouse Property,Big Compound; Parking Space; All Room Ensuit,08 Jun 2026,https://www.propertypro.ng/property/3-bedroom-flat-apartment-for-sale-galadimawa-abuja-8PSCK
6PPBD,4 Bedroom Terrace Duplex,150000000.0,"₦ 150,000,000",4.0,4.0,House,Orchid Road Near Coopland 2nd Toll Gate Lekki Lagos,Orchid Road Near Coopland 2nd Toll Gate,Lekki,Lagos,Firmwealth Realtors,,12 May 2026,https://www.propertypro.ng/property/4-bedroom-house-for-sale-orchid-road-near-coopland-2nd-toll-gate-lekki-lagos-6PPBD
2PSBG,2 Bedroom Apartments In Lekki Scheme 2,90000000.0,"₦ 90,000,000",2.0,2.0,Flat Apartment,Lekki Scheme 2 Ajah Lagos,Lekki Scheme 2,Ajah,Lagos,Comfort Home,24 Hours Security; Drainage System; Parking Space,08 Jun 2026,https://www.propertypro.ng/property/2-bedroom-flat-apartment-for-sale-lekki-scheme-2-ajah-lagos-2PSBG
4PSVW,A Contemporary Spacious 2bedroom Flat With Pool,85000000.0,"₦ 85,000,000",2.0,3.0,House,Alagomeji Yaba Lagos,Alagomeji,Yaba,Lagos,.,,14 Jun 2026,https://www.propertypro.ng/property/2-bedroom-house-for-sale-alagomeji-yaba-lagos-4PSVW
0PNWF,2 Bedroom Apartment,250000000.0,"₦ 250,000,000",2.0,2.0,Flat Apartment,Ikate Lekki Lagos,Ikate,Lekki,Lagos,Tigano,Governor's Consent; Cctv Cameras; 24 Hours Security,10 May 2026,https://www.propertypro.ng/property/2-bedroom-flat-apartment-for-sale-ikate-lekki-lagos-0PNWF
0PPBT,Newly Built 2 Story Building,680000000.0,"₦ 680,000,000",2.0,2.0,House,Victory Estate Ago / Amuwo Odofin Palace Road Victoria Island Lagos,Victory Estate Ago / Amuwo Odofin Palace Road Victoria,Island,Lagos,Hyginus Emecheta,,12 May 2026,https://www.propertypro.ng/property/2-bedroom-house-for-sale-victory-estate-ago-amuwo-odofin-palace-road-victoria-island-lagos-0PPBT
9PSCK,3 Bedroom Apartment,85000000.0,"₦ 85,000,000",3.0,4.0,Flat Apartment,Galadimawa Abuja,Galadimawa,Abuja,Abuja,Lighthouse Property,Big Compound; Parking Space; All Room Ensuit,08 Jun 2026,https://www.propertypro.ng/property/3-bedroom-flat-apartment-for-sale-galadimawa-abuja-9PSCK
9PCNL,5bed Detached+bq..,5000000000.0,"₦ 5,000,000,000",5.0,6.0,House,Banana Island Ikoyi Lagos,Banana Island,Ikoyi,Lagos,Dollyrealty,Only on PropertyPro,08 Feb 2026,https://www.propertypro.ng/property/5-bedroom-house-for-sale-banana-island-ikoyi-lagos-9PCNL
7NMGW,Newly Built 3 Bedroom Flat,80000000.0,"₦ 80,000,000",3.0,3.0,House,Masha Surulere Lagos,Masha,Surulere,Lagos,Barbsconsult,Big Compound; All Room Ensuit; C Of O,04 Sep 2025,https://www.propertypro.ng/property/3-bedroom-house-for-sale-masha-surulere-lagos-7NMGW
7PRTP,Newly Storey Building For Sale,170000000.0,"₦ 170,000,000",3.0,3.0,House,Location...aromire Street Off Lyala Street By Oliyide Street Mushin Road Mushin Mushin Lagos,Location...aromire Street Off Lyala Street By Oliyide Street Mushin Road Mushin,Mushin,Lagos,Hyginus Emecheta,Big Compound; 24 Hours Security; Parking Space,04 Jun 2026,https://www.propertypro.ng/property/3-bedroom-house-for-sale-locationaromire-street-off-lyala-street-by-oliyide-street-mushin-road-mushin-mushin-lagos-7PRTP
9PJGH,3 Bedroom Terrace Duplex,95000000.0,"₦ 95,000,000",3.0,3.0,House,By General Paint Olokonla Ajah Lagos,By General Paint Olokonla,Ajah,Lagos,Overhplus Properties,Governor's Consent; 24 Hours Security; Drainage System,30 Mar 2026,https://www.propertypro.ng/property/3-bedroom-house-for-sale-by-general-paint-olokonla-ajah-lagos-9PJGH
2PQSU,5 Bedroom Detached Duplex With Bq,380000000.0,"₦ 380,000,000",5.0,6.0,House,Lokogoma Abuja,Lokogoma,Abuja,Abuja,Lighthouse Property,Parking Space; All Room Ensuit; Mosques Nearby,26 May 2026,https://www.propertypro.ng/property/5-bedroom-house-for-sale-lokogoma-abuja-2PQSU
4PQNX,Spacious One Bedroom Flat,60000000.0,"₦ 60,000,000",1.0,2.0,Flat Apartment,Off Pedro Road Gbagada Phase 1 Gbagada Lagos,Off Pedro Road Gbagada Phase 1,Gbagada,Lagos,.,Big Compound; Parking Space; Pop Ceiling,25 May 2026,https://www.propertypro.ng/property/1-bedroom-flat-apartment-for-sale-off-pedro-road-gbagada-phase-1-gbagada-lagos-4PQNX
1PSFX,4 Bedroom Terrace Duplex With A Room Bq,380000000.0,"₦ 380,000,000",4.0,5.0,House,Jahi Abuja,Jahi,Abuja,Abuja,Lighthouse Property,Big Compound; Parking Space; Mosques Nearby,09 Jun 2026,https://www.propertypro.ng/property/4-bedroom-house-for-sale-jahi-abuja-1PSFX
0NMGW,Newly Built 3 Bedroom Flat,80000000.0,"₦ 80,000,000",3.0,3.0,House,Sabo Yaba Lagos,Sabo,Yaba,Lagos,Barbsconsult,All Room Ensuit; C Of O,04 Sep 2025,https://www.propertypro.ng/property/3-bedroom-house-for-sale-sabo-yaba-lagos-0NMGW
2PJPC,Newly Built 3 Bedroom Flat With Bq,160000000.0,"₦ 160,000,000",3.0,4.0,Flat Apartment,Alagomeji Yaba Lagos,Alagomeji,Yaba,Lagos,Barbsconsult homes,,01 Apr 2026,https://www.propertypro.ng/property/3-bedroom-flat-apartment-for-sale-alagomeji-yaba-lagos-2PJPC
7NVYL,Newly Built 4 Bedroom Terraced Duplex,450000000.0,"₦ 450,000,000",4.0,,House,Opebi Ikeja Lagos,Opebi,Ikeja,Lagos,Jerman Properties,,28 Nov 2025,https://www.propertypro.ng/property/4-bedroom-house-for-sale-opebi-ikeja-lagos-7NVYL
0PNSE,"1 Bedroom Apartment With Elevator, Pool, Gym",210000000.0,"₦ 210,000,000",1.0,1.0,Flat Apartment,Ikate Lekki Lagos,Ikate,Lekki,Lagos,Tigano,Governor's Consent; Cctv Cameras; 24 Hours Security,08 May 2026,https://www.propertypro.ng/property/1-bedroom-flat-apartment-for-sale-ikate-lekki-lagos-0PNSE
4PPBJ,Automated 5 Bedroom Fully Detached Duplex With Bq,370000000.0,"₦ 370,000,000",5.0,5.0,House,Chevron Estate Lekki Lagos,Chevron Estate,Lekki,Lagos,Hyginus Emecheta,,12 May 2026,https://www.propertypro.ng/property/5-bedroom-house-for-sale-chevron-estate-lekki-lagos-4PPBJ
2PQSD,Primed 840sqm Residential Plot,630000000.0,"₦ 630,000,000",,,Land,Carlton Gate Estate Chevron Lekki Lagos,Carlton Gate Estate Chevron,Lekki,Lagos,Innerowrkings investments,Only on PropertyPro,26 May 2026,https://www.propertypro.ng/property/land-for-sale-carlton-gate-estate-chevron-lekki-lagos-2PQSD
1PDKX,5 Bedroom Semi Detached Duplex,1300000000.0,"₦ 1,300,000,000",5.0,,House,Parkview Estate Ikoyi Lagos,Parkview Estate,Ikoyi,Lagos,Cruzi Global,,16 Feb 2026,https://www.propertypro.ng/property/5-bedroom-house-for-sale-parkview-estate-ikoyi-lagos-1PDKX
4PNSK,Land Measuring 250sqm,5000000.0,"₦ 5,000,000",2.0,2.0,Land,Kuje Abuja,Kuje,Abuja,Abuja,TJ Proactive,,09 May 2026,https://www.propertypro.ng/property/2-bedroom-land-for-sale-kuje-abuja-4PNSK
4PTEG,Luxury 4 Bedroom Apartment With Bq,800000000.0,"₦ 800,000,000",4.0,4.0,Flat Apartment,Ikoyi Lagos,Ikoyi,Lagos,Lagos,Overhplus Properties,Jacuzzi; Governor's Consent; Cctv Cameras,16 Jun 2026,https://www.propertypro.ng/property/4-bedroom-flat-apartment-for-sale-ikoyi-lagos-4PTEG
6PPBP,7 Bedroom Duplex With Block Of Flat,40000000000.0,"₦ 40,000,000,000",7.0,7.0,Flat Apartment,Abai Road Banana Island Ikoyi Lagos,Abai Road Banana Island,Ikoyi,Lagos,Hyginus Emecheta,,12 May 2026,https://www.propertypro.ng/property/7-bedroom-flat-apartment-for-sale-abai-road-banana-island-ikoyi-lagos-6PPBP
0NKDX,One Acre Of Land,1000000000.0,"₦ 1,000,000,000",,,Land,International Airport Rd Ikeja Lagos Mainland Airport Road(ikeja) Ikeja Lagos,International Airport Rd Ikeja Lagos Mainland Airport Road(ikeja),Ikeja,Lagos,DORIWHALLY PROPERTIES,,17 Aug 2025,https://www.propertypro.ng/property/land-for-sale-international-airport-rd-ikeja-lagos-mainland-airport-roadikeja-ikeja-lagos-0NKDX
0NUUQ,3 Bedroom Apartment,25000000.0,"₦ 25,000,000",3.0,4.0,House,"Ikumakpayi Street, Off Benin Akure Expressway, Iyowa Asaba Delta","Ikumakpayi Street, Off Benin Akure Expressway, Iyowa",Asaba,Delta,Baker Industries,Big Compound; Drainage System; C Of O,17 Nov 2025,https://www.propertypro.ng/property/3-bedroom-house-for-sale-ikumakpayi-street-off-benin-akure-expressway-iyowa-asaba-delta-0NUUQ
4PQPH,Lovely 3 Bedroom Apartment + Bq,150000000.0,"₦ 150,000,000",3.0,4.0,House,Akoka Yaba Lagos,Akoka,Yaba,Lagos,.,,25 May 2026,https://www.propertypro.ng/property/3-bedroom-house-for-sale-akoka-yaba-lagos-4PQPH
1PPCX,Multi Purpose Land,2500000000.0,"₦ 2,500,000,000",,,Land,Idu Industrial (institution And Research) Idu Abuja,Idu Industrial (institution And Research),Idu,Abuja,TJ Proactive,,12 May 2026,https://www.propertypro.ng/property/land-for-sale-idu-industrial-institution-and-research-idu-abuja-1PPCX
6PUQE,4 Bedroom Terrace Duplex,160000000.0,"₦ 160,000,000",4.0,4.0,House,Orchid Lekki Lagos,Orchid,Lekki,Lagos,ABIMBOLA DADA,,28 Jun 2026,https://www.propertypro.ng/property/4-bedroom-house-for-sale-orchid-lekki-lagos-6PUQE
6PDKL,4bed Massionette+bq..,800000000.0,"₦ 800,000,000",4.0,5.0,House,Shonibare Estate Maryland Lagos,Shonibare Estate,Maryland,Lagos,Dollyrealty,Newly Built; Serviced; Only on PropertyPro,16 Feb 2026,https://www.propertypro.ng/property/4-bedroom-house-for-sale-shonibare-estate-maryland-lagos-6PDKL
9PPBF,679sqm Dry Land,35000000.0,"₦ 35,000,000",,,Land,Lakowe Ajah Lagos,Lakowe,Ajah,Lagos,Firmwealth Realtors,,12 May 2026,https://www.propertypro.ng/property/land-for-sale-lakowe-ajah-lagos-9PPBF
0NMNX,3 Bedroom Flat,150000000.0,"₦ 150,000,000",3.0,3.0,House,Akoka Yaba Lagos,Akoka,Yaba,Lagos,Barbsconsult,All Room Ensuit; Boys Quater; C Of O,07 Sep 2025,https://www.propertypro.ng/property/3-bedroom-house-for-sale-akoka-yaba-lagos-0NMNX
0NLJG,Newly Built 3 Bedroom Flat,110000000.0,"₦ 110,000,000",3.0,3.0,House,Masha Surulere Lagos,Masha,Surulere,Lagos,Barbsconsult,C Of O,27 Aug 2025,https://www.propertypro.ng/property/3-bedroom-house-for-sale-masha-surulere-lagos-0NLJG
4PSJA,4 Bedroom Terrace With Bq,750000000.0,"₦ 750,000,000",4.0,4.0,House,Wuse 2 Wuse 2 Abuja,Wuse 2 Wuse,2,Abuja,EP Real,,10 Jun 2026,https://www.propertypro.ng/property/4-bedroom-house-for-sale-wuse-2-wuse-2-abuja-4PSJA
6PNWF,3 Bedroom Apartment,400000000.0,"₦ 400,000,000",3.0,3.0,Flat Apartment,Ikate Lekki Lagos,Ikate,Lekki,Lagos,Tigano,Governor's Consent; Cctv Cameras; 24 Hours Security,10 May 2026,https://www.propertypro.ng/property/3-bedroom-flat-apartment-for-sale-ikate-lekki-lagos-6PNWF
7PCZH,Massive Commercial 5 Bedroom Terraced Duplex,160000000.0,"₦ 160,000,000",5.0,5.0,House,Ologolo Lekki Lagos,Ologolo,Lekki,Lagos,Cruzi Global,,12 Feb 2026,https://www.propertypro.ng/property/5-bedroom-house-for-sale-ologolo-lekki-lagos-7PCZH
3NQEG,3 Bedroom Flat,160000000.0,"₦ 160,000,000",3.0,4.0,House,Allen Avenue Ikeja Lagos,Allen Avenue,Ikeja,Lagos,.,,02 Oct 2025,https://www.propertypro.ng/property/3-bedroom-house-for-sale-allen-avenue-ikeja-lagos-3NQEG
9PNSC,"2 Bedroom Apartments With Pool, Elevator, Gym Etc",240000000.0,"₦ 240,000,000",2.0,2.0,Flat Apartment,Ikate Lekki Lagos,Ikate,Lekki,Lagos,Tigano,Governor's Consent; Cctv Cameras; 24 Hours Security,08 May 2026,https://www.propertypro.ng/property/2-bedroom-flat-apartment-for-sale-ikate-lekki-lagos-9PNSC
0PQMH,730sqm Land With Duplex Structure,2000000000.0,"₦ 2,000,000,000",,,Land,Parkview Estate Ikoyi Lagos,Parkview Estate,Ikoyi,Lagos,Pearlfield Concepts,,24 May 2026,https://www.propertypro.ng/property/land-for-sale-parkview-estate-ikoyi-lagos-0PQMH
4PJUF,Luxury 2 Bedroom A[artment Plus Bq,140000000.0,"₦ 140,000,000",2.0,2.0,Flat Apartment,Ologolo Lekki Lagos,Ologolo,Lekki,Lagos,Cruzi Global,Big Compound; Cctv Cameras; 24 Hours Security,03 Apr 2026,https://www.propertypro.ng/property/2-bedroom-flat-apartment-for-sale-ologolo-lekki-lagos-4PJUF
5PRRR,5 Bedroom Detached Duplex With Bq,1600000000.0,"₦ 1,600,000,000",5.0,6.0,House,Guzape Abuja,Guzape,Abuja,Abuja,Lighthouse Property,Big Compound; Parking Space; All Room Ensuit,04 Jun 2026,https://www.propertypro.ng/property/5-bedroom-house-for-sale-guzape-abuja-5PRRR
8PJGS,4bed Apartment+bq,500000000.0,"₦ 500,000,000",4.0,5.0,Flat / Apartment,Ikeja Gra Ikeja Lagos,Ikeja Gra,Ikeja,Lagos,Dollyrealty,Newly Built; Serviced; Only on PropertyPro,30 Mar 2026,https://www.propertypro.ng/property/4-bedroom-flat-apartment-for-sale-ikeja-gra-ikeja-lagos-8PJGS
5PRYD,Fully Furnished And Serviced 2bed In Ilasan Ikate,230000000.0,"₦ 230,000,000",2.0,3.0,Flat Apartment,Ikate Lekki Lagos,Ikate,Lekki,Lagos,Milebrook,Boys Quater,06 Jun 2026,https://www.propertypro.ng/property/2-bedroom-flat-apartment-for-sale-ikate-lekki-lagos-5PRYD
7PTJB,"5 Bedroom Fully Detached Duplex With Bq, Pool Etc.",600000000.0,"₦ 600,000,000",5.0,5.0,House,Osapa London Lekki Lagos,Osapa London,Lekki,Lagos,Tigano,Jacuzzi; Governor's Consent; Cctv Cameras,17 Jun 2026,https://www.propertypro.ng/property/5-bedroom-house-for-sale-osapa-london-lekki-lagos-7PTJB
2PMJF,4 Bedroom Semi Detached Duplex,165000000.0,"₦ 165,000,000",4.0,5.0,House,Opebi Ikeja Lagos,Opebi,Ikeja,Lagos,Barbsconsult homes,,27 Apr 2026,https://www.propertypro.ng/property/4-bedroom-house-for-sale-opebi-ikeja-lagos-2PMJF
6PRRQ,Semi Detached Duplex With A Room Bq,650000000.0,"₦ 650,000,000",4.0,5.0,House,Wuse 1 Abuja,Wuse,1,Abuja,Lighthouse Property,Big Compound; Parking Space; All Room Ensuit,04 Jun 2026,https://www.propertypro.ng/property/4-bedroom-house-for-sale-wuse-1-abuja-6PRRQ
5PRTQ,Wuye Plots For Sale,2100000000.0,"₦ 2,100,000,000",,,Commercial Property,Location...wuye Central Business District Abuja World Trade Centre Central Business District Abuja,Location...wuye Central Business District Abuja World Trade Centre Central Business,District,Abuja,Hyginus Emecheta,Cctv Cameras; 24 Hours Security; Free Wifi,04 Jun 2026,https://www.propertypro.ng/property/commercial-property-for-sale-locationwuye-central-business-district-abuja-world-trade-centre-central-business-district-abuja-5PRTQ
8PNSK,5 Bedroom Detached Duplex,305000000.0,"₦ 305,000,000",5.0,5.0,House,Life Camp Abuja,Life,Camp,Abuja,TJ Proactive,,09 May 2026,https://www.propertypro.ng/property/5-bedroom-house-for-sale-life-camp-abuja-8PNSK
6PPDE,Land,2500000000.0,"₦ 2,500,000,000",,,Land,Idu Industrial (institution And Research) Abuja,Idu Industrial (institution And,Research),Abuja,TJ Proactive,,13 May 2026,https://www.propertypro.ng/property/land-for-sale-idu-industrial-institution-and-research-abuja-6PPDE
5PRVN,"4 Bedroom Terrace Duplex With Bq In Oregun , Lkeja",300000000.0,"₦ 300,000,000",4.0,5.0,House,Oregun Ikeja Lagos,Oregun,Ikeja,Lagos,Comfort Home,Jacuzzi; Cctv Cameras; 24 Hours Security,05 Jun 2026,https://www.propertypro.ng/property/4-bedroom-house-for-sale-oregun-ikeja-lagos-5PRVN
1PDLF,5 Bedroom Fully Detached Duplex With Bq,900000000.0,"₦ 900,000,000",5.0,,House,Chevron Lekki Lagos,Chevron,Lekki,Lagos,Tugaris Realtor,Only on PropertyPro,16 Feb 2026,https://www.propertypro.ng/property/5-bedroom-house-for-sale-chevron-lekki-lagos-1PDLF
7NTGP,0ffice Spaces,3000000.0,"₦ 3,000,000",,,Commercial Property,"2nd Avenue, Gwarinpa Estate Gwarinpa Abuja","2nd Avenue, Gwarinpa Estate",Gwarinpa,Abuja,Baker Industries,,31 Oct 2025,https://www.propertypro.ng/property/commercial-property-for-sale-2nd-avenue-gwarinpa-estate-gwarinpa-abuja-7NTGP
9PRZQ,A Newly Built Very Standard 3bedroom Flat,140000000.0,"₦ 140,000,000",3.0,4.0,House,Magodo Kosofe Ikosi Lagos,Magodo Kosofe,Ikosi,Lagos,.,,07 Jun 2026,https://www.propertypro.ng/property/3-bedroom-house-for-sale-magodo-kosofe-ikosi-lagos-9PRZQ
8PQTP,Buildable 1200sqm Land Size,180000000.0,"₦ 180,000,000",,,Land,Maitama Extension Mpape Abuja,Maitama Extension,Mpape,Abuja,-,,26 May 2026,https://www.propertypro.ng/property/land-for-sale-maitama-extension-mpape-abuja-8PQTP
9PTMH,477sqm Of Land At Ketu Fenced With Gate,95000000.0,"₦ 95,000,000",,,Land,Ketu Lagos,Ketu,Lagos,Lagos,ET CETERA,Survey,19 Jun 2026,https://www.propertypro.ng/property/land-for-sale-ketu-lagos-9PTMH
5PTKF,10 Plots Of Land Facing The Monastery Road Sangotedo,1800000000.0,"₦ 1,800,000,000",,,Land,Sangotedo Ajah Lagos,Sangotedo,Ajah,Lagos,ET CETERA,,18 Jun 2026,https://www.propertypro.ng/property/land-for-sale-sangotedo-ajah-lagos-5PTKF
4PTLC,6 Bedroom Fully Detached Duplex,1000000000.0,"₦ 1,000,000,000",6.0,6.0,House,Royal Garden Estate Ajah Lagos,Royal Garden Estate,Ajah,Lagos,Bolanle,,18 Jun 2026,https://www.propertypro.ng/property/6-bedroom-house-for-sale-royal-garden-estate-ajah-lagos-4PTLC
0NYBN,Newly Built 5 Bedroom Fully Detached Duplex,330000000.0,"₦ 330,000,000",5.0,,House,New Oko Oba Agege Lagos,New Oko Oba,Agege,Lagos,Jerman Properties,,22 Dec 2025,https://www.propertypro.ng/property/5-bedroom-house-for-sale-new-oko-oba-agege-lagos-0NYBN
3PPYT,Luxury 5 Bedroom Semi Detached Duplex With Bq,550000000.0,"₦ 550,000,000",5.0,5.0,House,Ikota Lekki Lagos,Ikota,Lekki,Lagos,Real Gates,Jacuzzi; Cctv Cameras; 24 Hours Security,20 May 2026,https://www.propertypro.ng/property/5-bedroom-house-for-sale-ikota-lekki-lagos-3PPYT
1PRGM,Newly Built 3 Bedroom Flat,140000000.0,"₦ 140,000,000",3.0,3.0,House,Off Cmd Rd Kosofe Ikosi Lagos,Off Cmd Rd Kosofe,Ikosi,Lagos,Barbsconsult,Parking Space; All Room Ensuit; Security,01 Jun 2026,https://www.propertypro.ng/property/3-bedroom-house-for-sale-off-cmd-rd-kosofe-ikosi-lagos-1PRGM
9PSFP,5 Bedroom Fully Detached Duplex,3500000000.0,"₦ 3,500,000,000",5.0,5.0,House,Ikoyi Lagos,Ikoyi,Lagos,Lagos,Bolanle,,09 Jun 2026,https://www.propertypro.ng/property/5-bedroom-house-for-sale-ikoyi-lagos-9PSFP
9PESY,Land Measuring 500sqm,25000000.0,"₦ 25,000,000",,,Land,"Along Igbe Road, Ijede Ikorodu Lagos","Along Igbe Road, Ijede",Ikorodu,Lagos,Baker Industries,,26 Feb 2026,https://www.propertypro.ng/property/land-for-sale-along-igbe-road-ijede-ikorodu-lagos-9PESY
4PTLR,Stnandard 8 Plots Of Land [4100sqm] For Sale,9500000000.0,"₦ 9,500,000,000",,,Land,Isaac John Street Ikeja Lagos,Isaac John Street,Ikeja,Lagos,Hyginus Emecheta,24 Hours Security; Survey; Street Lights,18 Jun 2026,https://www.propertypro.ng/property/land-for-sale-isaac-john-street-ikeja-lagos-4PTLR
0PRVM,3 Bedroom Apartments With A Bq &pool In Lkeja Gra,450000000.0,"₦ 450,000,000",3.0,4.0,House,Ikeja Gra Ikeja Lagos,Ikeja Gra,Ikeja,Lagos,Comfort Home,Cctv Cameras; 24 Hours Security; Drainage System,05 Jun 2026,https://www.propertypro.ng/property/3-bedroom-house-for-sale-ikeja-gra-ikeja-lagos-0PRVM
6PSJB,4 Bedroom Terrace With Bq,280000000.0,"₦ 280,000,000",4.0,4.0,House,Life Camp Life Camp Abuja,Life Camp Life,Camp,Abuja,EP Real,,10 Jun 2026,https://www.propertypro.ng/property/4-bedroom-house-for-sale-life-camp-life-camp-abuja-6PSJB
3PSHL,4 Bedroom Terrace Duplex With Bq,155000000.0,"₦ 155,000,000",4.0,4.0,House,Osapa London Lekki Lagos,Osapa London,Lekki,Lagos,Bolanle,,10 Jun 2026,https://www.propertypro.ng/property/4-bedroom-house-for-sale-osapa-london-lekki-lagos-3PSHL
5PPFN,5 Bedroom Terrace Duplex,600000000.0,"₦ 600,000,000",5.0,5.0,House,Off Admiralty Way Lekki Phase 1 Lekki Lagos,Off Admiralty Way Lekki Phase 1,Lekki,Lagos,Overhplus Properties,,13 May 2026,https://www.propertypro.ng/property/5-bedroom-house-for-sale-off-admiralty-way-lekki-phase-1-lekki-lagos-5PPFN
7PSHZ,2 Bedroom Apartment,150000000.0,"₦ 150,000,000",2.0,2.0,House,Mabushi Mabushi Abuja,Mabushi,Mabushi,Abuja,EP Real,,10 Jun 2026,https://www.propertypro.ng/property/2-bedroom-house-for-sale-mabushi-mabushi-abuja-7PSHZ
3PSYT,A Gigantic Spacious 3bed Detached Duplex,170000000.0,"₦ 170,000,000",3.0,4.0,House,Opebi Ikeja Lagos,Opebi,Ikeja,Lagos,.,,15 Jun 2026,https://www.propertypro.ng/property/3-bedroom-house-for-sale-opebi-ikeja-lagos-3PSYT
7PNGH,4 Bedroom Terrace Duplex With Bq,100000000.0,"₦ 100,000,000",4.0,4.0,House,Life Camp Abuja,Life,Camp,Abuja,TJ Proactive,,06 May 2026,https://www.propertypro.ng/property/4-bedroom-house-for-sale-life-camp-abuja-7PNGH
9PSHS,5 Bedroom Detached,240000000.0,"₦ 240,000,000",5.0,5.0,House,Gwarimpa Gwarinpa Abuja,Gwarimpa,Gwarinpa,Abuja,EP Real,,10 Jun 2026,https://www.propertypro.ng/property/5-bedroom-house-for-sale-gwarimpa-gwarinpa-abuja-9PSHS
6PPNH,5 Bedroom Fully Detached Duplex,325000000.0,"₦ 325,000,000",5.0,5.0,House,Sangotedo Ajah Lagos,Sangotedo,Ajah,Lagos,John Boris,Only on PropertyPro,15 May 2026,https://www.propertypro.ng/property/5-bedroom-house-for-sale-sangotedo-ajah-lagos-6PPNH
5PPBM,4 Units Of 3 Bedroom Flat,150000000.0,"₦ 150,000,000",3.0,3.0,Flat Apartment,Oshogun Egbeda Alimosho Lagos,Oshogun Egbeda,Alimosho,Lagos,Hyginus Emecheta,,12 May 2026,https://www.propertypro.ng/property/3-bedroom-flat-apartment-for-sale-oshogun-egbeda-alimosho-lagos-5PPBM
2NQHL,4 Bedroom Semi Detached Duplex With Bq,260000000.0,"₦ 260,000,000",5.0,6.0,House,Orchid Lekki Lagos,Orchid,Lekki,Lagos,.,,03 Oct 2025,https://www.propertypro.ng/property/5-bedroom-house-for-sale-orchid-lekki-lagos-2NQHL
9PDAN,Massive 5 Bedroom Fully Detached Duplex,1200000000.0,"₦ 1,200,000,000",5.0,5.0,House,Nicon Town Lekki Lagos,Nicon Town,Lekki,Lagos,Cruzi Global,,12 Feb 2026,https://www.propertypro.ng/property/5-bedroom-house-for-sale-nicon-town-lekki-lagos-9PDAN
3NYBU,Newly Built 4 Bedroom Detached Duplex,480000000.0,"₦ 480,000,000",4.0,,House,Adeniyi Jones Ikeja Lagos,Adeniyi Jones,Ikeja,Lagos,Jerman Properties,,22 Dec 2025,https://www.propertypro.ng/property/4-bedroom-house-for-sale-adeniyi-jones-ikeja-lagos-3NYBU
3PNWG,"3 Bedroom Apartment With Bq ,elevator.",350000000.0,"₦ 350,000,000",3.0,3.0,Flat Apartment,Ikate Lekki Lagos,Ikate,Lekki,Lagos,Tigano,Governor's Consent; Cctv Cameras; 24 Hours Security,10 May 2026,https://www.propertypro.ng/property/3-bedroom-flat-apartment-for-sale-ikate-lekki-lagos-3PNWG
4PDAM,Massive 5 Bedroom Detached Duplex,1100000000.0,"₦ 1,100,000,000",5.0,5.0,House,Nicon Town Lekki Lagos,Nicon Town,Lekki,Lagos,Cruzi Global,,12 Feb 2026,https://www.propertypro.ng/property/5-bedroom-house-for-sale-nicon-town-lekki-lagos-4PDAM
7PPFP,3 Bedroom Apartment With Pool,750000000.0,"₦ 750,000,000",3.0,3.0,Flat Apartment,Off Adeola Odeku Adeola Odeku Victoria Island Lagos,Off Adeola Odeku Adeola Odeku Victoria,Island,Lagos,Overhplus Properties,,13 May 2026,https://www.propertypro.ng/property/3-bedroom-flat-apartment-for-sale-off-adeola-odeku-adeola-odeku-victoria-island-lagos-7PPFP
4PNZX,5 Bedroom Duplex,550000000.0,"₦ 550,000,000",5.0,5.0,House,Lekki Conservation Centre Lekki Lagos,Lekki Conservation Centre,Lekki,Lagos,Tigano,,11 May 2026,https://www.propertypro.ng/property/5-bedroom-house-for-sale-lekki-conservation-centre-lekki-lagos-4PNZX
0PTDC,11 Nos Mini Flat On Full Plot In Ejigbo For Sale,55000000.0,"₦ 55,000,000",1.0,1.0,Flat Apartment,Ejigbo Lagos Mainland Orilowo Ejigbo Lagos,Ejigbo Lagos Mainland Orilowo,Ejigbo,Lagos,DORIWHALLY PROPERTIES,,16 Jun 2026,https://www.propertypro.ng/property/1-bedroom-flat-apartment-for-sale-ejigbo-lagos-mainland-orilowo-ejigbo-lagos-0PTDC
5NGJM,5 Bedroom Detached Duplex In Isolo Ajao Estate,350000000.0,"₦ 350,000,000",5.0,5.0,House,Ajao Estate Isolo Lagos,Ajao Estate,Isolo,Lagos,DORIWHALLY PROPERTIES,,21 Jul 2025,https://www.propertypro.ng/property/5-bedroom-house-for-sale-ajao-estate-isolo-lagos-5NGJM
8PSGP,Contemporary 4 Bedroom Terrace Duplex With Bq,175000000.0,"₦ 175,000,000",4.0,4.0,House,Ologolo Lekki Lagos,Ologolo,Lekki,Lagos,Overhplus Properties,Governor's Consent; 24 Hours Security; Office Supplies,09 Jun 2026,https://www.propertypro.ng/property/4-bedroom-house-for-sale-ologolo-lekki-lagos-8PSGP
9PNDY,Newly Built 5 Bedroom Terrace Duplex With Bq,650000000.0,"₦ 650,000,000",5.0,5.0,House,Lekki Phase 1 Lekki Lagos,Lekki Phase 1,Lekki,Lagos,Sanrealtor,Only on PropertyPro,05 May 2026,https://www.propertypro.ng/property/5-bedroom-house-for-sale-lekki-phase-1-lekki-lagos-9PNDY
6PRVQ,3 Bedroom Apartments / Maisonettes With A Bq Inyaba,225000000.0,"₦ 225,000,000",3.0,4.0,House,Yaba Akoka Yaba Lagos,Yaba Akoka,Yaba,Lagos,Comfort Home,Cctv Cameras; 24 Hours Security; Drainage System,05 Jun 2026,https://www.propertypro.ng/property/3-bedroom-house-for-sale-yaba-akoka-yaba-lagos-6PRVQ
9PSBC,3 Bedroom Terrace Duplex In Gbagada,230000000.0,"₦ 230,000,000",3.0,3.0,House,Gbagada Phase 2 Gbagada Lagos,Gbagada Phase 2,Gbagada,Lagos,Comfort Home,24 Hours Security; Drainage System; Parking Space,08 Jun 2026,https://www.propertypro.ng/property/3-bedroom-house-for-sale-gbagada-phase-2-gbagada-lagos-9PSBC
1PSBE,"4 Bedroom Duplex With Bq In Oko Oba Gra, Agege",550000000.0,"₦ 550,000,000",4.0,5.0,House,Oko Oba Agege Lagos,Oko Oba,Agege,Lagos,Comfort Home,Cctv Cameras; 24 Hours Security; Drainage System,08 Jun 2026,https://www.propertypro.ng/property/4-bedroom-house-for-sale-oko-oba-agege-lagos-1PSBE
9PSBH,"5 Bedroom Duplex With Bq & Pool In Thomas Estate, Ajah",230000000.0,"₦ 230,000,000",5.0,6.0,House,Thomas Estate Thomas Estate Ajah Lagos,Thomas Estate Thomas Estate,Ajah,Lagos,Comfort Home,Governor's Consent; Cctv Cameras; 24 Hours Security,08 Jun 2026,https://www.propertypro.ng/property/5-bedroom-house-for-sale-thomas-estate-thomas-estate-ajah-lagos-9PSBH
3PSJB,5 Bedroom Detached Duplex With Bq,680000000.0,"₦ 680,000,000",5.0,5.0,House,Mabushi Mabushi Abuja,Mabushi,Mabushi,Abuja,EP Real,,10 Jun 2026,https://www.propertypro.ng/property/5-bedroom-house-for-sale-mabushi-mabushi-abuja-3PSJB
0PRYG,Fully Furnished And Serviced 2bed In Ilasan Ikate,170000000.0,"₦ 170,000,000",2.0,2.0,Flat Apartment,Ilasan Ikate Lekki Lagos Ikate Lekki Lagos,Ilasan Ikate Lekki Lagos Ikate,Lekki,Lagos,Milebrook,Boys Quater,06 Jun 2026,https://www.propertypro.ng/property/2-bedroom-flat-apartment-for-sale-ilasan-ikate-lekki-lagos-ikate-lekki-lagos-0PRYG
9PSAU,"Executive, Smart High Standard 3 Bedroom Flat",140000000.0,"₦ 140,000,000",3.0,3.0,House,Off Cmd Rd Magodo Cmd Road Kosofe Ikosi Lagos,Off Cmd Rd Magodo Cmd Road Kosofe,Ikosi,Lagos,Barbsconsult,,08 Jun 2026,https://www.propertypro.ng/property/3-bedroom-house-for-sale-off-cmd-rd-magodo-cmd-road-kosofe-ikosi-lagos-9PSAU
5PPDD,5 Bedroom Fully Detached Duplex With Bq,480000000.0,"₦ 480,000,000",5.0,5.0,House,Lekki Conservation Centre Lekki Lagos,Lekki Conservation Centre,Lekki,Lagos,Tigano,,12 May 2026,https://www.propertypro.ng/property/5-bedroom-house-for-sale-lekki-conservation-centre-lekki-lagos-5PPDD
6MLNX,Serviced Plot Of Land With C Of O,60000000.0,"₦ 60,000,000",,,Land,The Milton Estate Awoyaya Ajah Lagos,The Milton Estate Awoyaya,Ajah,Lagos,Real Gates,,22 Apr 2026,https://www.propertypro.ng/property/land-for-sale-the-milton-estate-awoyaya-ajah-lagos-6MLNX
1PHKA,703 Sqm Of Dry Land,750000000.0,"₦ 750,000,000",10.0,10.0,Land,"Amore Street Freedom, Freedom Way Lekki Lagos","Amore Street Freedom, Freedom Way",Lekki,Lagos,PCL HOMES,Newly Built; Serviced; Only on PropertyPro,21 Mar 2026,https://www.propertypro.ng/property/10-bedroom-land-for-sale-amore-street-freedom-freedom-way-lekki-lagos-1PHKA
6PEKV,Land,30000000.0,"₦ 30,000,000",,,Land,Dangote Refinery Eleko Ibeju Lekki Lagos,Dangote Refinery Eleko Ibeju,Lekki,Lagos,Baker Industries,Drainage System; Security; C Of O,24 Feb 2026,https://www.propertypro.ng/property/land-for-sale-dangote-refinery-eleko-ibeju-lekki-lagos-6PEKV
6PRVM,"Exquisite, Standard Newly Built 2 Bedroom Flat",80000000.0,"₦ 80,000,000",2.0,2.0,House,Off Herbert Maculay Onike Yaba Lagos,Off Herbert Maculay Onike,Yaba,Lagos,Barbsconsult,Governor's Consent; Cctv Cameras; 24 Hours Security,05 Jun 2026,https://www.propertypro.ng/property/2-bedroom-house-for-sale-off-herbert-maculay-onike-yaba-lagos-6PRVM
3PRXV,Units Of Luxury 3 Bedroom Apartments,3700000000.0,"₦ 3,700,000,000",3.0,3.0,Flat Apartment,Lekki Phase 1 Lekki Lagos,Lekki Phase 1,Lekki,Lagos,Real Gates,,06 Jun 2026,https://www.propertypro.ng/property/3-bedroom-flat-apartment-for-sale-lekki-phase-1-lekki-lagos-3PRXV
8PPEP,Commercial Building,3000000000.0,"₦ 3,000,000,000",,,Commercial Property,Lekki Phase 1 Lekki Lagos,Lekki Phase 1,Lekki,Lagos,Real Gates,,13 May 2026,https://www.propertypro.ng/property/commercial-property-for-sale-lekki-phase-1-lekki-lagos-8PPEP
1PKMV,Luxurious 4bedroom Maisonette Duplex,950000000.0,"₦ 950,000,000",4.0,4.0,House,Victoria Island Lagos,Victoria,Island,Lagos,Cruzi Global,,10 Apr 2026,https://www.propertypro.ng/property/4-bedroom-house-for-sale-victoria-island-lagos-1PKMV
1PSDU,New 5bed Terrace Duplex In Parkview Ikoyi,1500000000.0,"₦ 1,500,000,000",5.0,5.0,House,Parkview Estate Ikoyi Parkview Estate Ikoyi Lagos,Parkview Estate Ikoyi Parkview Estate,Ikoyi,Lagos,Milebrook,Big Compound; Boys Quater; Swimming Pool,08 Jun 2026,https://www.propertypro.ng/property/5-bedroom-house-for-sale-parkview-estate-ikoyi-parkview-estate-ikoyi-lagos-1PSDU
1NYBF,2 Bedroom With A Bq Apartment,180000000.0,"₦ 180,000,000",2.0,,Flat Apartment,Off Awolowo Way Ikeja Lagos,Off Awolowo Way,Ikeja,Lagos,Jerman Properties,,22 Dec 2025,https://www.propertypro.ng/property/2-bedroom-flat-apartment-for-sale-off-awolowo-way-ikeja-lagos-1NYBF
8PNVF,Land,900000000.0,"₦ 900,000,000",,,Land,Apo Abuja,Apo,Abuja,Abuja,TJ Proactive,,10 May 2026,https://www.propertypro.ng/property/land-for-sale-apo-abuja-8PNVF
6PDKY,5 Bedroom Duplex With 2 Bq,1300000000.0,"₦ 1,300,000,000",5.0,,House,Ikoyi Lagos,Ikoyi,Lagos,Lagos,Cruzi Global,,16 Feb 2026,https://www.propertypro.ng/property/5-bedroom-house-for-sale-ikoyi-lagos-6PDKY
8PDAN,Newly Built 2 Bedroom Apartment,220000000.0,"₦ 220,000,000",2.0,,Flat Apartment,Ikate Lekki Lagos,Ikate,Lekki,Lagos,Jerman Properties,,12 Feb 2026,https://www.propertypro.ng/property/2-bedroom-flat-apartment-for-sale-ikate-lekki-lagos-8PDAN
8PKCW,Furnished 2 Bedroom Terrace Duplex,75000000.0,"₦ 75,000,000",2.0,2.0,House,Lekki Ajah Lagos,Lekki,Ajah,Lagos,Barbsconsult homes,,07 Apr 2026,https://www.propertypro.ng/property/2-bedroom-house-for-sale-lekki-ajah-lagos-8PKCW
9PEMK,6 Bedroom Detached Duplex With Swimming Pool,1500000000.0,"₦ 1,500,000,000",6.0,6.0,House,Katampe Extension Katampe Abuja,Katampe Extension,Katampe,Abuja,Innerowrkings investments,Only on PropertyPro,24 Feb 2026,https://www.propertypro.ng/property/6-bedroom-house-for-sale-katampe-extension-katampe-abuja-9PEMK
4PUPQ,4 Bedroom Semi Detached Duplex With Bq,180000000.0,"₦ 180,000,000",4.0,4.0,House,Vgc Lekki Lagos,Vgc,Lekki,Lagos,ABIMBOLA DADA,,28 Jun 2026,https://www.propertypro.ng/property/4-bedroom-house-for-sale-vgc-lekki-lagos-4PUPQ
3PSHW,4 Bedroom Semi Detached,140000000.0,"₦ 140,000,000",4.0,4.0,House,Lokogoma Lokogoma Abuja,Lokogoma,Lokogoma,Abuja,EP Real,,10 Jun 2026,https://www.propertypro.ng/property/4-bedroom-house-for-sale-lokogoma-lokogoma-abuja-3PSHW
7PRTN,Block Of 5 Flats For Sale,65000000.0,"₦ 65,000,000",5.0,5.0,House,Location...ayobo Iyana Ipaja Road.. Ayobo Ipaja Lagos,Location...ayobo Iyana Ipaja Road.. Ayobo,Ipaja,Lagos,Hyginus Emecheta,Big Compound; 24 Hours Security; Parking Space,04 Jun 2026,https://www.propertypro.ng/property/5-bedroom-house-for-sale-locationayobo-iyana-ipaja-road-ayobo-ipaja-lagos-7PRTN
9PRVP,"4 Bedroom Duplex With A Bq In Adeniyi Jones, Lkeja",380000000.0,"₦ 380,000,000",4.0,5.0,House,Adeniyi Jones Ikeja Lagos,Adeniyi Jones,Ikeja,Lagos,Comfort Home,Cctv Cameras; 24 Hours Security; Drainage System,05 Jun 2026,https://www.propertypro.ng/property/4-bedroom-house-for-sale-adeniyi-jones-ikeja-lagos-9PRVP
0PNZX,5 Bedroom Terraced Duplex,450000000.0,"₦ 450,000,000",5.0,5.0,House,Ikate Lekki Lagos,Ikate,Lekki,Lagos,Tigano,,11 May 2026,https://www.propertypro.ng/property/5-bedroom-house-for-sale-ikate-lekki-lagos-0PNZX
6PPZS,Dry Land,35000000.0,"₦ 35,000,000",,,Land,Off Lakowe Golf Lakowe Ajah Lagos,Off Lakowe Golf Lakowe,Ajah,Lagos,Firmwealth Realtors,,20 May 2026,https://www.propertypro.ng/property/land-for-sale-off-lakowe-golf-lakowe-ajah-lagos-6PPZS
2PURP,Lovely & Newly Built 4 Bedroom Semi Detached Duplex,190000000.0,"₦ 190,000,000",4.0,4.0,House,Sangotedo Ajah Lagos,Sangotedo,Ajah,Lagos,Real Gates,Jacuzzi; 24 Hours Security; Drainage System,29 Jun 2026,https://www.propertypro.ng/property/4-bedroom-house-for-sale-sangotedo-ajah-lagos-2PURP
8PMWC,2 Bedroom Apartment,160000000.0,"₦ 160,000,000",2.0,2.0,Flat Apartment,Ilasan Lekki Lagos,Ilasan,Lekki,Lagos,Milebrook,,01 May 2026,https://www.propertypro.ng/property/2-bedroom-flat-apartment-for-sale-ilasan-lekki-lagos-8PMWC
8PSHV,Luxury Fully Furnished Smart 2 Bedroom Apartment,250000000.0,"₦ 250,000,000",2.0,2.0,House,Ikate Lekki Lagos,Ikate,Lekki,Lagos,Bolanle,,10 Jun 2026,https://www.propertypro.ng/property/2-bedroom-house-for-sale-ikate-lekki-lagos-8PSHV
7NRFD,5 Bedroom Duplex,275000000.0,"₦ 275,000,000",5.0,5.0,House,Malami Estate Oluyole Estate Ibadan Oyo,Malami Estate Oluyole Estate,Ibadan,Oyo,PECONS REALTORS,Only on PropertyPro,12 Oct 2025,https://www.propertypro.ng/property/5-bedroom-house-for-sale-malami-estate-oluyole-estate-ibadan-oyo-7NRFD
5PNZW,2 Bedroom Apartment,220000000.0,"₦ 220,000,000",2.0,2.0,Flat Apartment,Ikate Lekki Lagos,Ikate,Lekki,Lagos,Tigano,,11 May 2026,https://www.propertypro.ng/property/2-bedroom-flat-apartment-for-sale-ikate-lekki-lagos-5PNZW
2PNED,4 Bedroom Semi Detached Duplex With Bq,127000000.0,"₦ 127,000,000",4.0,4.0,House,Ikota Lekki Lagos,Ikota,Lekki,Lagos,Freddie Homes,Jacuzzi; Governor's Consent; Cctv Cameras,05 May 2026,https://www.propertypro.ng/property/4-bedroom-house-for-sale-ikota-lekki-lagos-2PNED
0PMCD,Land,12500000.0,"₦ 12,500,000",,,Land,"Mowe, Ire Phase 2 Abeokuta Ogun","Mowe, Ire Phase 2",Abeokuta,Ogun,Baker Industries,,24 Apr 2026,https://www.propertypro.ng/property/land-for-sale-mowe-ire-phase-2-abeokuta-ogun-0PMCD
4PRZJ,Luxurious Executive 3bedroom Flat Magodo,140000000.0,"₦ 140,000,000",3.0,4.0,Flat Apartment,Cmd Road Magodo Magodo Kosofe Ikosi Lagos,Cmd Road Magodo Magodo Kosofe,Ikosi,Lagos,Barbsconsult homes,,07 Jun 2026,https://www.propertypro.ng/property/3-bedroom-flat-apartment-for-sale-cmd-road-magodo-magodo-kosofe-ikosi-lagos-4PRZJ
3PERV,5 Bedroom Detached Duplex With Bq,28000000.0,"₦ 28,000,000",5.0,,Land,"Airport Road, Goza Lugbe Abuja","Airport Road, Goza",Lugbe,Abuja,Baker Industries,Boys Quater; C Of O; Swimming Pool,26 Feb 2026,https://www.propertypro.ng/property/5-bedroom-land-for-sale-airport-road-goza-lugbe-abuja-3PERV
9PPCW,Multi Purpose Land,2500000000.0,"₦ 2,500,000,000",,,Land,Idu Industrial (institution And Research) Idu Abuja,Idu Industrial (institution And Research),Idu,Abuja,TJ Proactive,,12 May 2026,https://www.propertypro.ng/property/land-for-sale-idu-industrial-institution-and-research-idu-abuja-9PPCW
7PNKF,Multi Purpose Land,3500000000.0,"₦ 3,500,000,000",,,Land,Close To Centenary City Kuje Abuja,Close To Centenary City,Kuje,Abuja,TJ Proactive,,06 May 2026,https://www.propertypro.ng/property/land-for-sale-close-to-centenary-city-kuje-abuja-7PNKF
6NQDD,4 Bedroom Detached Duplex,220000000.0,"₦ 220,000,000",4.0,5.0,House,Anthony Village Maryland Lagos,Anthony Village,Maryland,Lagos,.,,02 Oct 2025,https://www.propertypro.ng/property/4-bedroom-house-for-sale-anthony-village-maryland-lagos-6NQDD
7NGJF,Functional 37 Rooms Hotel,1200000000.0,"₦ 1,200,000,000",,,Commercial Property,Ajao Estate Isolo Lagos,Ajao Estate,Isolo,Lagos,DORIWHALLY PROPERTIES,Cctv Cameras; 24 Hours Security; Free Wifi,21 Jul 2025,https://www.propertypro.ng/property/commercial-property-for-sale-ajao-estate-isolo-lagos-7NGJF
7NSYK,Land,54450000.0,"₦ 54,450,000",,,Land,"Hutu City, Lugbe Abuja","Hutu City,",Lugbe,Abuja,Baker Industries,,28 Oct 2025,https://www.propertypro.ng/property/land-for-sale-hutu-city-lugbe-abuja-7NSYK
2PPBJ,Luxury 5 Bedroom Detached Duplex With Bq,1000000000.0,"₦ 1,000,000,000",5.0,5.0,House,Chevron Lekki Lagos,Chevron,Lekki,Lagos,Sanrealtor,Only on PropertyPro,12 May 2026,https://www.propertypro.ng/property/5-bedroom-house-for-sale-chevron-lekki-lagos-2PPBJ
4PTCQ,Exquisite Units Of 4 & 5 Bedroom Fully Detached,1085000000.0,"₦ 1,085,000,000",5.0,5.0,House,Ikoyi Lagos,Ikoyi,Lagos,Lagos,Bolanle,,16 Jun 2026,https://www.propertypro.ng/property/5-bedroom-house-for-sale-ikoyi-lagos-4PTCQ
2PTKG,2 Plots Of Land Facing Lekki/epe Expressway Ibeju Lekki,160000000.0,"₦ 160,000,000",,,Land,Ibeju Lekki Lagos,Ibeju,Lekki,Lagos,ET CETERA,C Of O,18 Jun 2026,https://www.propertypro.ng/property/land-for-sale-ibeju-lekki-lagos-2PTKG
8PQGW,4 Units Of 2 Bedroom Flat/2 Units Of Room Self Con,400000000.0,"₦ 400,000,000",2.0,3.0,Flat Apartment,"Rockface Estate Arab Road, Kubwa Abuja","Rockface Estate Arab Road,",Kubwa,Abuja,Lighthouse Property,Big Compound; Parking Space; All Room Ensuit,22 May 2026,https://www.propertypro.ng/property/2-bedroom-flat-apartment-for-sale-rockface-estate-arab-road-kubwa-abuja-8PQGW
4PSHU,Old Duplex,7000000000.0,"₦ 7,000,000,000",,,House,Asokoro Asokoro Abuja,Asokoro,Asokoro,Abuja,EP Real,,10 Jun 2026,https://www.propertypro.ng/property/house-for-sale-asokoro-asokoro-abuja-4PSHU
5PMWQ,4 Bedroom Semi Detached Duplex,110000000.0,"₦ 110,000,000",4.0,4.0,House,"Hopeville Estate, Sangotedo Ajah Lagos","Hopeville Estate, Sangotedo",Ajah,Lagos,Firmwealth Realtors,,02 May 2026,https://www.propertypro.ng/property/4-bedroom-house-for-sale-hopeville-estate-sangotedo-ajah-lagos-5PMWQ
8PUQD,4 Bedroom Terrace Duplex,145000000.0,"₦ 145,000,000",4.0,4.0,House,Vgc Lekki Lagos,Vgc,Lekki,Lagos,ABIMBOLA DADA,,28 Jun 2026,https://www.propertypro.ng/property/4-bedroom-house-for-sale-vgc-lekki-lagos-8PUQD
1PSHV,4 Bedroom Terrace With Bq,380000000.0,"₦ 380,000,000",4.0,4.0,House,Jahi Jahi Abuja,Jahi,Jahi,Abuja,EP Real,,10 Jun 2026,https://www.propertypro.ng/property/4-bedroom-house-for-sale-jahi-jahi-abuja-1PSHV
0PSHX,2 Bedroom Apartment,85000000.0,"₦ 85,000,000",2.0,2.0,Flat Apartment,Jahi Jahi Abuja,Jahi,Jahi,Abuja,EP Real,,10 Jun 2026,https://www.propertypro.ng/property/2-bedroom-flat-apartment-for-sale-jahi-jahi-abuja-0PSHX
1PRGH,Studio Apartment,12000000.0,"₦ 12,000,000",,,Flat Apartment,Onike Iwaya Yaba Lagos,Onike Iwaya,Yaba,Lagos,Barbsconsult,Parking Space; 24 Hours Security; Security,01 Jun 2026,https://www.propertypro.ng/property/flat-apartment-for-sale-onike-iwaya-yaba-lagos-1PRGH
9NPDG,5 Bedroom Detached Duplex,1500000000.0,"₦ 1,500,000,000",5.0,,House,Chevron Lekki Lagos,Chevron,Lekki,Lagos,Tugaris Realtor,Only on PropertyPro,23 Sep 2025,https://www.propertypro.ng/property/5-bedroom-house-for-sale-chevron-lekki-lagos-9NPDG
8NYFV,Newly Built 3 Bedroom Duplex,170000000.0,"₦ 170,000,000",3.0,,House,Carlton Gate Estate Akobo Ibadan Oyo,Carlton Gate Estate Akobo,Ibadan,Oyo,Olamide Popoola,,25 Dec 2025,https://www.propertypro.ng/property/3-bedroom-house-for-sale-carlton-gate-estate-akobo-ibadan-oyo-8NYFV
3PARD,Units Of 3 Bedroom Flat,120000000.0,"₦ 120,000,000",3.0,,House,"Kolapo Ishola Gra, Akobo Ibadan Oyo","Kolapo Ishola Gra, Akobo",Ibadan,Oyo,Olamide Popoola,,21 Jan 2026,https://www.propertypro.ng/property/house-for-sale-kolapo-ishola-gra-akobo-ibadan-oyo-3PARD
8NZDT,4 Bedroom Penthouse Duplex,250000000.0,"₦ 250,000,000",4.0,,House,"Carlton Gate Estate, Akobo Ibadan Oyo","Carlton Gate Estate, Akobo",Ibadan,Oyo,Olamide Popoola,,08 Jan 2026,https://www.propertypro.ng/property/4-bedroom-house-for-sale-carlton-gate-estate-akobo-ibadan-oyo-8NZDT
5NWLS,4 Bedroom Fully Detached Duplex With Garage,195000000.0,"₦ 195,000,000",4.0,,House,"Palm Garden Estate, Green Gate, Oluyole Estate Ibadan Oyo","Palm Garden Estate, Green Gate, Oluyole Estate",Ibadan,Oyo,Olamide Popoola,,03 Dec 2025,https://www.propertypro.ng/property/4-bedroom-house-for-sale-palm-garden-estate-green-gate-oluyole-estate-ibadan-oyo-5NWLS
2NZYH,4 Bedroom Detached Duplex,240000000.0,"₦ 240,000,000",4.0,,House,"Sijuwade, Jericho Gra, Jericho Ibadan Oyo","Sijuwade, Jericho Gra, Jericho",Ibadan,Oyo,Olamide Popoola,,15 Jan 2026,https://www.propertypro.ng/property/4-bedroom-house-for-sale-sijuwade-jericho-gra-jericho-ibadan-oyo-2NZYH
9NYLK,500sqm Plot Of Land,145000000.0,"₦ 145,000,000",,,Land,"Kolapo Ishola Gra, Akobo Ibadan Oyo","Kolapo Ishola Gra, Akobo",Ibadan,Oyo,Olamide Popoola,,29 Dec 2025,https://www.propertypro.ng/property/land-for-sale-kolapo-ishola-gra-akobo-ibadan-oyo-9NYLK
6PBER,4 Bedroom Detached Duplex With Bq,300000000.0,"₦ 300,000,000",4.0,,House,"Carlton Gate Estate, Akobo Ibadan Oyo","Carlton Gate Estate, Akobo",Ibadan,Oyo,Olamide Popoola,,26 Jan 2026,https://www.propertypro.ng/property/4-bedroom-house-for-sale-carlton-gate-estate-akobo-ibadan-oyo-6PBER
1PSKL,725sqm Plot Of Land For Sale,135000000.0,"₦ 135,000,000",,,Land,"Kolapo Ishola Gra (phase 2), Akobo Ibadan Oyo","Kolapo Ishola Gra (phase 2), Akobo",Ibadan,Oyo,Olamide Popoola,,10 Jun 2026,https://www.propertypro.ng/property/land-for-sale-kolapo-ishola-gra-phase-2-akobo-ibadan-oyo-1PSKL
8NYMC,4 Bedroom Detached Penthouse Duplex + Bq,300000000.0,"₦ 300,000,000",4.0,,House,"Kolapo Ishola Gra, Akobo Ibadan Oyo","Kolapo Ishola Gra, Akobo",Ibadan,Oyo,Olamide Popoola,,29 Dec 2025,https://www.propertypro.ng/property/4-bedroom-house-for-sale-kolapo-ishola-gra-akobo-ibadan-oyo-8NYMC
6PBKM,Detached 4 Bedroom Duplex + Bq,310000000.0,"₦ 310,000,000",4.0,,House,"Carlton Gate Estate, Akobo Ibadan Oyo","Carlton Gate Estate, Akobo",Ibadan,Oyo,Olamide Popoola,,28 Jan 2026,https://www.propertypro.ng/property/4-bedroom-house-for-sale-carlton-gate-estate-akobo-ibadan-oyo-6PBKM
8PRDK,4 Bedroom Terrace Duplex,350000000.0,"₦ 350,000,000",4.0,4.0,House,Ikate Lekki Lagos,Ikate,Lekki,Lagos,BETHIROS REAL,Only on PropertyPro,30 May 2026,https://www.propertypro.ng/property/4-bedroom-house-for-sale-ikate-lekki-lagos-8PRDK
9PDTL,5 Bedroom Duplex + Bq,200000000.0,"₦ 200,000,000",5.0,,House,"Airforce Estate (bashorun Housing Estate), Akobo Ibadan Oyo","Airforce Estate (bashorun Housing Estate), Akobo",Ibadan,Oyo,Olamide Popoola,,18 Feb 2026,https://www.propertypro.ng/property/5-bedroom-house-for-sale-airforce-estate-bashorun-housing-estate-akobo-ibadan-oyo-9PDTL
0PJDN,A Block Of 4 Flats With 2 Bedroom Apartment,275000000.0,"₦ 275,000,000",2.0,,House,"Adeyi, Old Bodija, Ibadan Oyo","Adeyi, Old Bodija,",Ibadan,Oyo,Olamide Popoola,,28 Mar 2026,https://www.propertypro.ng/property/house-for-sale-adeyi-old-bodija-ibadan-oyo-0PJDN
8PGCB,4 Bedroom Duplex With A Room Bq.,250000000.0,"₦ 250,000,000",4.0,,House,Jericho Gra Jericho Ibadan Oyo,Jericho Gra Jericho,Ibadan,Oyo,Olamide Popoola,,10 Mar 2026,https://www.propertypro.ng/property/4-bedroom-house-for-sale-jericho-gra-jericho-ibadan-oyo-8PGCB
0PGFU,600sqm Plot Of Land,50000000.0,"₦ 50,000,000",,,Land,"Tiger Estate Phase 3, Ojoo Ibadan Oyo","Tiger Estate Phase 3, Ojoo",Ibadan,Oyo,Olamide Popoola,,11 Mar 2026,https://www.propertypro.ng/property/land-for-sale-tiger-estate-phase-3-ojoo-ibadan-oyo-0PGFU
9PHXD,2300sqm Of Land,500000000.0,"₦ 500,000,000",,,Land,"Awosika Avenue, Old Bodija, Ibadan Oyo","Awosika Avenue, Old Bodija,",Ibadan,Oyo,Olamide Popoola,,26 Mar 2026,https://www.propertypro.ng/property/land-for-sale-awosika-avenue-old-bodija-ibadan-oyo-9PHXD
9PMEW,"3,148sqm Of Land",1000000000.0,"₦ 1,000,000,000",,,Land,"Rotimi Williams, Awosika Avenue, Bodija Ibadan Oyo","Rotimi Williams, Awosika Avenue, Bodija",Ibadan,Oyo,Olamide Popoola,,25 Apr 2026,https://www.propertypro.ng/property/land-for-sale-rotimi-williams-awosika-avenue-bodija-ibadan-oyo-9PMEW
3NVVA,1 Acre Of Land,800000000.0,"₦ 800,000,000",,,Land,"Osanaiye Crescent, Oyo State Secretariat, Ibadan Oyo","Osanaiye Crescent, Oyo State Secretariat,",Ibadan,Oyo,Olamide Popoola,,26 Nov 2025,https://www.propertypro.ng/property/land-for-sale-osanaiye-crescent-oyo-state-secretariat-ibadan-oyo-3NVVA
5NZAM,4 Bedroom Duplex,150000000.0,"₦ 150,000,000",4.0,,House,"Zone B, Akoto Estate, Elebu, Akala Express Ibadan Oyo","Zone B, Akoto Estate, Elebu, Akala Express",Ibadan,Oyo,Olamide Popoola,,07 Jan 2026,https://www.propertypro.ng/property/4-bedroom-house-for-sale-zone-b-akoto-estate-elebu-akala-express-ibadan-oyo-5NZAM
3NZYP,Land,380000000.0,"₦ 380,000,000",,,Land,"Kolapo Ishola Gra, Akobo Ibadan Oyo","Kolapo Ishola Gra, Akobo",Ibadan,Oyo,Olamide Popoola,,15 Jan 2026,https://www.propertypro.ng/property/land-for-sale-kolapo-ishola-gra-akobo-ibadan-oyo-3NZYP
8PUSP,Luxurious 2&1bedroom Apartment Good Security,90000000.0,"₦ 90,000,000",2.0,2.0,House,Ologolo Ologolo Lekki Lagos,Ologolo Ologolo,Lekki,Lagos,New adventures,Serviced; Only on PropertyPro,29 Jun 2026,https://www.propertypro.ng/property/2-bedroom-house-for-sale-ologolo-ologolo-lekki-lagos-8PUSP
5NWNR,5 Bedroom Detached Duplex,370000000.0,"₦ 370,000,000",5.0,,House,"Kolapo Ishola Gra, Akobo Ibadan Oyo","Kolapo Ishola Gra, Akobo",Ibadan,Oyo,Olamide Popoola,,04 Dec 2025,https://www.propertypro.ng/property/5-bedroom-house-for-sale-kolapo-ishola-gra-akobo-ibadan-oyo-5NWNR
5PCKH,4 Bedroom Detached Duplex,300000000.0,"₦ 300,000,000",4.0,,House,"Kolapo Ishola Gra, Akobo Ibadan Oyo","Kolapo Ishola Gra, Akobo",Ibadan,Oyo,Olamide Popoola,,06 Feb 2026,https://www.propertypro.ng/property/4-bedroom-house-for-sale-kolapo-ishola-gra-akobo-ibadan-oyo-5PCKH
2NYXX,5 Bedroom Detached Bungalow,165000000.0,"₦ 165,000,000",5.0,,House,"Tunji Bello Street, Ikolaba Estate, Ikolaba Ibadan Oyo","Tunji Bello Street, Ikolaba Estate, Ikolaba",Ibadan,Oyo,Olamide Popoola,,06 Jan 2026,https://www.propertypro.ng/property/5-bedroom-house-for-sale-tunji-bello-street-ikolaba-estate-ikolaba-ibadan-oyo-2NYXX
9PLLQ,Detached 4 Bedroom Duplex + Bq,285000000.0,"₦ 285,000,000",4.0,,House,"Carlton Gate Estate, Akobo Ibadan Oyo","Carlton Gate Estate, Akobo",Ibadan,Oyo,Olamide Popoola,,18 Apr 2026,https://www.propertypro.ng/property/4-bedroom-house-for-sale-carlton-gate-estate-akobo-ibadan-oyo-9PLLQ
4PDBN,Fenced 1500sqm Commercial Plot Of Land,400000000.0,"₦ 400,000,000",,,Land,"Near Aerodrome Gra Main Gate, Along Samonda Ul Road Ibadan Oyo","Near Aerodrome Gra Main Gate, Along Samonda Ul Road",Ibadan,Oyo,Olamide Popoola,,13 Feb 2026,https://www.propertypro.ng/property/land-for-sale-near-aerodrome-gra-main-gate-along-samonda-ul-road-ibadan-oyo-4PDBN
5PJXE,Fenced 618 Sqmtrs Land,100000000.0,"₦ 100,000,000",,,Land,"Jericho Gra, Ibadan Oyo","Jericho Gra,",Ibadan,Oyo,Olamide Popoola,,04 Apr 2026,https://www.propertypro.ng/property/land-for-sale-jericho-gra-ibadan-oyo-5PJXE
1PRHB,Fold Up Construction Company,5500000000.0,"₦ 5,500,000,000",,,Commercial Property,"Plot 6, Commercial Layout, Onireke Dugbe Road, Ibadan Oyo","Plot 6, Commercial Layout, Onireke Dugbe Road,",Ibadan,Oyo,Olamide Popoola,,01 Jun 2026,https://www.propertypro.ng/property/commercial-property-for-sale-plot-6-commercial-layout-onireke-dugbe-road-ibadan-oyo-1PRHB
5PCUM,1 Bedroom Flat,55000000.0,"₦ 55,000,000",1.0,,House,Behind Foodco Ring Rd Ibadan Oyo,Behind Foodco Ring Rd,Ibadan,Oyo,Olamide Popoola,,10 Feb 2026,https://www.propertypro.ng/property/1-bedroom-house-for-sale-behind-foodco-ring-rd-ibadan-oyo-5PCUM
1PEVE,484sqm Plot Of Land,80000000.0,"₦ 80,000,000",,,Land,"Aare, Oluyole Estate Ibadan Oyo","Aare, Oluyole Estate",Ibadan,Oyo,Olamide Popoola,,26 Feb 2026,https://www.propertypro.ng/property/land-for-sale-aare-oluyole-estate-ibadan-oyo-1PEVE
2PGCB,Blocks Of Flats,150000000.0,"₦ 150,000,000",,,Land,"Location Behind Ibadan Central Hospital, Old Ife Road, Ibadan Iwo Rd Ibadan Oyo","Location Behind Ibadan Central Hospital, Old Ife Road, Ibadan Iwo Rd",Ibadan,Oyo,Olamide Popoola,,10 Mar 2026,https://www.propertypro.ng/property/land-for-sale-location-behind-ibadan-central-hospital-old-ife-road-ibadan-iwo-rd-ibadan-oyo-2PGCB
7PPQN,4 Bedroom Detached Duplex With Bq,295000000.0,"₦ 295,000,000",4.0,,House,"Carlton Gate Estate, Akobo Ibadan Oyo","Carlton Gate Estate, Akobo",Ibadan,Oyo,Olamide Popoola,,17 May 2026,https://www.propertypro.ng/property/4-bedroom-house-for-sale-carlton-gate-estate-akobo-ibadan-oyo-7PPQN
8PPQN,4 Bedroom Terrace Penthouse Duplex,230000000.0,"₦ 230,000,000",4.0,,House,"Carlton Gate Estate, Akobo Ibadan Oyo","Carlton Gate Estate, Akobo",Ibadan,Oyo,Olamide Popoola,,17 May 2026,https://www.propertypro.ng/property/4-bedroom-house-for-sale-carlton-gate-estate-akobo-ibadan-oyo-8PPQN
3NZKA,Land,250000000.0,"₦ 250,000,000",,,Land,"Opposite Bon Hotel, Off Ayoola Drive, New Bodija, Bodija Ibadan Oyo","Opposite Bon Hotel, Off Ayoola Drive, New Bodija, Bodija",Ibadan,Oyo,Olamide Popoola,,11 Jan 2026,https://www.propertypro.ng/property/land-for-sale-opposite-bon-hotel-off-ayoola-drive-new-bodija-bodija-ibadan-oyo-3NZKA
8NZXM,4 Bedroom Semi Detached Duplex,170000000.0,"₦ 170,000,000",4.0,,House,"Carlton Gate Estate, Akobo Ibadan Oyo","Carlton Gate Estate, Akobo",Ibadan,Oyo,Olamide Popoola,,15 Jan 2026,https://www.propertypro.ng/property/4-bedroom-house-for-sale-carlton-gate-estate-akobo-ibadan-oyo-8NZXM
1PFCB,Detached 4 Bedroom Bungalow + Penthouse,120000000.0,"₦ 120,000,000",4.0,,House,"Zone A, Akoto Estate Ibadan Oyo","Zone A, Akoto Estate",Ibadan,Oyo,Olamide Popoola,,01 Mar 2026,https://www.propertypro.ng/property/4-bedroom-house-for-sale-zone-a-akoto-estate-ibadan-oyo-1PFCB
6NVVA,900sqm Plot Of Land,65000000.0,"₦ 65,000,000",,,Land,"Federal Housing Estate, Beside Carlton Gate, Akobo Ibadan Oyo","Federal Housing Estate, Beside Carlton Gate, Akobo",Ibadan,Oyo,Olamide Popoola,,26 Nov 2025,https://www.propertypro.ng/property/land-for-sale-federal-housing-estate-beside-carlton-gate-akobo-ibadan-oyo-6NVVA
4NZJZ,Land,200000000.0,"₦ 200,000,000",,,Land,"Carlton Gate Estate, Akobo Ibadan Oyo","Carlton Gate Estate, Akobo",Ibadan,Oyo,Olamide Popoola,,11 Jan 2026,https://www.propertypro.ng/property/land-for-sale-carlton-gate-estate-akobo-ibadan-oyo-4NZJZ
7PLLQ,Detached 4 Bedroom Duplex + Bq,290000000.0,"₦ 290,000,000",4.0,,House,Carlton Gate Estate Akobo Ibadan Oyo,Carlton Gate Estate Akobo,Ibadan,Oyo,Olamide Popoola,,18 Apr 2026,https://www.propertypro.ng/property/4-bedroom-house-for-sale-carlton-gate-estate-akobo-ibadan-oyo-7PLLQ
2PCUM,2 Bedroom Flat,65000000.0,"₦ 65,000,000",2.0,,House,"Behind Foodco, Ring Rd Ibadan Oyo","Behind Foodco, Ring Rd",Ibadan,Oyo,Olamide Popoola,,10 Feb 2026,https://www.propertypro.ng/property/2-bedroom-house-for-sale-behind-foodco-ring-rd-ibadan-oyo-2PCUM
0PSPD,Detached 4 Bedroom Duplex,340000000.0,"₦ 340,000,000",4.0,,House,Bodija Ibadan Oyo,Bodija,Ibadan,Oyo,Olamide Popoola,,11 Jun 2026,https://www.propertypro.ng/property/4-bedroom-house-for-sale-bodija-ibadan-oyo-0PSPD
1PDBG,A Fenced And Gated 6000sqm Land,1200000000.0,"₦ 1,200,000,000",,,Land,"Located Near Aerodrome Gra Main Gate, Along Samonda Ul Road, Samonda Ibadan. Samonda Ibadan Oyo","Located Near Aerodrome Gra Main Gate, Along Samonda Ul Road, Samonda Ibadan. Samonda",Ibadan,Oyo,Olamide Popoola,,12 Feb 2026,https://www.propertypro.ng/property/land-for-sale-located-near-aerodrome-gra-main-gate-along-samonda-ul-road-samonda-ibadan-samonda-ibadan-oyo-1PDBG
9PBBX,4 Bedroom Detached Duplex With Bq,330000000.0,"₦ 330,000,000",4.0,,House,Samonda Ibadan Oyo,Samonda,Ibadan,Oyo,Olamide Popoola,C Of O,26 Jan 2026,https://www.propertypro.ng/property/4-bedroom-house-for-sale-samonda-ibadan-oyo-9PBBX
0PMDN,4 Bedroom Detached Duplex With Bq,250000000.0,"₦ 250,000,000",4.0,,House,Bashorun Housing Estate Akobo Ibadan Oyo,Bashorun Housing Estate Akobo,Ibadan,Oyo,Olamide Popoola,,24 Apr 2026,https://www.propertypro.ng/property/4-bedroom-house-for-sale-bashorun-housing-estate-akobo-ibadan-oyo-0PMDN
1NWSY,Units Of 5 Bedroom Detached Duplex With Bq,500000000.0,"₦ 500,000,000",5.0,5.0,House,"Off Secretariat Road, Agodi Gra, Ibadan Oyo","Off Secretariat Road, Agodi Gra,",Ibadan,Oyo,Olamide Popoola,,06 Dec 2025,https://www.propertypro.ng/property/5-bedroom-house-for-sale-off-secretariat-road-agodi-gra-ibadan-oyo-1NWSY
5NYVA,Commercial Property,750000000.0,"₦ 750,000,000",7.0,,House,"Awolowo Road, Bodija Ibadan Oyo","Awolowo Road, Bodija",Ibadan,Oyo,Olamide Popoola,,04 Jan 2026,https://www.propertypro.ng/property/7-bedroom-house-for-sale-awolowo-road-bodija-ibadan-oyo-5NYVA
3NZDT,580sqm Plot Of Land,140000000.0,"₦ 140,000,000",,,Land,Carlton Gate Estate Akobo Ibadan Oyo,Carlton Gate Estate Akobo,Ibadan,Oyo,Olamide Popoola,,08 Jan 2026,https://www.propertypro.ng/property/land-for-sale-carlton-gate-estate-akobo-ibadan-oyo-3NZDT
4PAWF,18 Units Of 2 Bedroom Apartment,70000000.0,"₦ 70,000,000",2.0,,House,"Old Bodija, Bodija Ibadan Oyo","Old Bodija, Bodija",Ibadan,Oyo,Olamide Popoola,,23 Jan 2026,https://www.propertypro.ng/property/house-for-sale-old-bodija-bodija-ibadan-oyo-4PAWF
5PBKR,Units Of 4 Bedroom Penthouse Duplex,180000000.0,"₦ 180,000,000",4.0,,House,"Carlton Gate Estate, Kolapo Ishola Gra, Akobo Ibadan Oyo","Carlton Gate Estate, Kolapo Ishola Gra, Akobo",Ibadan,Oyo,Olamide Popoola,,28 Jan 2026,https://www.propertypro.ng/property/4-bedroom-house-for-sale-carlton-gate-estate-kolapo-ishola-gra-akobo-ibadan-oyo-5PBKR
5PKCQ,Commercial Building On 2300sqm,700000000.0,"₦ 700,000,000",,,Commercial Property,"Opposite Uch Second Gate, Along Secretariat Road, Agodi Ibadan Oyo","Opposite Uch Second Gate, Along Secretariat Road, Agodi",Ibadan,Oyo,Olamide Popoola,,07 Apr 2026,https://www.propertypro.ng/property/commercial-property-for-sale-opposite-uch-second-gate-along-secretariat-road-agodi-ibadan-oyo-5PKCQ
8PLLQ,Detached 4 Bedroom Duplex,270000000.0,"₦ 270,000,000",4.0,,House,Carlton Gate Estate Akobo Ibadan Oyo,Carlton Gate Estate Akobo,Ibadan,Oyo,Olamide Popoola,,18 Apr 2026,https://www.propertypro.ng/property/4-bedroom-house-for-sale-carlton-gate-estate-akobo-ibadan-oyo-8PLLQ
6PDQQ,4 Bedroom Detached Duplex With Bq,1650000000.0,"₦ 1,650,000,000",4.0,5.0,House,Parkview Estate Ikoyi Lagos,Parkview Estate,Ikoyi,Lagos,Chrystal Abodes,Newly Built; Only on PropertyPro,17 Feb 2026,https://www.propertypro.ng/property/4-bedroom-house-for-sale-parkview-estate-ikoyi-lagos-6PDQQ
8PLYV,1300sqm Land With A Structure,300000000.0,"₦ 300,000,000",,,Land,"Adeyi, Off Awolowo, Old Bodija Bodija Ibadan Oyo","Adeyi, Off Awolowo, Old Bodija Bodija",Ibadan,Oyo,Olamide Popoola,,23 Apr 2026,https://www.propertypro.ng/property/land-for-sale-adeyi-off-awolowo-old-bodija-bodija-ibadan-oyo-8PLYV
6PPEX,4 Bedroom Detached Duplex,380000000.0,"₦ 380,000,000",4.0,,House,Old Bodija Bodija Ibadan Oyo,Old Bodija Bodija,Ibadan,Oyo,Olamide Popoola,,13 May 2026,https://www.propertypro.ng/property/4-bedroom-house-for-sale-old-bodija-bodija-ibadan-oyo-6PPEX
9PTXR,480sqm Plot Of Land,140000000.0,"₦ 140,000,000",,,Land,"Kolapo Ishola Gra Phase 1, Akobo Ibadan Oyo","Kolapo Ishola Gra Phase 1, Akobo",Ibadan,Oyo,Olamide Popoola,,22 Jun 2026,https://www.propertypro.ng/property/land-for-sale-kolapo-ishola-gra-phase-1-akobo-ibadan-oyo-9PTXR
2PKPE,4 Bedroom Detached Duplex With A Room Bq,180000000.0,"₦ 180,000,000",4.0,,House,"Onikoko Close, Agodi Gra, Agodi Ibadan Oyo","Onikoko Close, Agodi Gra, Agodi",Ibadan,Oyo,Olamide Popoola,,10 Apr 2026,https://www.propertypro.ng/property/4-bedroom-house-for-sale-onikoko-close-agodi-gra-agodi-ibadan-oyo-2PKPE
8NZAN,Land,110000000.0,"₦ 110,000,000",,,Land,"Engr Lere Adigun Gra, Basorun Ibadan Oyo","Engr Lere Adigun Gra, Basorun",Ibadan,Oyo,Olamide Popoola,,07 Jan 2026,https://www.propertypro.ng/property/land-for-sale-engr-lere-adigun-gra-basorun-ibadan-oyo-8NZAN
0NZAP,Land,220000000.0,"₦ 220,000,000",,,Land,"Engr Lere Adigun Gra, Basorun Ibadan Oyo","Engr Lere Adigun Gra, Basorun",Ibadan,Oyo,Olamide Popoola,,07 Jan 2026,https://www.propertypro.ng/property/land-for-sale-engr-lere-adigun-gra-basorun-ibadan-oyo-0NZAP
1PGFW,5 Bedroom Detached Duplex With Bq/10kva Solar Inverter,295000000.0,"₦ 295,000,000",5.0,,House,"Olapade Agoro, Oluyole Estate Ibadan Oyo","Olapade Agoro, Oluyole Estate",Ibadan,Oyo,Olamide Popoola,,11 Mar 2026,https://www.propertypro.ng/property/5-bedroom-house-for-sale-olapade-agoro-oluyole-estate-ibadan-oyo-1PGFW
6NUVE,913sqm Plot Of Land,110000000.0,"₦ 110,000,000",,,Land,Ikolaba Estate Ibadan Oyo,Ikolaba Estate,Ibadan,Oyo,Olamide Popoola,,17 Nov 2025,https://www.propertypro.ng/property/land-for-sale-ikolaba-estate-ibadan-oyo-6NUVE
9PSDF,1090sqm Of Land For Sale,240000000.0,"₦ 240,000,000",,,Land,"Engr Lere Adigun Gra, Basorun Ibadan Oyo","Engr Lere Adigun Gra, Basorun",Ibadan,Oyo,Olamide Popoola,,08 Jun 2026,https://www.propertypro.ng/property/land-for-sale-engr-lere-adigun-gra-basorun-ibadan-oyo-9PSDF
9NYFV,3 Bedroom Duplex,170000000.0,"₦ 170,000,000",3.0,,House,"Carlton Gate Estate, Akobo Ibadan Oyo","Carlton Gate Estate, Akobo",Ibadan,Oyo,Olamide Popoola,,25 Dec 2025,https://www.propertypro.ng/property/3-bedroom-house-for-sale-carlton-gate-estate-akobo-ibadan-oyo-9NYFV
0NWEH,5 Bedroom Duplex + Elevator + Basement,460000000.0,"₦ 460,000,000",5.0,,House,"Kolapo Ishola Gra, Akobo Ibadan Oyo","Kolapo Ishola Gra, Akobo",Ibadan,Oyo,Olamide Popoola,,01 Dec 2025,https://www.propertypro.ng/property/5-bedroom-house-for-sale-kolapo-ishola-gra-akobo-ibadan-oyo-0NWEH
8NXCG,4 Bedroom Semi Detached Duplex,180000000.0,"₦ 180,000,000",4.0,,House,"Kolapo Ishola Gra, Akobo Ibadan Oyo","Kolapo Ishola Gra, Akobo",Ibadan,Oyo,Olamide Popoola,,10 Dec 2025,https://www.propertypro.ng/property/house-for-sale-kolapo-ishola-gra-akobo-ibadan-oyo-8NXCG
5NZJB,"Twin Duplex On A Land Measuring Approximately 2,000sqm",350000000.0,"₦ 350,000,000",,,House,"Oba Akezua Crescent, Behind Sao Filling Station, Onireke Gra, Jericho Ibadan Oyo","Oba Akezua Crescent, Behind Sao Filling Station, Onireke Gra, Jericho",Ibadan,Oyo,Olamide Popoola,,10 Jan 2026,https://www.propertypro.ng/property/house-for-sale-oba-akezua-crescent-behind-sao-filling-station-onireke-gra-jericho-ibadan-oyo-5NZJB
0NZTX,5 Bedroom Penthouse With Bq,420000000.0,"₦ 420,000,000",5.0,,House,Basorun Ibadan Oyo,Basorun,Ibadan,Oyo,Olamide Popoola,,14 Jan 2026,https://www.propertypro.ng/property/5-bedroom-house-for-sale-basorun-ibadan-oyo-0NZTX
8PBER,4 Bedroom Detached Duplex With Bq,320000000.0,"₦ 320,000,000",4.0,,House,"Carlton Gate Estate, Akobo Ibadan Oyo","Carlton Gate Estate, Akobo",Ibadan,Oyo,Olamide Popoola,,26 Jan 2026,https://www.propertypro.ng/property/4-bedroom-house-for-sale-carlton-gate-estate-akobo-ibadan-oyo-8PBER
9PBGX,4 Bedroom Detached Duplex,270000000.0,"₦ 270,000,000",4.0,,House,"Carlton Gate Estate, Akobo Ibadan Oyo","Carlton Gate Estate, Akobo",Ibadan,Oyo,Olamide Popoola,,27 Jan 2026,https://www.propertypro.ng/property/4-bedroom-house-for-sale-carlton-gate-estate-akobo-ibadan-oyo-9PBGX
2PGXJ,6000sqm Of Land,700000000.0,"₦ 700,000,000",,,Land,"Bashorun Apampa Road, Jericho Gra, Ibadan Oyo","Bashorun Apampa Road, Jericho Gra,",Ibadan,Oyo,Olamide Popoola,,17 Mar 2026,https://www.propertypro.ng/property/land-for-sale-bashorun-apampa-road-jericho-gra-ibadan-oyo-2PGXJ
4PPEL,Newly Built Units Of 3 Bedroom Terrace Duplex,150000000.0,"₦ 150,000,000",3.0,,House,"Awosika, Old Bodija. Bodija Ibadan Oyo","Awosika, Old Bodija. Bodija",Ibadan,Oyo,Olamide Popoola,,13 May 2026,https://www.propertypro.ng/property/3-bedroom-house-for-sale-awosika-old-bodija-bodija-ibadan-oyo-4PPEL
2PTZR,646sqm Residential Land,300000000.0,"₦ 300,000,000",,,Land,Chevron Drive Lekki Chevron Lekki Lagos,Chevron Drive Lekki Chevron,Lekki,Lagos,DFHL,Serviced; Only on PropertyPro,23 Jun 2026,https://www.propertypro.ng/property/land-for-sale-chevron-drive-lekki-chevron-lekki-lagos-2PTZR
2PKCW,4 Bedroom Semi Detached Duplex With Bq,250000000.0,"₦ 250,000,000",4.0,,House,"Jericho Hill Estate, Ibadan Oyo","Jericho Hill Estate,",Ibadan,Oyo,Olamide Popoola,,07 Apr 2026,https://www.propertypro.ng/property/4-bedroom-house-for-sale-jericho-hill-estate-ibadan-oyo-2PKCW
2PSSJ,Detached 4 Bedroom Duplex With Swimming Pool,450000000.0,"₦ 450,000,000",4.0,,House,"Onikoko Close, Agodi Gra, Agodi Ibadan Oyo","Onikoko Close, Agodi Gra, Agodi",Ibadan,Oyo,Olamide Popoola,,13 Jun 2026,https://www.propertypro.ng/property/4-bedroom-house-for-sale-onikoko-close-agodi-gra-agodi-ibadan-oyo-2PSSJ
5PTAQ,Detached Spacious 4 Bedroom Duplex,370000000.0,"₦ 370,000,000",4.0,,House,Basorun Ibadan Oyo,Basorun,Ibadan,Oyo,Olamide Popoola,,15 Jun 2026,https://www.propertypro.ng/property/4-bedroom-house-for-sale-basorun-ibadan-oyo-5PTAQ
8PKGK,Commercial/residential,250000000.0,"₦ 250,000,000",,,Land,"Oba Otudeko Main Junction, Jericho Ibadan Oyo","Oba Otudeko Main Junction, Jericho",Ibadan,Oyo,Olamide Popoola,,08 Apr 2026,https://www.propertypro.ng/property/land-for-sale-oba-otudeko-main-junction-jericho-ibadan-oyo-8PKGK
8NWNR,Newly Built Luxury 4 Bedroom Duplex,240000000.0,"₦ 240,000,000",4.0,,House,"Jericho Gra, Jericho Ibadan Oyo","Jericho Gra, Jericho",Ibadan,Oyo,Olamide Popoola,,04 Dec 2025,https://www.propertypro.ng/property/4-bedroom-house-for-sale-jericho-gra-jericho-ibadan-oyo-8NWNR
9PGFU,5 Bedroom Detached Duplex With Bq/10kva Solar Inverter,295000000.0,"₦ 295,000,000",5.0,,House,"Olapade Agoro, Oluyole Estate Ibadan Oyo","Olapade Agoro, Oluyole Estate",Ibadan,Oyo,Olamide Popoola,,11 Mar 2026,https://www.propertypro.ng/property/5-bedroom-house-for-sale-olapade-agoro-oluyole-estate-ibadan-oyo-9PGFU
8PMSZ,4 Bedroom Apartment With Bq,400000000.0,"₦ 400,000,000",4.0,4.0,Flat Apartment,Lekki Phase 1 Lekki Lagos,Lekki Phase 1,Lekki,Lagos,Tugaris Realtor,,30 Apr 2026,https://www.propertypro.ng/property/4-bedroom-flat-apartment-for-sale-lekki-phase-1-lekki-lagos-8PMSZ
5PNEU,Luxury 4 Bedroom Terrace Duplex With Bq,600000000.0,"₦ 600,000,000",4.0,,House,Lekki Phase 1 Lekki Lagos,Lekki Phase 1,Lekki,Lagos,Tugaris Realtor,,05 May 2026,https://www.propertypro.ng/property/4-bedroom-house-for-sale-lekki-phase-1-lekki-lagos-5PNEU
9PPAT,2 Bedroom Apartment,100000000.0,"₦ 100,000,000",2.0,,Flat Apartment,Vgc Lekki Lagos,Vgc,Lekki,Lagos,Tugaris Realtor,,12 May 2026,https://www.propertypro.ng/property/2-bedroom-flat-apartment-for-sale-vgc-lekki-lagos-9PPAT
0PPAU,4 Bedroom Fully Detached Duplex With Bq,300000000.0,"₦ 300,000,000",4.0,,House,Vgc Lekki Lagos,Vgc,Lekki,Lagos,Tugaris Realtor,,12 May 2026,https://www.propertypro.ng/property/4-bedroom-house-for-sale-vgc-lekki-lagos-0PPAU
6PSCS,6 Bedroom Detached House With Pool & Bq,1400000000.0,"₦ 1,400,000,000",3.0,,Flat Apartment,Lekki Phase 1 Lekki Lagos,Lekki Phase 1,Lekki,Lagos,Tugaris Realtor,,08 Jun 2026,https://www.propertypro.ng/property/3-bedroom-flat-apartment-for-sale-lekki-phase-1-lekki-lagos-6PSCS
6PTAE,5 Bedroom Fully Detached Duplex With Bq,680000000.0,"₦ 680,000,000",5.0,,House,Ikate Lekki Lagos,Ikate,Lekki,Lagos,Tugaris Realtor,,15 Jun 2026,https://www.propertypro.ng/property/5-bedroom-house-for-sale-ikate-lekki-lagos-6PTAE
4PTAG,5 Bedroom Fully Detached Duplex With Bq Swimming Pool,620000000.0,"₦ 620,000,000",5.0,,House,Osapa London Lekki Lagos,Osapa London,Lekki,Lagos,Tugaris Realtor,,15 Jun 2026,https://www.propertypro.ng/property/5-bedroom-house-for-sale-osapa-london-lekki-lagos-4PTAG
3PTAH,5 Bedroom Fully Detached Duplex With Bq Swimming Pool,750000000.0,"₦ 750,000,000",5.0,,House,Osapa London Lekki Lagos,Osapa London,Lekki,Lagos,Tugaris Realtor,,15 Jun 2026,https://www.propertypro.ng/property/5-bedroom-house-for-sale-osapa-london-lekki-lagos-3PTAH
1PTCS,4 Bedroom Terrace Duplex With Bq And Elevator,850000000.0,"₦ 850,000,000",4.0,,House,Lekki Phase 1 Lekki Lagos,Lekki Phase 1,Lekki,Lagos,Tugaris Realtor,,16 Jun 2026,https://www.propertypro.ng/property/4-bedroom-house-for-sale-lekki-phase-1-lekki-lagos-1PTCS
1PTCU,3 Bedroom Maisonette With Bq,320000000.0,"₦ 320,000,000",3.0,,House,Lekki Phase 1 Lekki Lagos,Lekki Phase 1,Lekki,Lagos,Tugaris Realtor,,16 Jun 2026,https://www.propertypro.ng/property/3-bedroom-house-for-sale-lekki-phase-1-lekki-lagos-1PTCU
0PTMC,Tastefully Finished 4 Bedroom Detached Duplex,190000000.0,"₦ 190,000,000",4.0,5.0,House,Ajah Lekki Lagos,Ajah,Lekki,Lagos,Perfect Images,,19 Jun 2026,https://www.propertypro.ng/property/4-bedroom-house-for-sale-ajah-lekki-lagos-0PTMC
6MGMH,Ultra Luxurious Waterfront 2 Bedroom Apartment,415000000.0,"₦ 415,000,000",2.0,2.0,Flat Apartment,Osborne Foreshore Estate Ikoyi Lagos,Osborne Foreshore Estate,Ikoyi,Lagos,Fort Knox,Security Doors; Elevator; Swimming Pool,16 Dec 2024,https://www.propertypro.ng/property/2-bedroom-flat-apartment-for-sale-osborne-foreshore-estate-ikoyi-lagos-6MGMH
4NCFX,3 Bedroom Waterfront Ikoyi Apartment,860000000.0,"₦ 860,000,000",3.0,4.0,Flat Apartment,Osborne Foreshore Estate Ikoyi Lagos,Osborne Foreshore Estate,Ikoyi,Lagos,Fort Knox,All Room Ensuit; C Of O; Boys Quater,18 Jun 2025,https://www.propertypro.ng/property/3-bedroom-flat-apartment-for-sale-osborne-foreshore-estate-ikoyi-lagos-4NCFX
2NQEH,2 Bedroom Waterfront Apartment,415000000.0,"₦ 415,000,000",2.0,2.0,Flat Apartment,Osborne Foreshore Estate Ikoyi Lagos,Osborne Foreshore Estate,Ikoyi,Lagos,Fort Knox,Security; Elevator; Children Play Ground,02 Oct 2025,https://www.propertypro.ng/property/2-bedroom-flat-apartment-for-sale-osborne-foreshore-estate-ikoyi-lagos-2NQEH
4PSFG,"3 Bed + Bq Luxury Apartment For Sale, Ikoyi",860000000.0,"₦ 860,000,000",3.0,4.0,Flat Apartment,Osborne Foreshore Estate Ikoyi Lagos,Osborne Foreshore Estate,Ikoyi,Lagos,Fort Knox,All Room Ensuit; Fast Internet; Governor's Consent,09 Jun 2026,https://www.propertypro.ng/property/3-bedroom-flat-apartment-for-sale-osborne-foreshore-estate-ikoyi-lagos-4PSFG
1PSFM,"Modern 2 Bed Waterfront Flat For Sale, Ikoyi",415000000.0,"₦ 415,000,000",2.0,2.0,Flat Apartment,Osborne Foreshore Estate Ikoyi Lagos,Osborne Foreshore Estate,Ikoyi,Lagos,Fort Knox,Front Desk Service; Street Lights; Elevator,09 Jun 2026,https://www.propertypro.ng/property/2-bedroom-flat-apartment-for-sale-osborne-foreshore-estate-ikoyi-lagos-1PSFM
7PSFN,"Luxury Waterfront 2 Bed Flat, Ikoyi Lagos",415000000.0,"₦ 415,000,000",2.0,2.0,Flat Apartment,Osborne Foreshore Estate Ikoyi Lagos,Osborne Foreshore Estate,Ikoyi,Lagos,Fort Knox,Cctv Cameras; Water Treatment; Restaurants Nearby,09 Jun 2026,https://www.propertypro.ng/property/2-bedroom-flat-apartment-for-sale-osborne-foreshore-estate-ikoyi-lagos-7PSFN
1PTMC,Spacious 4 Bedroom Detached House,185000000.0,"₦ 185,000,000",4.0,5.0,House,Ajah Lekki Lagos,Ajah,Lekki,Lagos,Perfect Images,,19 Jun 2026,https://www.propertypro.ng/property/4-bedroom-house-for-sale-ajah-lekki-lagos-1PTMC
2PTMC,Contemporary 5 Bedroom Duplex,310000000.0,"₦ 310,000,000",5.0,6.0,House,Ajah Lekki Lagos,Ajah,Lekki,Lagos,Perfect Images,,19 Jun 2026,https://www.propertypro.ng/property/5-bedroom-house-for-sale-ajah-lekki-lagos-2PTMC
4PTMC,Newly Built 5 Bedroom Detached Duplex,400000000.0,"₦ 400,000,000",5.0,6.0,House,Ajah Lekki Lagos,Ajah,Lekki,Lagos,Perfect Images,,19 Jun 2026,https://www.propertypro.ng/property/5-bedroom-house-for-sale-ajah-lekki-lagos-4PTMC
7PTMC,Spacious 5 Bedroom Detached Duplex,450000000.0,"₦ 450,000,000",5.0,6.0,House,Ajah Lekki Lagos,Ajah,Lekki,Lagos,Perfect Images,,19 Jun 2026,https://www.propertypro.ng/property/5-bedroom-house-for-sale-ajah-lekki-lagos-7PTMC
9PTPL,Newly Built 5 Bedroom Detached Duplex,280000000.0,"₦ 280,000,000",4.0,5.0,House,Ajah Lekki Lagos,Ajah,Lekki,Lagos,Perfect Images,,19 Jun 2026,https://www.propertypro.ng/property/4-bedroom-house-for-sale-ajah-lekki-lagos-9PTPL
0PTPS,Spacious 2 Bedroom Terrace Duplex,100000000.0,"₦ 100,000,000",2.0,2.0,House,Lekki Lagos,Lekki,Lagos,Lagos,Perfect Images,,19 Jun 2026,https://www.propertypro.ng/property/2-bedroom-house-for-sale-lekki-lagos-0PTPS
3PUSN,Newly Built 3bedroom Terrace Duplex Secured,150000000.0,"₦ 150,000,000",3.0,3.0,House,Ologolo Ologolo Lekki Lagos,Ologolo Ologolo,Lekki,Lagos,New adventures,Serviced; Only on PropertyPro,29 Jun 2026,https://www.propertypro.ng/property/3-bedroom-house-for-sale-ologolo-ologolo-lekki-lagos-3PUSN
7PTPS,Spacious 4 Bedroom Fully Detached Duplex,255000000.0,"₦ 255,000,000",4.0,5.0,House,Ajah Lekki Lagos,Ajah,Lekki,Lagos,Perfect Images,,19 Jun 2026,https://www.propertypro.ng/property/4-bedroom-house-for-sale-ajah-lekki-lagos-7PTPS
2PTPT,Well Maintained 4 Bedroom Fully Detached,250000000.0,"₦ 250,000,000",4.0,5.0,House,Ajah Lekki Lagos,Ajah,Lekki,Lagos,Perfect Images,,19 Jun 2026,https://www.propertypro.ng/property/4-bedroom-house-for-sale-ajah-lekki-lagos-2PTPT
8PTPT,Spacious 2 Bedroom Apartment,80000000.0,"₦ 80,000,000",2.0,3.0,House,Ajah Lekki Lagos,Ajah,Lekki,Lagos,Perfect Images,Mosques Nearby; All Room Ensuit; Boys Quater,19 Jun 2026,https://www.propertypro.ng/property/2-bedroom-house-for-sale-ajah-lekki-lagos-8PTPT
4PUDK,Newly Built 5 Bedroom Detached Duo,400000000.0,"₦ 400,000,000",5.0,6.0,House,Vgc Lekki Lagos,Vgc,Lekki,Lagos,Perfect Images,,24 Jun 2026,https://www.propertypro.ng/property/5-bedroom-house-for-sale-vgc-lekki-lagos-4PUDK
5PUDS,Newly Built Bedroom Semi Detached Duplex,170000000.0,"₦ 170,000,000",4.0,5.0,House,Ajah Lekki Lagos,Ajah,Lekki,Lagos,Perfect Images,,24 Jun 2026,https://www.propertypro.ng/property/4-bedroom-house-for-sale-ajah-lekki-lagos-5PUDS
9PUDU,Spacious 4bedrooms Semi Detached Duplex,200000000.0,"₦ 200,000,000",4.0,5.0,House,Ajah Lekki Lagos,Ajah,Lekki,Lagos,Perfect Images,,24 Jun 2026,https://www.propertypro.ng/property/4-bedroom-house-for-sale-ajah-lekki-lagos-9PUDU
4PTGY,3 Bedroom Apartment With Bq,450000000.0,"₦ 450,000,000",3.0,,Flat Apartment,Oniru Victoria Island Lagos,Oniru Victoria,Island,Lagos,Tugaris Realtor,,17 Jun 2026,https://www.propertypro.ng/property/3-bedroom-flat-apartment-for-sale-oniru-victoria-island-lagos-4PTGY
2PUKD,5 Bedroom Fully Detached Duplex With Bq Swimming Gym,400000000.0,"₦ 400,000,000",5.0,,House,Lekki Lagos,Lekki,Lagos,Lagos,Tugaris Realtor,,26 Jun 2026,https://www.propertypro.ng/property/5-bedroom-house-for-sale-lekki-lagos-2PUKD
1PTGV,2 Bedroom Apartment,350000000.0,"₦ 350,000,000",2.0,,Flat Apartment,Oniru Victoria Island Lagos,Oniru Victoria,Island,Lagos,Tugaris Realtor,,17 Jun 2026,https://www.propertypro.ng/property/2-bedroom-flat-apartment-for-sale-oniru-victoria-island-lagos-1PTGV
6PKCH,Brand New 4 Bedroom Detached Duplex,160000000.0,"₦ 160,000,000",4.0,4.0,House,Ajah Lagos,Ajah,Lagos,Lagos,Vechy Realty,Pop Ceiling; Jacuzzi; Drainage System,07 Apr 2026,https://www.propertypro.ng/property/4-bedroom-house-for-sale-ajah-lagos-6PKCH
9PNKR,Brand New 3 Bedroom Terrace Duplex,110000000.0,"₦ 110,000,000",3.0,3.0,House,Ikota Lekki Lagos,Ikota,Lekki,Lagos,Vechy Realty,Security; Drainage System; Street Lights,06 May 2026,https://www.propertypro.ng/property/3-bedroom-house-for-sale-ikota-lekki-lagos-9PNKR
0NVZL,5 Bedroom Fully Detached Duplex With Bq,750000000.0,"₦ 750,000,000",5.0,,House,Lekki Phase 1 Lekki Lagos,Lekki Phase 1,Lekki,Lagos,Tugaris Realtor,Only on PropertyPro,28 Nov 2025,https://www.propertypro.ng/property/5-bedroom-house-for-sale-lekki-phase-1-lekki-lagos-0NVZL
6PPXV,5 Bedroom Fully Detached Duplex,300000000.0,"₦ 300,000,000",5.0,5.0,House,Sangotedo Ajah Lagos,Sangotedo,Ajah,Lagos,Vechy Realty,Security Doors; Drainage System; All Room Ensuit,19 May 2026,https://www.propertypro.ng/property/5-bedroom-house-for-sale-sangotedo-ajah-lagos-6PPXV
9PQPC,4 Bedroom Fully Detached Duplex,290000000.0,"₦ 290,000,000",4.0,4.0,House,Ajah Lagos,Ajah,Lagos,Lagos,Vechy Realty,Big Compound; Drainage System; Swimming Pool,25 May 2026,https://www.propertypro.ng/property/4-bedroom-house-for-sale-ajah-lagos-9PQPC
3PTKT,Fully Furnished 3 Bedroom Terrace Duplex,115000000.0,"₦ 115,000,000",3.0,3.0,House,Ikota Lekki Lagos,Ikota,Lekki,Lagos,Vechy Realty,,18 Jun 2026,https://www.propertypro.ng/property/3-bedroom-house-for-sale-ikota-lekki-lagos-3PTKT
8PTRN,Brand New 3 Bedroom Terrace With A Self Compound,120000000.0,"₦ 120,000,000",3.0,3.0,House,Ajah Lagos,Ajah,Lagos,Lagos,Vechy Realty,,20 Jun 2026,https://www.propertypro.ng/property/3-bedroom-house-for-sale-ajah-lagos-8PTRN
2PUQU,3bedroom Duplex,100000000.0,"₦ 100,000,000",3.0,4.0,House,"Wuye, Abuja Wuye Abuja","Wuye, Abuja",Wuye,Abuja,Afrimax Properties,,29 Jun 2026,https://www.propertypro.ng/property/3-bedroom-house-for-sale-wuye-abuja-wuye-abuja-2PUQU
1PUQU,800 Square Metre Land ( Tarred Road ),202000000.0,"₦ 202,000,000",,,Land,"1st Avenue, Gwarinpa Abuja Gwarinpa Abuja","1st Avenue, Gwarinpa Abuja",Gwarinpa,Abuja,Afrimax Properties,,29 Jun 2026,https://www.propertypro.ng/property/land-for-sale-1st-avenue-gwarinpa-abuja-gwarinpa-abuja-1PUQU
8PUQT,600 Square Metre Land,60000000.0,"₦ 60,000,000",,,Land,"Dawaki Off News Engineering, Dawaki, Abuja Dawaki Abuja","Dawaki Off News Engineering, Dawaki, Abuja",Dawaki,Abuja,Afrimax Properties,,29 Jun 2026,https://www.propertypro.ng/property/land-for-sale-dawaki-off-news-engineering-dawaki-abuja-dawaki-abuja-8PUQT
6PUQT,3bedroom Bungalow With 2 Rooms Bq,133000000.0,"₦ 133,000,000",3.0,3.0,House,"6th Avenue, Gwarinpa, Abuja Gwarinpa Abuja","6th Avenue, Gwarinpa, Abuja",Gwarinpa,Abuja,Afrimax Properties,Boys Quater,29 Jun 2026,https://www.propertypro.ng/property/3-bedroom-house-for-sale-6th-avenue-gwarinpa-abuja-gwarinpa-abuja-6PUQT
7PUQT,Multi Purpose 603 Square Metre Land,250000000.0,"₦ 250,000,000",,,Land,"Gwarinpa Main, Gwarinpa, Abuja Gwarinpa Abuja","Gwarinpa Main, Gwarinpa, Abuja",Gwarinpa,Abuja,Afrimax Properties,,29 Jun 2026,https://www.propertypro.ng/property/land-for-sale-gwarinpa-main-gwarinpa-abuja-gwarinpa-abuja-7PUQT
4PUQT,Nice 2bedroom Flat,67000000.0,"₦ 67,000,000",2.0,2.0,Flat Apartment,"Katampe Main, Abuja, Lagos Katampe Main Abuja","Katampe Main, Abuja, Lagos Katampe",Main,Abuja,Afrimax Properties,,29 Jun 2026,https://www.propertypro.ng/property/2-bedroom-flat-apartment-for-sale-katampe-main-abuja-lagos-katampe-main-abuja-4PUQT
8PUQR,3bedroom Duplex,135000000.0,"₦ 135,000,000",3.0,4.0,House,"Apo Wumba By Apo Express, Apo, Abuja Apo Abuja","Apo Wumba By Apo Express, Apo, Abuja",Apo,Abuja,Afrimax Properties,Boys Quater,28 Jun 2026,https://www.propertypro.ng/property/3-bedroom-house-for-sale-apo-wumba-by-apo-express-apo-abuja-apo-abuja-8PUQR
1PGPT,Commercial Plot Of Land,11500000000.0,"₦ 11,500,000,000",,,Land,Chevron Drive Lekki Lagos,Chevron Drive,Lekki,Lagos,DFHL,,13 Mar 2026,https://www.propertypro.ng/property/land-for-sale-chevron-drive-lekki-lagos-1PGPT
9PUPX,5bed,530000000.0,"₦ 530,000,000",5.0,5.0,House,Ajah Lagos,Ajah,Lagos,Lagos,New adventures,,28 Jun 2026,https://www.propertypro.ng/property/5-bedroom-house-for-sale-ajah-lagos-9PUPX
6PUPX,2bed,250000000.0,"₦ 250,000,000",2.0,2.0,House,Lekki Phase 1 Lekki Lagos,Lekki Phase 1,Lekki,Lagos,New adventures,,28 Jun 2026,https://www.propertypro.ng/property/2-bedroom-house-for-sale-lekki-phase-1-lekki-lagos-6PUPX
5PUPR,Brand New 3 Bedroom For Sale In Lekki Phase 1,400000000.0,"₦ 400,000,000",3.0,3.0,Flat Apartment,Lekki Phase 1 Lekki Lagos,Lekki Phase 1,Lekki,Lagos,FRANK’s Villa,,28 Jun 2026,https://www.propertypro.ng/property/3-bedroom-flat-apartment-for-sale-lekki-phase-1-lekki-lagos-5PUPR
1PUKX,Land Measuring 880sqm,750000000.0,"₦ 750,000,000",,,Land,Agidingbi Ikeja Lagos Agidingbi Ikeja Lagos,Agidingbi Ikeja Lagos Agidingbi,Ikeja,Lagos,DFHL,,26 Jun 2026,https://www.propertypro.ng/property/land-for-sale-agidingbi-ikeja-lagos-agidingbi-ikeja-lagos-1PUKX
9PQFH,Newly Built 2 Bedroom Apartment With Swimming Pool,200000000.0,"₦ 200,000,000",2.0,3.0,Flat Apartment,Spar Road Ikate Lekki Lagos,Spar Road Ikate,Lekki,Lagos,Innerowrkings investments,24 Hours Security; Security; Swimming Pool,22 May 2026,https://www.propertypro.ng/property/2-bedroom-flat-apartment-for-sale-spar-road-ikate-lekki-lagos-9PQFH
2PTGZ,Well Finished 4 Bedroom Apartment,200000000.0,"₦ 200,000,000",4.0,4.0,Flat Apartment,Mabushi Abuja,Mabushi,Abuja,Abuja,Starzij Realtors,Parking Space; Church Nearby; All Room Ensuit,17 Jun 2026,https://www.propertypro.ng/property/4-bedroom-flat-apartment-for-sale-mabushi-abuja-2PTGZ
4NUXQ,5 Bedroom Smart House,700000000.0,"₦ 700,000,000",5.0,5.0,House,Omole Phase 1 Ojodu Lagos,Omole Phase 1,Ojodu,Lagos,PECONS REALTORS,,18 Nov 2025,https://www.propertypro.ng/property/5-bedroom-house-for-sale-omole-phase-1-ojodu-lagos-4NUXQ
8PSJC,Luxury 5 Bedroom Fully Detached Home,3500000000.0,"₦ 3,500,000,000",5.0,5.0,House,Ikoyi Lagos,Ikoyi,Lagos,Lagos,FRANK’s Villa,,10 Jun 2026,https://www.propertypro.ng/property/5-bedroom-house-for-sale-ikoyi-lagos-8PSJC
2NDKD,4 Bedroom Fully Detached Duplex With Bq,220000000.0,"₦ 220,000,000",4.0,,House,Stargate Oluyole Estate Ibadan Oyo,Stargate Oluyole Estate,Ibadan,Oyo,Openkeys business,Only on PropertyPro,26 Jun 2025,https://www.propertypro.ng/property/house-for-sale-stargate-oluyole-estate-ibadan-oyo-2NDKD
7PKMY,3 Bedroom Apartment/office Space,160000000.0,"₦ 160,000,000",3.0,3.0,Flat Apartment,Awolowo Way Ikeja Lagos,Awolowo Way,Ikeja,Lagos,PMNG Acquisitions,,10 Apr 2026,https://www.propertypro.ng/property/3-bedroom-flat-apartment-for-sale-awolowo-way-ikeja-lagos-7PKMY
9PGQD,7 Bedroom Duplex,590000000.0,"₦ 590,000,000",7.0,7.0,House,Amen Estate Eleko Ibeju Lekki Lagos,Amen Estate Eleko Ibeju,Lekki,Lagos,PECONS REALTORS,,14 Mar 2026,https://www.propertypro.ng/property/7-bedroom-house-for-sale-amen-estate-eleko-ibeju-lekki-lagos-9PGQD
7PBJV,4 Bedroom Terrace Duplex With Bq,220000000.0,"₦ 220,000,000",4.0,4.0,House,Life Camp Abuja,Life,Camp,Abuja,Mutu Daniel,Boys Quater,28 Jan 2026,https://www.propertypro.ng/property/4-bedroom-house-for-sale-life-camp-abuja-7PBJV
3PAVW,3 Bedroom Apartment,75000000.0,"₦ 75,000,000",3.0,3.0,Flat Apartment,Jahi Abuja,Jahi,Abuja,Abuja,Mutu Daniel,All Room Ensuit; Boys Quater,22 Jan 2026,https://www.propertypro.ng/property/3-bedroom-flat-apartment-for-sale-jahi-abuja-3PAVW
0PHWP,5 Bedroom Penthouse,985000000.0,"₦ 985,000,000",5.0,5.0,House,Cowrie Creek Estate Ikate Lekki Lagos,Cowrie Creek Estate Ikate,Lekki,Lagos,PECONS REALTORS,,12 May 2026,https://www.propertypro.ng/property/5-bedroom-house-for-sale-cowrie-creek-estate-ikate-lekki-lagos-0PHWP
0PQGB,5 Bedroom Detached Duplex With Private Elevator,2600000000.0,"₦ 2,600,000,000",5.0,5.0,House,Ikoyi Lagos,Ikoyi,Lagos,Lagos,FRANK’s Villa,,22 May 2026,https://www.propertypro.ng/property/5-bedroom-house-for-sale-ikoyi-lagos-0PQGB
2NXGW,5 Bedroom Fully Detached Duplex With Bq,420000000.0,"₦ 420,000,000",5.0,5.0,House,Life Camp Abuja,Life,Camp,Abuja,Mutu Daniel,,12 Dec 2025,https://www.propertypro.ng/property/5-bedroom-house-for-sale-life-camp-abuja-2NXGW
1PADX,4 Bedroom Semi Detached Duplex With Bq,200000000.0,"₦ 200,000,000",4.0,4.0,House,Kado Abuja,Kado,Abuja,Abuja,Mutu Daniel,All Room Ensuit; Boys Quater,17 Jan 2026,https://www.propertypro.ng/property/4-bedroom-house-for-sale-kado-abuja-1PADX
2PUSQ,Luxurious 5bedroom Fully Detached Duplex With Bq,330000000.0,"₦ 330,000,000",5.0,6.0,House,Ologolo Ologolo Lekki Lagos,Ologolo Ologolo,Lekki,Lagos,New adventures,Serviced; Only on PropertyPro,29 Jun 2026,https://www.propertypro.ng/property/5-bedroom-house-for-sale-ologolo-ologolo-lekki-lagos-2PUSQ
2PSTG,5 Bedroom Fully Detached Duplex + Elevator,850000000.0,"₦ 850,000,000",5.0,5.0,House,Guzape Abuja,Guzape,Abuja,Abuja,BEVIKS REALTY,C Of O; Jacuzzi; Security,13 Jun 2026,https://www.propertypro.ng/property/5-bedroom-house-for-sale-guzape-abuja-2PSTG
9PSBE,Affordable 5 Bedroom Detached Duplex With Elevator,550000000.0,"₦ 550,000,000",5.0,6.0,House,Katampe Extension Katampe Abuja,Katampe Extension,Katampe,Abuja,Innerowrkings investments,Cctv Cameras; 24 Hours Security; Security,08 Jun 2026,https://www.propertypro.ng/property/5-bedroom-house-for-sale-katampe-extension-katampe-abuja-9PSBE
3PTQA,Massive 5bedroom Duplex,239000000.0,"₦ 239,000,000",5.0,5.0,House,"Guzape Main, Guzape, Abuja Guzape Abuja","Guzape Main, Guzape, Abuja",Guzape,Abuja,Afrimax Properties,,19 Jun 2026,https://www.propertypro.ng/property/5-bedroom-house-for-sale-guzape-main-guzape-abuja-guzape-abuja-3PTQA
2PRYH,Unfurnished 2 Bedroom Massionette With Pool & Gym,300000000.0,"₦ 300,000,000",2.0,2.0,House,Lekki Phase 1 Lekki Lagos,Lekki Phase 1,Lekki,Lagos,FRANK’s Villa,,06 Jun 2026,https://www.propertypro.ng/property/2-bedroom-house-for-sale-lekki-phase-1-lekki-lagos-2PRYH
6PRDU,4 Bedroom Duplex With Bq,185000000.0,"₦ 185,000,000",4.0,4.0,House,Jericho Ibadan Oyo,Jericho,Ibadan,Oyo,PECONS REALTORS,,31 May 2026,https://www.propertypro.ng/property/4-bedroom-house-for-sale-jericho-ibadan-oyo-6PRDU
2PRJW,Brand New 5bedroom Duplex With Swimming Pool,380000000.0,"₦ 380,000,000",5.0,5.0,Flat Apartment,Orchid Lekki Lagos,Orchid,Lekki,Lagos,Sac realty,Cctv Cameras; 24 Hours Security; Security,02 Jun 2026,https://www.propertypro.ng/property/5-bedroom-flat-apartment-for-sale-orchid-lekki-lagos-2PRJW
3PSQF,4 Bedroom Semi Detached Duplex With Bq,450000000.0,"₦ 450,000,000",4.0,,House,Adeniyi Jones Ikeja Lagos,Adeniyi Jones,Ikeja,Lagos,PMNG Acquisitions,Boys Quater,12 Jun 2026,https://www.propertypro.ng/property/4-bedroom-house-for-sale-adeniyi-jones-ikeja-lagos-3PSQF
9NRFC,Newly Built 3 Bedroom Apartment,135000000.0,"₦ 135,000,000",3.0,3.0,Flat Apartment,Wuye Wuye Abuja,Wuye,Wuye,Abuja,Mutu Daniel,,12 Oct 2025,https://www.propertypro.ng/property/3-bedroom-flat-apartment-for-sale-wuye-wuye-abuja-9NRFC
8NWNE,6 Bedroom Fully Detached Duplex,3000000000.0,"₦ 3,000,000,000",6.0,6.0,Flat Apartment,Maitama Maitama Abuja,Maitama,Maitama,Abuja,Mutu Daniel,Big Compound; All Room Ensuit; Boys Quater,04 Dec 2025,https://www.propertypro.ng/property/6-bedroom-flat-apartment-for-sale-maitama-maitama-abuja-8NWNE
2PRJE,Newly Built 4 Bedroom Terrace Duplex With Bq,150000000.0,"₦ 150,000,000",4.0,4.0,House,Lekki Scheme 2 Lekki Scheme 2 Ajah Lagos,Lekki Scheme 2 Lekki Scheme 2,Ajah,Lagos,Innerowrkings investments,Security Doors; C Of O; Cctv Cameras,02 Jun 2026,https://www.propertypro.ng/property/4-bedroom-house-for-sale-lekki-scheme-2-lekki-scheme-2-ajah-lagos-2PRJE
3PRYV,Beautiful Luxury 3 Bedroom Apartment With Bq,340000000.0,"₦ 340,000,000",3.0,3.0,Flat / Apartment,Lekki Phase 1 Lekki Lagos,Lekki Phase 1,Lekki,Lagos,Sanrealtor,Only on PropertyPro,06 Jun 2026,https://www.propertypro.ng/property/3-bedroom-flat-apartment-for-sale-lekki-phase-1-lekki-lagos-3PRYV
0PLQE,3 Bedroom Apartment With Bq+elevator,260000000.0,"₦ 260,000,000",3.0,3.0,Flat Apartment,Adeniyi Jones Ikeja Lagos,Adeniyi Jones,Ikeja,Lagos,PMNG Acquisitions,Governor's Consent; Gym; Big Compound,20 Apr 2026,https://www.propertypro.ng/property/3-bedroom-flat-apartment-for-sale-adeniyi-jones-ikeja-lagos-0PLQE
8PTPW,5 Bedroom With Bq,260000000.0,"₦ 260,000,000",5.0,5.0,House,Chevy View Estate Chevron Drive Lekki Lagos,Chevy View Estate Chevron Drive,Lekki,Lagos,PECONS REALTORS,,19 Jun 2026,https://www.propertypro.ng/property/5-bedroom-house-for-sale-chevy-view-estate-chevron-drive-lekki-lagos-8PTPW
3PSSM,"Off Plan 1,2,3,4beds..",79000000.0,"₦ 79,000,000",1.0,2.0,Flat Apartment,Ilupeju Lagos,Ilupeju,Lagos,Lagos,Dollyrealty,Jacuzzi; Cctv Cameras; 24 Hours Security,13 Jun 2026,https://www.propertypro.ng/property/1-bedroom-flat-apartment-for-sale-ilupeju-lagos-3PSSM
3PMCD,4 Bedroom Semi Detached Duplex With Bq,450000000.0,"₦ 450,000,000",4.0,4.0,House,"Opebi, Ikeja Opebi Ikeja Lagos","Opebi, Ikeja Opebi",Ikeja,Lagos,PMNG Acquisitions,,24 Apr 2026,https://www.propertypro.ng/property/4-bedroom-house-for-sale-opebi-ikeja-opebi-ikeja-lagos-3PMCD
7NVSX,4 Bedroom Terraced Duplex,140000000.0,"₦ 140,000,000",4.0,4.0,House,Gwarinpa Abuja,Gwarinpa,Abuja,Abuja,Mutu Daniel,,26 Nov 2025,https://www.propertypro.ng/property/4-bedroom-house-for-sale-gwarinpa-abuja-7NVSX
7PTBX,4 Bedroom Detached Duplex With Bq,350000000.0,"₦ 350,000,000",4.0,5.0,House,Maryland Ikeja Maryland Ikeja Lagos,Maryland Ikeja Maryland,Ikeja,Lagos,PMNG Acquisitions,,16 Jun 2026,https://www.propertypro.ng/property/4-bedroom-house-for-sale-maryland-ikeja-maryland-ikeja-lagos-7PTBX
9PRYB,Beautifully Furnished 2 Bedroom With Pool & Gym,300000000.0,"₦ 300,000,000",2.0,2.0,Flat Apartment,Lekki Phase 1 Lekki Lagos,Lekki Phase 1,Lekki,Lagos,FRANK’s Villa,,06 Jun 2026,https://www.propertypro.ng/property/2-bedroom-flat-apartment-for-sale-lekki-phase-1-lekki-lagos-9PRYB
4PSTJ,"350sqm Of Estate Land, Idu",21600000.0,"₦ 21,600,000",4.0,4.0,Land,Idu Abuja,Idu,Abuja,Abuja,BEVIKS REALTY,C Of O; Big Compound; 24 Hours Electricity,13 Jun 2026,https://www.propertypro.ng/property/4-bedroom-land-for-sale-idu-abuja-4PSTJ
7PQFZ,4 Bedroom Maisonette,850000000.0,"₦ 850,000,000",4.0,4.0,House,Mojisola Onikoyi Estate Ikoyi Lagos,Mojisola Onikoyi Estate,Ikoyi,Lagos,FRANK’s Villa,,22 May 2026,https://www.propertypro.ng/property/4-bedroom-house-for-sale-mojisola-onikoyi-estate-ikoyi-lagos-7PQFZ
8NMPH,6 Bedroom Waterfront Detached Home,8000000000.0,"₦ 8,000,000,000",6.0,6.0,House,Banana Island Ikoyi Lagos,Banana Island,Ikoyi,Lagos,First Colony,Only on PropertyPro,08 Sep 2025,https://www.propertypro.ng/property/6-bedroom-house-for-sale-banana-island-ikoyi-lagos-8NMPH
5PTNA,4 Bedroom Semi Detached Duplex,400000000.0,"₦ 400,000,000",4.0,,House,Chevron Lekki Lagos,Chevron,Lekki,Lagos,Sac realty,,19 Jun 2026,https://www.propertypro.ng/property/4-bedroom-house-for-sale-chevron-lekki-lagos-5PTNA
5PKSD,5 Bedroom Duplex,1000000000.0,"₦ 1,000,000,000",5.0,5.0,House,Ikeja Gra Ikeja Lagos,Ikeja Gra,Ikeja,Lagos,PECONS REALTORS,,12 Apr 2026,https://www.propertypro.ng/property/5-bedroom-house-for-sale-ikeja-gra-ikeja-lagos-5PKSD
0PRRU,Fully Furnished 2bedroom Apartment With Pool & Gym,110000000.0,"₦ 110,000,000",2.0,2.0,House,Inside A Well Secured Estate Located Before Chevron Traffic Lights Igbo Efon Lekki Lagos,Inside A Well Secured Estate Located Before Chevron Traffic Lights Igbo Efon,Lekki,Lagos,Oyewo Abiola,,04 Jun 2026,https://www.propertypro.ng/property/2-bedroom-house-for-sale-inside-a-well-secured-estate-located-before-chevron-traffic-lights-igbo-efon-lekki-lagos-0PRRU
2PQLM,Luxury 3 Bedroom Apartment,1050000000.0,"₦ 1,050,000,000",3.0,3.0,Flat Apartment,Maitama Abuja,Maitama,Abuja,Abuja,Innerowrkings investments,Cctv Cameras; 24 Hours Security; Security,24 May 2026,https://www.propertypro.ng/property/3-bedroom-flat-apartment-for-sale-maitama-abuja-2PQLM
8NRFD,Luxurious 3 Bedroom Penthouse With Bq & Swimming Pool,1000000000.0,"₦ 1,000,000,000",3.0,3.0,Flat Apartment,Wuye Wuye Abuja,Wuye,Wuye,Abuja,Mutu Daniel,,12 Oct 2025,https://www.propertypro.ng/property/3-bedroom-flat-apartment-for-sale-wuye-wuye-abuja-8NRFD
6PLZU,Newly Built 4 Bedroom Terrace Duplex With Bq,350000000.0,"₦ 350,000,000",4.0,4.0,House,Jahi Abuja,Jahi,Abuja,Abuja,Starzij Realtors,Big Compound; Cctv Cameras; 24 Hours Security,23 Apr 2026,https://www.propertypro.ng/property/4-bedroom-house-for-sale-jahi-abuja-6PLZU
7PRJV,Brand New 5bedroom Duplex With Swimming Pool,400000000.0,"₦ 400,000,000",5.0,5.0,Flat Apartment,Orchid Lekki Lagos,Orchid,Lekki,Lagos,Sac realty,Jacuzzi; Cctv Cameras; 24 Hours Security,02 Jun 2026,https://www.propertypro.ng/property/5-bedroom-flat-apartment-for-sale-orchid-lekki-lagos-7PRJV
9PQEY,2 Bedroom Duplex,110000000.0,"₦ 110,000,000",2.0,2.0,House,Lekki Scheme 2 Ajah Lagos,Lekki Scheme 2,Ajah,Lagos,Innerowrkings investments,Security Doors; C Of O; Big Compound,21 May 2026,https://www.propertypro.ng/property/2-bedroom-house-for-sale-lekki-scheme-2-ajah-lagos-9PQEY
6PTNU,7 Bedroom Detached Duplex With Cinema + Gym+ Pool,1700000000.0,"₦ 1,700,000,000",7.0,7.0,House,Hampton Bay Estate Ikate Lekki Lagos,Hampton Bay Estate Ikate,Lekki,Lagos,Innerowrkings investments,Cctv Cameras; 24 Hours Security; Security,19 Jun 2026,https://www.propertypro.ng/property/7-bedroom-house-for-sale-hampton-bay-estate-ikate-lekki-lagos-6PTNU
8PHGU,4 Bedroom Terraced Duplex,299000000.0,"₦ 299,000,000",4.0,4.0,House,Akora Estate Adeniyi Jones Ikeja Lagos,Akora Estate Adeniyi Jones,Ikeja,Lagos,PMNG Acquisitions,Boys Quater,20 Mar 2026,https://www.propertypro.ng/property/4-bedroom-house-for-sale-akora-estate-adeniyi-jones-ikeja-lagos-8PHGU
4NFZN,2 Bedroom Apartment With Bq,220000000.0,"₦ 220,000,000",2.0,,Flat / Apartment,Ikate Lekki Lagos,Ikate,Lekki,Lagos,Tugaris Realtor,Only on PropertyPro,18 Jul 2025,https://www.propertypro.ng/property/2-bedroom-flat-apartment-for-sale-ikate-lekki-lagos-4NFZN
8PTJK,Newly Built 2 Bedroom Apartment With Smart Features,500000000.0,"₦ 500,000,000",2.0,2.0,Flat Apartment,Oniru Victoria Island Lagos,Oniru Victoria,Island,Lagos,Innerowrkings investments,Cctv Cameras; 24 Hours Security; Security,17 Jun 2026,https://www.propertypro.ng/property/2-bedroom-flat-apartment-for-sale-oniru-victoria-island-lagos-8PTJK
7PTPB,8 Units Of 2bedroom Flats (tarred Road),299000000.0,"₦ 299,000,000",10.0,10.0,House,Lokogoma Abuja Lokogoma Abuja,Lokogoma Abuja,Lokogoma,Abuja,Afrimax Properties,,19 Jun 2026,https://www.propertypro.ng/property/10-bedroom-house-for-sale-lokogoma-abuja-lokogoma-abuja-7PTPB
1PTXW,Luxury 4 Bedroom Semi Detached Duplex With Bq,360000000.0,"₦ 360,000,000",4.0,4.0,House,Alaka Estate Surulere Lagos,Alaka Estate,Surulere,Lagos,Innerowrkings investments,Security Doors; Cctv Cameras; 24 Hours Security,22 Jun 2026,https://www.propertypro.ng/property/4-bedroom-house-for-sale-alaka-estate-surulere-lagos-1PTXW
3PPRU,2500 Square Metres Land,480000000.0,"₦ 480,000,000",,,Land,Alalubosa Gra Jericho Ibadan Oyo,Alalubosa Gra Jericho,Ibadan,Oyo,PECONS REALTORS,,17 May 2026,https://www.propertypro.ng/property/land-for-sale-alalubosa-gra-jericho-ibadan-oyo-3PPRU
4PUDV,17 Rooms Duplex With Guest Chalet And Bq,1290000000.0,"₦ 1,290,000,000",17.0,17.0,House,Utako Abuja,Utako,Abuja,Abuja,Afrimax Properties,Boys Quater,24 Jun 2026,https://www.propertypro.ng/property/17-bedroom-house-for-sale-utako-abuja-4PUDV
9PLZQ,5 Units Of 4 Bedroom Terrace Duplex With Bq,350000000.0,"₦ 350,000,000",4.0,4.0,House,Guzape Abuja,Guzape,Abuja,Abuja,Starzij Realtors,Big Compound; Cctv Cameras; 24 Hours Security,23 Apr 2026,https://www.propertypro.ng/property/4-bedroom-house-for-sale-guzape-abuja-9PLZQ
2PSGU,Luxury 5 Bedroom Detached Duplex With Swimming Pool,450000000.0,"₦ 450,000,000",5.0,5.0,House,Hrc Estate Harris Drive Vgc Lekki Lagos,Hrc Estate Harris Drive Vgc,Lekki,Lagos,Innerowrkings investments,Security Doors; Governor's Consent; Cctv Cameras,09 Jun 2026,https://www.propertypro.ng/property/5-bedroom-house-for-sale-hrc-estate-harris-drive-vgc-lekki-lagos-2PSGU
4PRJV,Brand New 5bedroom Duplex With Rooftop Swimming Pool,600000000.0,"₦ 600,000,000",5.0,5.0,Flat Apartment,Orchid Lekki Lagos,Orchid,Lekki,Lagos,Sac realty,Jacuzzi; Cctv Cameras; 24 Hours Security,02 Jun 2026,https://www.propertypro.ng/property/5-bedroom-flat-apartment-for-sale-orchid-lekki-lagos-4PRJV
7PNAJ,Land 676sqm,600000000.0,"₦ 600,000,000",,,Land,Opebi Ikeja Lagos,Opebi,Ikeja,Lagos,PECONS REALTORS,,04 May 2026,https://www.propertypro.ng/property/land-for-sale-opebi-ikeja-lagos-7PNAJ
7PSTK,500sqms Of Land Beside Idu Train Station,31600000.0,"₦ 31,600,000",5.0,5.0,Land,Idu Abuja,Idu,Abuja,Abuja,BEVIKS REALTY,Boys Quater,13 Jun 2026,https://www.propertypro.ng/property/5-bedroom-land-for-sale-idu-abuja-7PSTK
8PRXT,Fully Serviced 1 Bedroom With Pool & Gym For Sale,150000000.0,"₦ 150,000,000",1.0,1.0,Flat Apartment,Lekki Phase 1 Lekki Lagos,Lekki Phase 1,Lekki,Lagos,FRANK’s Villa,,06 Jun 2026,https://www.propertypro.ng/property/1-bedroom-flat-apartment-for-sale-lekki-phase-1-lekki-lagos-8PRXT
9PQKV,Newly Built 4 Bedroom Semi Detached Duplex With Bq,270000000.0,"₦ 270,000,000",4.0,4.0,House,Ologolo Lekki Lagos,Ologolo,Lekki,Lagos,Innerowrkings investments,Security Doors; C Of O; Governor's Consent,23 May 2026,https://www.propertypro.ng/property/4-bedroom-house-for-sale-ologolo-lekki-lagos-9PQKV
5PRZA,Newly Renovated 2bedroom Apartment In Sangotedo,60000000.0,"₦ 60,000,000",2.0,2.0,House,Value County Estate Sangotedo Ajah Lagos,Value County Estate Sangotedo,Ajah,Lagos,Oyewo Abiola,,06 Jun 2026,https://www.propertypro.ng/property/2-bedroom-house-for-sale-value-county-estate-sangotedo-ajah-lagos-5PRZA
9NXMD,4 Bedroom Bungalow With 2 Units Of 1 Bedroom Flat,200000000.0,"₦ 200,000,000",4.0,4.0,House,"Carlton Gate Estate, Akobo Ibadan Oyo","Carlton Gate Estate, Akobo",Ibadan,Oyo,PECONS REALTORS,,15 Dec 2025,https://www.propertypro.ng/property/4-bedroom-house-for-sale-carlton-gate-estate-akobo-ibadan-oyo-9NXMD
0PLZZ,Newly Built 4 Bedroom Detached Duplex With Bq,300000000.0,"₦ 300,000,000",4.0,4.0,House,Karsana Abuja,Karsana,Abuja,Abuja,Starzij Realtors,Cctv Cameras; 24 Hours Security; Security,23 Apr 2026,https://www.propertypro.ng/property/4-bedroom-house-for-sale-karsana-abuja-0PLZZ
1PGRY,4 Bedroom Duplex With Swimming Pool,300000000.0,"₦ 300,000,000",4.0,4.0,House,Old Bodija Estates Bodija Ibadan Oyo,Old Bodija Estates Bodija,Ibadan,Oyo,PECONS REALTORS,,15 Mar 2026,https://www.propertypro.ng/property/4-bedroom-house-for-sale-old-bodija-estates-bodija-ibadan-oyo-1PGRY
2PRJH,Primed 600sqm Residential Plot With Payment Plan,390000000.0,"₦ 390,000,000",,,Land,Victoria Garden City Vgc Lekki Lagos,Victoria Garden City Vgc,Lekki,Lagos,Innerowrkings investments,,02 Jun 2026,https://www.propertypro.ng/property/land-for-sale-victoria-garden-city-vgc-lekki-lagos-2PRJH
2PTPN,6 Bedroom Detached Duplex With Excellent Finishing,480000000.0,"₦ 480,000,000",6.0,6.0,House,Dakwo Abuja,Dakwo,Abuja,Abuja,Innerowrkings investments,Big Compound; 24 Hours Security; Security,19 Jun 2026,https://www.propertypro.ng/property/6-bedroom-house-for-sale-dakwo-abuja-2PTPN
9PSEJ,6 Bedroom Semi Detached Duplex With Swimming Pool,750000000.0,"₦ 750,000,000",6.0,6.0,House,Hampton Bay Estate Ikate Lekki Lagos,Hampton Bay Estate Ikate,Lekki,Lagos,Innerowrkings investments,Cctv Cameras; 24 Hours Security; Security,09 Jun 2026,https://www.propertypro.ng/property/6-bedroom-house-for-sale-hampton-bay-estate-ikate-lekki-lagos-9PSEJ
1PSLP,Newly Built 5 Bedroom Duplex,220000000.0,"₦ 220,000,000",5.0,5.0,House,Trans Ekulu Enugu Enugu,Trans Ekulu,Enugu,Enugu,Uchay properties,Newly Built; Furnished; Only on PropertyPro,11 Jun 2026,https://www.propertypro.ng/property/5-bedroom-house-for-sale-trans-ekulu-enugu-enugu-1PSLP
8PAKA,4 Bedroom Terraced Duplex With 1 Bq,360000000.0,"₦ 360,000,000",4.0,4.0,House,Wuye Abuja,Wuye,Abuja,Abuja,Mutu Daniel,Boys Quater,19 Jan 2026,https://www.propertypro.ng/property/4-bedroom-house-for-sale-wuye-abuja-8PAKA
1NRRS,Land 720 Sqm,48000000.0,"₦ 48,000,000",,,Land,Akobo Ibadan Oyo,Akobo,Ibadan,Oyo,PECONS REALTORS,,15 Oct 2025,https://www.propertypro.ng/property/land-for-sale-akobo-ibadan-oyo-1NRRS
5PULD,50 Rooms Hotels,600000000.0,"₦ 600,000,000",,,Commercial Property,Egbeda Alimosho Lagos,Egbeda,Alimosho,Lagos,PECONS REALTORS,,26 Jun 2026,https://www.propertypro.ng/property/commercial-property-for-sale-egbeda-alimosho-lagos-5PULD
1PKQG,2 Storey Commercial Building,1000000000.0,"₦ 1,000,000,000",,,Commercial Property,Secretariat Bodija Ibadan Oyo,Secretariat Bodija,Ibadan,Oyo,PECONS REALTORS,,11 Apr 2026,https://www.propertypro.ng/property/commercial-property-for-sale-secretariat-bodija-ibadan-oyo-1PKQG
5PRUN,Furnished 4 Bedroom Terrace Duplex For Sale,750000000.0,"₦ 750,000,000",4.0,4.0,House,Oniru Victoria Island Lagos,Oniru Victoria,Island,Lagos,FRANK’s Villa,,05 Jun 2026,https://www.propertypro.ng/property/4-bedroom-house-for-sale-oniru-victoria-island-lagos-5PRUN
3PTGZ,Newly Built 4 Bedroom Apartment,400000000.0,"₦ 400,000,000",4.0,4.0,Flat Apartment,Ikeja Gra Ikeja Lagos,Ikeja Gra,Ikeja,Lagos,PMNG Acquisitions,,17 Jun 2026,https://www.propertypro.ng/property/4-bedroom-flat-apartment-for-sale-ikeja-gra-ikeja-lagos-3PTGZ
1PAVW,6 Bedroom Semi Detached Duplex With 1 Bq,265000000.0,"₦ 265,000,000",6.0,6.0,House,Apo Dutse Abuja,Apo,Dutse,Abuja,Mutu Daniel,Boys Quater,22 Jan 2026,https://www.propertypro.ng/property/6-bedroom-house-for-sale-apo-dutse-abuja-1PAVW
0PQBK,5 Bedroom Detached Duplex With Bq,750000000.0,"₦ 750,000,000",5.0,,House,Adeniyi Jones Ikeja Lagos,Adeniyi Jones,Ikeja,Lagos,PMNG Acquisitions,Boys Quater,21 May 2026,https://www.propertypro.ng/property/5-bedroom-house-for-sale-adeniyi-jones-ikeja-lagos-0PQBK
2PLQA,4 Bedroom Masionette,420000000.0,"₦ 420,000,000",4.0,,House,Adeniyi Jones Ikeja Lagos,Adeniyi Jones,Ikeja,Lagos,PMNG Acquisitions,Governor's Consent; Gym; Big Compound,20 Apr 2026,https://www.propertypro.ng/property/4-bedroom-house-for-sale-adeniyi-jones-ikeja-lagos-2PLQA
0PHST,4 Bedroom Duplex With Swimming Pool,300000000.0,"₦ 300,000,000",4.0,4.0,House,Off Awolowo Road Old Bodija Estates Bodija Ibadan Oyo,Off Awolowo Road Old Bodija Estates Bodija,Ibadan,Oyo,PECONS REALTORS,,24 Mar 2026,https://www.propertypro.ng/property/4-bedroom-house-for-sale-off-awolowo-road-old-bodija-estates-bodija-ibadan-oyo-0PHST
3PKNC,"4 Bedroom Terrace Duplex+bq, Solar Inverter",300000000.0,"₦ 300,000,000",4.0,4.0,House,Opebi Ikeja Lagos,Opebi,Ikeja,Lagos,PMNG Acquisitions,,10 Apr 2026,https://www.propertypro.ng/property/4-bedroom-house-for-sale-opebi-ikeja-lagos-3PKNC
0NXCZ,5 Bedroom Terrace Duplex With Bq,550000000.0,"₦ 550,000,000",5.0,5.0,House,Maitama Abuja,Maitama,Abuja,Abuja,Mutu Daniel,All Room Ensuit; Boys Quater,10 Dec 2025,https://www.propertypro.ng/property/5-bedroom-house-for-sale-maitama-abuja-0NXCZ
0NRFE,2 Bedroom Apartment For Sale,45000000.0,"₦ 45,000,000",2.0,2.0,Flat Apartment,Apo Wumba Apo Abuja,Apo Wumba,Apo,Abuja,Mutu Daniel,,12 Oct 2025,https://www.propertypro.ng/property/2-bedroom-flat-apartment-for-sale-apo-wumba-apo-abuja-0NRFE
2PSTJ,200sqm Of Land Beside Idu Train Station,12600000.0,"₦ 12,600,000",3.0,3.0,Land,Idu Abuja,Idu,Abuja,Abuja,BEVIKS REALTY,C Of O; Big Compound; 24 Hours Security,13 Jun 2026,https://www.propertypro.ng/property/3-bedroom-land-for-sale-idu-abuja-2PSTJ
4PRQG,"6 Bedroom Duplex With Elevator, 2bq, Cinema & Gym",1400000000.0,"₦ 1,400,000,000",6.0,6.0,House,Lekki Phase 1 Lekki Lagos,Lekki Phase 1,Lekki,Lagos,Oyewo Abiola,,03 Jun 2026,https://www.propertypro.ng/property/6-bedroom-house-for-sale-lekki-phase-1-lekki-lagos-4PRQG
2PTPC,5 Bedroom Detached Duplex With Swimming Pool,450000000.0,"₦ 450,000,000",5.0,,House,Chevron Lekki Lagos,Chevron,Lekki,Lagos,Sac realty,,19 Jun 2026,https://www.propertypro.ng/property/5-bedroom-house-for-sale-chevron-lekki-lagos-2PTPC
4PQBK,3 Bedroom Apartment With Bq,699000000.0,"₦ 699,000,000",3.0,3.0,Flat Apartment,Shonibare Estate Maryland Lagos,Shonibare Estate,Maryland,Lagos,PMNG Acquisitions,Gym; Parking Space; Swimming Pool,21 May 2026,https://www.propertypro.ng/property/3-bedroom-flat-apartment-for-sale-shonibare-estate-maryland-lagos-4PQBK
3PTGP,4 Bedroom Duplex With Ai Assited Cctv,425000000.0,"₦ 425,000,000",4.0,4.0,House,Aerodrome Gra Samonda Ibadan Oyo,Aerodrome Gra Samonda,Ibadan,Oyo,PECONS REALTORS,,17 Jun 2026,https://www.propertypro.ng/property/4-bedroom-house-for-sale-aerodrome-gra-samonda-ibadan-oyo-3PTGP
6PLWR,Newly Built 4 Bedroom Terraced Duplex With Bq,400000000.0,"₦ 400,000,000",4.0,4.0,House,Wuye Abuja,Wuye,Abuja,Abuja,Starzij Realtors,C Of O; Cctv Cameras; 24 Hours Security,22 Apr 2026,https://www.propertypro.ng/property/4-bedroom-house-for-sale-wuye-abuja-6PLWR
7NHKJ,3 Bedroom Apartment With Bq,400000000.0,"₦ 400,000,000",3.0,3.0,Flat Apartment,Gra Ikeja Gra Ikeja Lagos,Gra Ikeja Gra,Ikeja,Lagos,PECONS REALTORS,,30 Jul 2025,https://www.propertypro.ng/property/3-bedroom-flat-apartment-for-sale-gra-ikeja-gra-ikeja-lagos-7NHKJ
5PLZL,5 Bedroom Detached Bungalow,280000000.0,"₦ 280,000,000",5.0,5.0,House,Life Camp Abuja,Life,Camp,Abuja,Starzij Realtors,Big Compound; Cctv Cameras; 24 Hours Security,23 Apr 2026,https://www.propertypro.ng/property/5-bedroom-house-for-sale-life-camp-abuja-5PLZL
6PTQM,New 5bedroom Duplex With A Bq,479000000.0,"₦ 479,000,000",5.0,6.0,House,"Galadimawa By Sunnyvale Axis, Galadimawa, Abuja Galadimawa Abuja","Galadimawa By Sunnyvale Axis, Galadimawa, Abuja",Galadimawa,Abuja,Afrimax Properties,Boys Quater,20 Jun 2026,https://www.propertypro.ng/property/5-bedroom-house-for-sale-galadimawa-by-sunnyvale-axis-galadimawa-abuja-galadimawa-abuja-6PTQM
9NXGW,5 Bedroom Fully Detached Duplex With 2 Bq,800000000.0,"₦ 800,000,000",5.0,5.0,House,Jabi Abuja,Jabi,Abuja,Abuja,Mutu Daniel,,12 Dec 2025,https://www.propertypro.ng/property/5-bedroom-house-for-sale-jabi-abuja-9NXGW
9PNXC,4 Bedroom Detached Duplex,220000000.0,"₦ 220,000,000",4.0,4.0,House,Ikolaba Estate Bodija Ibadan Oyo,Ikolaba Estate Bodija,Ibadan,Oyo,PECONS REALTORS,,11 May 2026,https://www.propertypro.ng/property/4-bedroom-house-for-sale-ikolaba-estate-bodija-ibadan-oyo-9PNXC
6PSEM,Brand 4bedroom Terrace Duplex With Swimming Pool,350000000.0,"₦ 350,000,000",4.0,4.0,Flat Apartment,Osapa London Lekki Lagos,Osapa London,Lekki,Lagos,Sac realty,Jacuzzi; Cctv Cameras; 24 Hours Security,09 Jun 2026,https://www.propertypro.ng/property/4-bedroom-flat-apartment-for-sale-osapa-london-lekki-lagos-6PSEM
9PTNA,Decent 2bedroom Flat,49900000.0,"₦ 49,900,000",2.0,2.0,Flat Apartment,"Kabusa Gardens Estate, Galadimawa Dakwo, Abuja Galadimawa Abuja","Kabusa Gardens Estate, Galadimawa Dakwo, Abuja",Galadimawa,Abuja,Afrimax Properties,,19 Jun 2026,https://www.propertypro.ng/property/2-bedroom-flat-apartment-for-sale-kabusa-gardens-estate-galadimawa-dakwo-abuja-galadimawa-abuja-9PTNA
9PKMV,3 Bedroom Apartment,157500000.0,"₦ 157,500,000",3.0,3.0,Flat Apartment,Dideolu Court Ogba Gra Ogba Lagos,Dideolu Court Ogba Gra,Ogba,Lagos,PMNG Acquisitions,,10 Apr 2026,https://www.propertypro.ng/property/3-bedroom-flat-apartment-for-sale-dideolu-court-ogba-gra-ogba-lagos-9PKMV
1PKMR,5 Bedroom Detached Duplex With Bq,700000000.0,"₦ 700,000,000",5.0,5.0,House,Omole Phase 1 Ojodu Lagos,Omole Phase 1,Ojodu,Lagos,PMNG Acquisitions,,10 Apr 2026,https://www.propertypro.ng/property/5-bedroom-house-for-sale-omole-phase-1-ojodu-lagos-1PKMR
1PSTH,5 Bedroom Fully Detached Duplex + Bq,750000000.0,"₦ 750,000,000",5.0,5.0,House,Guzape Abuja,Guzape,Abuja,Abuja,BEVIKS REALTY,Only on PropertyPro,13 Jun 2026,https://www.propertypro.ng/property/5-bedroom-house-for-sale-guzape-abuja-1PSTH
6PMAA,5 Bedroom Detached Duplex With Bq,1200000000.0,"₦ 1,200,000,000",5.0,,House,Ikeja Gra Ikeja Lagos,Ikeja Gra,Ikeja,Lagos,PMNG Acquisitions,Boys Quater,23 Apr 2026,https://www.propertypro.ng/property/5-bedroom-house-for-sale-ikeja-gra-ikeja-lagos-6PMAA
2PTHW,Well Finished 3 Bedroom Apartment With Bq,400000000.0,"₦ 400,000,000",3.0,,Flat Apartment,Ikeja Gra Ikeja Lagos,Ikeja Gra,Ikeja,Lagos,PMNG Acquisitions,Swimming Pool; Elevator; Boys Quater,17 Jun 2026,https://www.propertypro.ng/property/3-bedroom-flat-apartment-for-sale-ikeja-gra-ikeja-lagos-2PTHW
9PRQG,"5 Bedroom Fully Detached Duplex At Chevron, Lekki",420000000.0,"₦ 420,000,000",5.0,5.0,House,Chevron Lekki Lagos,Chevron,Lekki,Lagos,Oyewo Abiola,,03 Jun 2026,https://www.propertypro.ng/property/5-bedroom-house-for-sale-chevron-lekki-lagos-9PRQG
4PADW,7 Bedroom Fully Detached Duplex With Bq,3500000000.0,"₦ 3,500,000,000",7.0,7.0,House,Maitama Abuja,Maitama,Abuja,Abuja,Mutu Daniel,All Room Ensuit; Boys Quater,17 Jan 2026,https://www.propertypro.ng/property/7-bedroom-house-for-sale-maitama-abuja-4PADW
6PUHJ,Newly Built 4 Bedroom Detached Duplex With Bq,550000000.0,"₦ 550,000,000",5.0,5.0,House,Mayrose Park Estate Vgc Lekki Lagos,Mayrose Park Estate Vgc,Lekki,Lagos,Innerowrkings investments,Cctv Cameras; 24 Hours Security; Security,26 Jun 2026,https://www.propertypro.ng/property/5-bedroom-house-for-sale-mayrose-park-estate-vgc-lekki-lagos-6PUHJ
9PJWM,5 Bedroom Duplex,450000000.0,"₦ 450,000,000",5.0,5.0,House,Vgc Lekki Lagos,Vgc,Lekki,Lagos,PECONS REALTORS,,04 Apr 2026,https://www.propertypro.ng/property/5-bedroom-house-for-sale-vgc-lekki-lagos-9PJWM
8PPXH,3 Bedroom Apartment,230000000.0,"₦ 230,000,000",3.0,3.0,Flat Apartment,"Halcon Court, Adeniyi Jones Ikeja Lagos","Halcon Court, Adeniyi Jones",Ikeja,Lagos,PMNG Acquisitions,Governor's Consent; Gym; 24 Hours Security,19 May 2026,https://www.propertypro.ng/property/3-bedroom-flat-apartment-for-sale-halcon-court-adeniyi-jones-ikeja-lagos-8PPXH
1PGTR,4 Bedroom Duplex With Bq,250000000.0,"₦ 250,000,000",4.0,4.0,House,Alalubosa Gra Jericho Ibadan Oyo,Alalubosa Gra Jericho,Ibadan,Oyo,PECONS REALTORS,,16 Mar 2026,https://www.propertypro.ng/property/4-bedroom-house-for-sale-alalubosa-gra-jericho-ibadan-oyo-1PGTR
0PTXX,Luxury 4 Bedroom Detached Duplex With Bq,475000000.0,"₦ 475,000,000",4.0,4.0,House,Alaka Estate Surulere Lagos,Alaka Estate,Surulere,Lagos,Innerowrkings investments,Big Compound; 24 Hours Security; Security,22 Jun 2026,https://www.propertypro.ng/property/4-bedroom-house-for-sale-alaka-estate-surulere-lagos-0PTXX
5PPYP,Serviced 3 Bedroom Flat,120000000.0,"₦ 120,000,000",3.0,3.0,Flat Apartment,Sangotedo Lagos,Sangotedo,Lagos,Lagos,FRANK’s Villa,,20 May 2026,https://www.propertypro.ng/property/3-bedroom-flat-apartment-for-sale-sangotedo-lagos-5PPYP
8PRQE,3 Bedroom Flat With Bq For Sale In Banana Island,950000000.0,"₦ 950,000,000",3.0,3.0,Flat Apartment,Banana Island Ikoyi Lagos,Banana Island,Ikoyi,Lagos,FRANK’s Villa,,03 Jun 2026,https://www.propertypro.ng/property/3-bedroom-flat-apartment-for-sale-banana-island-ikoyi-lagos-8PRQE
7NNMF,Orange Mall,84000000.0,"₦ 84,000,000",,,Commercial Property,Katampe Main Abuja,Katampe,Main,Abuja,Besproperties,Only on PropertyPro,16 Sep 2025,https://www.propertypro.ng/property/commercial-property-for-sale-katampe-main-abuja-7NNMF
8PGYE,3 Bedroom Duplex,375000000.0,"₦ 375,000,000",3.0,3.0,House,Samonda Ibadan Oyo,Samonda,Ibadan,Oyo,PECONS REALTORS,,17 Mar 2026,https://www.propertypro.ng/property/3-bedroom-house-for-sale-samonda-ibadan-oyo-8PGYE
0PMPN,Off Plan: 4 Bedroom Terraced Duplex With Bq,420000000.0,"₦ 420,000,000",4.0,4.0,House,Adeniyi Jones Ikeja Lagos,Adeniyi Jones,Ikeja,Lagos,PMNG Acquisitions,,29 Apr 2026,https://www.propertypro.ng/property/4-bedroom-house-for-sale-adeniyi-jones-ikeja-lagos-0PMPN
7PMCR,Newly Built 5 Bedroom Fully Detached Duplex,350000000.0,"₦ 350,000,000",5.0,5.0,House,Katampe Extension Katampe Abuja,Katampe Extension,Katampe,Abuja,Starzij Realtors,Cctv Cameras; 24 Hours Security; Security,24 Apr 2026,https://www.propertypro.ng/property/5-bedroom-house-for-sale-katampe-extension-katampe-abuja-7PMCR
4NHNU,5 Bedroom Duplex With Swimming Pool,700000000.0,"₦ 700,000,000",5.0,5.0,House,Omole Phase I Ikeja Gra Ikeja Lagos,Omole Phase I Ikeja Gra,Ikeja,Lagos,PECONS REALTORS,,31 Jul 2025,https://www.propertypro.ng/property/5-bedroom-house-for-sale-omole-phase-i-ikeja-gra-ikeja-lagos-4NHNU
8PRLX,5 Bedroom Detached Duplex With Elevator + Cinema,3500000000.0,"₦ 3,500,000,000",5.0,5.0,House,Parkview Estate Ikoyi Lagos,Parkview Estate,Ikoyi,Lagos,Innerowrkings investments,Jacuzzi; Cctv Cameras; 24 Hours Security,02 Jun 2026,https://www.propertypro.ng/property/5-bedroom-house-for-sale-parkview-estate-ikoyi-lagos-8PRLX
3LRDM,672 Residential Plots Of Land In A Beautiful Estate,279000000.0,"₦ 279,000,000",,,Land,Vgc Lekki Lagos,Vgc,Lekki,Lagos,Innerowrkings investments,Governor's Consent; Cctv Cameras; 24 Hours Security,25 Sep 2025,https://www.propertypro.ng/property/land-for-sale-vgc-lekki-lagos-3LRDM
0PLSF,4 Bedroom Semi Detached Duplex With Bq,350000000.0,"₦ 350,000,000",4.0,4.0,House,Opebi Ikeja Lagos,Opebi,Ikeja,Lagos,PMNG Acquisitions,,21 Apr 2026,https://www.propertypro.ng/property/4-bedroom-house-for-sale-opebi-ikeja-lagos-0PLSF
8PLQH,2 Bedroom Apartment With Bq,210000000.0,"₦ 210,000,000",2.0,2.0,Flat Apartment,Adeniyi Jones Ikeja Lagos,Adeniyi Jones,Ikeja,Lagos,PMNG Acquisitions,Governor's Consent; Gym; Big Compound,20 Apr 2026,https://www.propertypro.ng/property/2-bedroom-flat-apartment-for-sale-adeniyi-jones-ikeja-lagos-8PLQH
7PMLP,Newly Built 5 Bedroom Detached Duplex,3000000000.0,"₦ 3,000,000,000",5.0,5.0,House,Wuye Abuja,Wuye,Abuja,Abuja,Starzij Realtors,Cctv Cameras; 24 Hours Security; Security,28 Apr 2026,https://www.propertypro.ng/property/5-bedroom-house-for-sale-wuye-abuja-7PMLP
1NWLU,3 Bedroom Flat,700000000.0,"₦ 700,000,000",3.0,3.0,Flat Apartment,Maitama Maitama Abuja,Maitama,Maitama,Abuja,Mutu Daniel,,04 Dec 2025,https://www.propertypro.ng/property/3-bedroom-flat-apartment-for-sale-maitama-maitama-abuja-1NWLU
2PLZF,Newly Built 5 Bedroom Smart Duplex With Bq,550000000.0,"₦ 550,000,000",5.0,5.0,House,Idu Industrial (institution And Research) Abuja,Idu Industrial (institution And,Research),Abuja,Starzij Realtors,Jacuzzi; Cctv Cameras; 24 Hours Security,23 Apr 2026,https://www.propertypro.ng/property/5-bedroom-house-for-sale-idu-industrial-institution-and-research-abuja-2PLZF
7NRFS,Newly Built 4 Bedroom Terrace Duplex With Bq,700000000.0,"₦ 700,000,000",4.0,4.0,House,Maitama Maitama Abuja,Maitama,Maitama,Abuja,Mutu Daniel,,12 Oct 2025,https://www.propertypro.ng/property/4-bedroom-house-for-sale-maitama-maitama-abuja-7NRFS
5PTTX,Standard 3 Bedroom Apartment,175000000.0,"₦ 175,000,000",3.0,3.0,Flat Apartment,Opebi Ikeja Lagos,Opebi,Ikeja,Lagos,PMNG Acquisitions,,22 Jun 2026,https://www.propertypro.ng/property/3-bedroom-flat-apartment-for-sale-opebi-ikeja-lagos-5PTTX
7PJVH,4 Bedroom Duplex,150000000.0,"₦ 150,000,000",4.0,4.0,House,Off Basorun Akpampa Drive Jericho Ibadan Oyo,Off Basorun Akpampa Drive Jericho,Ibadan,Oyo,PECONS REALTORS,,03 Apr 2026,https://www.propertypro.ng/property/4-bedroom-house-for-sale-off-basorun-akpampa-drive-jericho-ibadan-oyo-7PJVH
3PQWA,Luxury 4 Bedroom Terraced Duplex With Bq,250000000.0,"₦ 250,000,000",4.0,4.0,House,Ologolo Lekki Lagos,Ologolo,Lekki,Lagos,Innerowrkings investments,Security Doors; Big Compound; 24 Hours Security,28 May 2026,https://www.propertypro.ng/property/4-bedroom-house-for-sale-ologolo-lekki-lagos-3PQWA
6PRJV,Brand New 5bedroom Duplex With Swimming Pool,400000000.0,"₦ 400,000,000",5.0,5.0,Flat Apartment,Orchid Lekki Lagos,Orchid,Lekki,Lagos,Sac realty,Jacuzzi; Cctv Cameras; 24 Hours Security,02 Jun 2026,https://www.propertypro.ng/property/5-bedroom-flat-apartment-for-sale-orchid-lekki-lagos-6PRJV
1PTEW,Brand New 1 Bedroom Flat With Pool & Gym For Sale,150000000.0,"₦ 150,000,000",1.0,1.0,Flat Apartment,Lekki Phase 1 Lekki Lagos,Lekki Phase 1,Lekki,Lagos,FRANK’s Villa,,17 Jun 2026,https://www.propertypro.ng/property/1-bedroom-flat-apartment-for-sale-lekki-phase-1-lekki-lagos-1PTEW
7PSTG,4 Bedroom Terrace Duplex + Bq,210000000.0,"₦ 210,000,000",4.0,4.0,House,Life Camp Abuja,Life,Camp,Abuja,BEVIKS REALTY,Big Compound; 24 Hours Security; Security,13 Jun 2026,https://www.propertypro.ng/property/4-bedroom-house-for-sale-life-camp-abuja-7PSTG
2PGQC,4 Bedroom Fully Detached Duplex With Bq,300000000.0,"₦ 300,000,000",4.0,,House,Berger Ojodu Lagos,Berger,Ojodu,Lagos,PMNG Acquisitions,Security; Parking Space; All Room Ensuit,13 Mar 2026,https://www.propertypro.ng/property/4-bedroom-house-for-sale-berger-ojodu-lagos-2PGQC
8PUJD,4 Bedroom Detached Duplex With Bq,320000000.0,"₦ 320,000,000",4.0,4.0,House,Ogba Lagos,Ogba,Lagos,Lagos,PMNG Acquisitions,,26 Jun 2026,https://www.propertypro.ng/property/4-bedroom-house-for-sale-ogba-lagos-8PUJD
2NXCZ,4 Bedroom Terrace Duplex With Bq,200000000.0,"₦ 200,000,000",4.0,4.0,House,Kado Abuja,Kado,Abuja,Abuja,Mutu Daniel,All Room Ensuit; Boys Quater,10 Dec 2025,https://www.propertypro.ng/property/4-bedroom-house-for-sale-kado-abuja-2NXCZ
9PSTK,750sqm Of Land Beside Idu Train Station,46600000.0,"₦ 46,600,000",2.0,2.0,Land,Idu Abuja,Idu,Abuja,Abuja,BEVIKS REALTY,C Of O; Security; Parking Space,13 Jun 2026,https://www.propertypro.ng/property/2-bedroom-land-for-sale-idu-abuja-9PSTK
0PUBP,3 Bedroom Apartment For Sale In Banana Island Ikoyi,850000000.0,"₦ 850,000,000",3.0,3.0,Flat Apartment,Banana Island Ikoyi Lagos,Banana Island,Ikoyi,Lagos,FRANK’s Villa,,24 Jun 2026,https://www.propertypro.ng/property/3-bedroom-flat-apartment-for-sale-banana-island-ikoyi-lagos-0PUBP
8PGSA,Land Of 400sqm,105000000.0,"₦ 105,000,000",,,Land,Bodija Ibadan Oyo,Bodija,Ibadan,Oyo,PECONS REALTORS,,15 Mar 2026,https://www.propertypro.ng/property/land-for-sale-bodija-ibadan-oyo-8PGSA
4PTHC,Modern 3 Bedroom Apartment With Bq.,500000000.0,"₦ 500,000,000",3.0,,Flat Apartment,Ikeja Gra Ikeja Lagos,Ikeja Gra,Ikeja,Lagos,PMNG Acquisitions,Gym; Swimming Pool; Elevator,17 Jun 2026,https://www.propertypro.ng/property/3-bedroom-flat-apartment-for-sale-ikeja-gra-ikeja-lagos-4PTHC
2PQDM,Newly Built 3 Bedroom Terrace Duplex,150000000.0,"₦ 150,000,000",3.0,3.0,House,Sangotedo Ajah Lagos,Sangotedo,Ajah,Lagos,FRANK’s Villa,,21 May 2026,https://www.propertypro.ng/property/3-bedroom-house-for-sale-sangotedo-ajah-lagos-2PQDM
0PPQM,3 Bedroom Duplex,190000000.0,"₦ 190,000,000",3.0,3.0,House,Orchid Lekki Lagos,Orchid,Lekki,Lagos,PECONS REALTORS,,16 May 2026,https://www.propertypro.ng/property/3-bedroom-house-for-sale-orchid-lekki-lagos-0PPQM
5PSBK,Brand New 4bedroom Terrace,160000000.0,"₦ 160,000,000",4.0,4.0,Flat Apartment,Thomas Estate Ajah Lagos,Thomas Estate,Ajah,Lagos,Sac realty,Jacuzzi; Cctv Cameras; 24 Hours Security,08 Jun 2026,https://www.propertypro.ng/property/4-bedroom-flat-apartment-for-sale-thomas-estate-ajah-lagos-5PSBK
8PLZK,Contemporary 5 Bedroom Fully Detached Duplex,1300000000.0,"₦ 1,300,000,000",5.0,5.0,House,Cowrie Creek Ikate Lekki Lagos,Cowrie Creek Ikate,Lekki,Lagos,PCL HOMES,Newly Built; Serviced; Only on PropertyPro,23 Apr 2026,https://www.propertypro.ng/property/5-bedroom-house-for-sale-cowrie-creek-ikate-lekki-lagos-8PLZK
9PMCG,3 Bedroom Apartment,400000000.0,"₦ 400,000,000",3.0,3.0,Flat Apartment,Ikeja Gra Ikeja Gra Ikeja Lagos,Ikeja Gra Ikeja Gra,Ikeja,Lagos,PMNG Acquisitions,,24 Apr 2026,https://www.propertypro.ng/property/3-bedroom-flat-apartment-for-sale-ikeja-gra-ikeja-gra-ikeja-lagos-9PMCG
6PRDP,6 Bedroom House,4850000000.0,"₦ 4,850,000,000",6.0,6.0,House,Banana Island Ikoyi Lagos,Banana Island,Ikoyi,Lagos,PECONS REALTORS,,30 May 2026,https://www.propertypro.ng/property/6-bedroom-house-for-sale-banana-island-ikoyi-lagos-6PRDP
6PSCX,Serviced 2 Bedroom Massionette For Sale,300000000.0,"₦ 300,000,000",2.0,2.0,House,Lekki Phase 1 Lekki Lagos,Lekki Phase 1,Lekki,Lagos,FRANK’s Villa,,08 Jun 2026,https://www.propertypro.ng/property/2-bedroom-house-for-sale-lekki-phase-1-lekki-lagos-6PSCX
6PRUK,Fully Serviced 3 Bedroom With Waterfront For Sale,1000000000.0,"₦ 1,000,000,000",3.0,3.0,Flat Apartment,Banana Island Ikoyi Lagos,Banana Island,Ikoyi,Lagos,FRANK’s Villa,,05 Jun 2026,https://www.propertypro.ng/property/3-bedroom-flat-apartment-for-sale-banana-island-ikoyi-lagos-6PRUK
0PLPU,3 Bedroom Apartment,300000000.0,"₦ 300,000,000",3.0,3.0,Flat Apartment,Adeniyi Jones Ikeja Lagos,Adeniyi Jones,Ikeja,Lagos,PMNG Acquisitions,Governor's Consent; Gym; Big Compound,20 Apr 2026,https://www.propertypro.ng/property/3-bedroom-flat-apartment-for-sale-adeniyi-jones-ikeja-lagos-0PLPU
5PRYY,Primed 592sqm & 634sqm & 831sqm Lands In An Estate,200000000.0,"₦ 200,000,000",,,Land,Chaplain Court Abraham Adesanya Estate Ajah Lagos,Chaplain Court Abraham Adesanya Estate,Ajah,Lagos,Innerowrkings investments,,06 Jun 2026,https://www.propertypro.ng/property/land-for-sale-chaplain-court-abraham-adesanya-estate-ajah-lagos-5PRYY
0PSGQ,Affordable 4 Bedroom Semi Detached Duplex With Bq,180000000.0,"₦ 180,000,000",4.0,5.0,House,Harris Drive Vgc Lekki Lagos,Harris Drive Vgc,Lekki,Lagos,Innerowrkings investments,Governor's Consent; Big Compound; Security,09 Jun 2026,https://www.propertypro.ng/property/4-bedroom-house-for-sale-harris-drive-vgc-lekki-lagos-0PSGQ
3PSST,Brand New 5bedroom Duplex With Swimming Pool,1300000000.0,"₦ 1,300,000,000",5.0,5.0,Flat Apartment,Parkview Estate Ikoyi Lagos,Parkview Estate,Ikoyi,Lagos,Sac realty,Jacuzzi; Cctv Cameras; 24 Hours Security,13 Jun 2026,https://www.propertypro.ng/property/5-bedroom-flat-apartment-for-sale-parkview-estate-ikoyi-lagos-3PSST
2NWNF,6 Bedroom Detached Duplex 1 Room Bq,550000000.0,"₦ 550,000,000",6.0,6.0,House,Jahi Jahi Abuja,Jahi,Jahi,Abuja,Mutu Daniel,Boys Quater,04 Dec 2025,https://www.propertypro.ng/property/6-bedroom-house-for-sale-jahi-jahi-abuja-2NWNF
0PTFD,Serviced 2 Bedroom Flat For Sale In Lekki Ikate,150000000.0,"₦ 150,000,000",2.0,2.0,Flat Apartment,Ikate Lekki Lagos,Ikate,Lekki,Lagos,FRANK’s Villa,,17 Jun 2026,https://www.propertypro.ng/property/2-bedroom-flat-apartment-for-sale-ikate-lekki-lagos-0PTFD
2PTFB,Brand New 3 Bedroom Penthouse For Sale,400000000.0,"₦ 400,000,000",3.0,3.0,Flat Apartment,Lekki Phase 1 Lekki Lagos,Lekki Phase 1,Lekki,Lagos,FRANK’s Villa,,17 Jun 2026,https://www.propertypro.ng/property/3-bedroom-flat-apartment-for-sale-lekki-phase-1-lekki-lagos-2PTFB
7PLVS,3 Bedroom Apartment,1215000000.0,"₦ 1,215,000,000",3.0,3.0,Flat / Apartment,Banana Island Ikoyi Lagos,Banana Island,Ikoyi,Lagos,PECONS REALTORS,Only on PropertyPro,22 Apr 2026,https://www.propertypro.ng/property/3-bedroom-flat-apartment-for-sale-banana-island-ikoyi-lagos-7PLVS
8PRQB,Newly Built 3 Bedroom Apartment With Bq,220000000.0,"₦ 220,000,000",3.0,3.0,Flat Apartment,Katampe Main Abuja,Katampe,Main,Abuja,Innerowrkings investments,Security Doors; C Of O; 24 Hours Security,03 Jun 2026,https://www.propertypro.ng/property/3-bedroom-flat-apartment-for-sale-katampe-main-abuja-8PRQB
2PRUM,Primed 500sqm & 550sqm & 688sqm Residential Plots,300000000.0,"₦ 300,000,000",,,Land,Lakowe Golf Course Estate Lakowe Ajah Lagos,Lakowe Golf Course Estate Lakowe,Ajah,Lagos,Innerowrkings investments,,05 Jun 2026,https://www.propertypro.ng/property/land-for-sale-lakowe-golf-course-estate-lakowe-ajah-lagos-2PRUM
5PQJJ,Newly Built 4 Bedroom Terraced Duplex With Bq,300000000.0,"₦ 300,000,000",4.0,4.0,House,Kaura (games Village) Abuja,Kaura (games,Village),Abuja,Innerowrkings investments,Security Doors; Big Compound; 24 Hours Security,23 May 2026,https://www.propertypro.ng/property/4-bedroom-house-for-sale-kaura-games-village-abuja-5PQJJ
8PSBJ,Brand New 4bedroom Duplex,160000000.0,"₦ 160,000,000",4.0,4.0,Flat Apartment,Thomas Estate Ajah Lagos,Thomas Estate,Ajah,Lagos,Sac realty,Security Doors; Governor's Consent; 24 Hours Security,08 Jun 2026,https://www.propertypro.ng/property/4-bedroom-flat-apartment-for-sale-thomas-estate-ajah-lagos-8PSBJ
8PSEM,Brand New 5bedroom Duplex With Cinema,600000000.0,"₦ 600,000,000",5.0,5.0,Flat Apartment,Osapa London Lekki Lagos,Osapa London,Lekki,Lagos,Sac realty,Security Doors; Governor's Consent; Jacuzzi,09 Jun 2026,https://www.propertypro.ng/property/5-bedroom-flat-apartment-for-sale-osapa-london-lekki-lagos-8PSEM
1PQCQ,2 Bedroom Flat,150000000.0,"₦ 150,000,000",2.0,2.0,Flat Apartment,Ikate Lekki Lagos,Ikate,Lekki,Lagos,FRANK’s Villa,,21 May 2026,https://www.propertypro.ng/property/2-bedroom-flat-apartment-for-sale-ikate-lekki-lagos-1PQCQ
3PSLM,Massive 8 Bedroom Detached Duplex With Elevator,10000000000.0,"₦ 10,000,000,000",8.0,8.0,House,Maitama Abuja,Maitama,Abuja,Abuja,Innerowrkings investments,Security Doors; Big Compound; 24 Hours Security,11 Jun 2026,https://www.propertypro.ng/property/8-bedroom-house-for-sale-maitama-abuja-3PSLM
3PPKJ,Serviced Furnished 2 Bedroom Apartment,150000000.0,"₦ 150,000,000",2.0,2.0,Flat / Apartment,Ikate Lekki Lagos,Ikate,Lekki,Lagos,FRANK’s Villa,Only on PropertyPro,14 May 2026,https://www.propertypro.ng/property/2-bedroom-flat-apartment-for-sale-ikate-lekki-lagos-3PPKJ
6PRYM,Brand New 5bedroom Duplex With Swimming Pool,350000000.0,"₦ 350,000,000",5.0,5.0,Flat Apartment,Orchid Lekki Lagos,Orchid,Lekki,Lagos,Sac realty,,06 Jun 2026,https://www.propertypro.ng/property/5-bedroom-flat-apartment-for-sale-orchid-lekki-lagos-6PRYM
6PUCV,5 Bedroom Terrace Duplex With Bq For Sale In V.i,1000000000.0,"₦ 1,000,000,000",5.0,5.0,House,Victoria Island Lagos,Victoria,Island,Lagos,FRANK’s Villa,,18 Jun 2026,https://www.propertypro.ng/property/5-bedroom-house-for-sale-victoria-island-lagos-6PUCV
5PMJE,4 Bedroom Penthouse,450000000.0,"₦ 450,000,000",4.0,4.0,House,Nihort Jericho Ibadan Oyo,Nihort Jericho,Ibadan,Oyo,PECONS REALTORS,,27 Apr 2026,https://www.propertypro.ng/property/4-bedroom-house-for-sale-nihort-jericho-ibadan-oyo-5PMJE
8PSQD,4 Bedroom Detached Duplex With Bq,580000000.0,"₦ 580,000,000",4.0,,House,Adeniyi Jones Ikeja Lagos,Adeniyi Jones,Ikeja,Lagos,PMNG Acquisitions,Boys Quater,12 Jun 2026,https://www.propertypro.ng/property/4-bedroom-house-for-sale-adeniyi-jones-ikeja-lagos-8PSQD
0PKMY,5 Bedroom Semi Detached Duplex With Bq,750000000.0,"₦ 750,000,000",5.0,5.0,House,Ikeja Gra Ikeja Gra Ikeja Lagos,Ikeja Gra Ikeja Gra,Ikeja,Lagos,PMNG Acquisitions,,10 Apr 2026,https://www.propertypro.ng/property/5-bedroom-house-for-sale-ikeja-gra-ikeja-gra-ikeja-lagos-0PKMY
4PTFA,Unfurnished 2 Bedroom Masionette For Sale,300000000.0,"₦ 300,000,000",2.0,2.0,House,Lekki Phase 1 Lekki Lagos,Lekki Phase 1,Lekki,Lagos,FRANK’s Villa,,17 Jun 2026,https://www.propertypro.ng/property/2-bedroom-house-for-sale-lekki-phase-1-lekki-lagos-4PTFA
5PSSP,4bed Semi Detached+bq,320000000.0,"₦ 320,000,000",4.0,5.0,House,Ebute Metta Yaba Lagos,Ebute Metta,Yaba,Lagos,Dollyrealty,Security Doors; Governor's Consent; Jacuzzi,13 Jun 2026,https://www.propertypro.ng/property/4-bedroom-house-for-sale-ebute-metta-yaba-lagos-5PSSP
0PSBJ,Brand New 4bedroom Terrace,130000000.0,"₦ 130,000,000",4.0,4.0,Flat Apartment,Sangotedo Ajah Lagos,Sangotedo,Ajah,Lagos,Sac realty,Cctv Cameras; 24 Hours Security; Security,08 Jun 2026,https://www.propertypro.ng/property/4-bedroom-flat-apartment-for-sale-sangotedo-ajah-lagos-0PSBJ
3NWNE,3 Bedroom Semi Detached Duplex 1 Room Bq,100000000.0,"₦ 100,000,000",3.0,3.0,House,Jabi Jabi Abuja,Jabi,Jabi,Abuja,Mutu Daniel,Big Compound; All Room Ensuit; Boys Quater,04 Dec 2025,https://www.propertypro.ng/property/3-bedroom-house-for-sale-jabi-jabi-abuja-3NWNE
5PSAY,Chevron Plots Of Land,300000000.0,"₦ 300,000,000",,,Land,Chevron Lekki Lagos,Chevron,Lekki,Lagos,PECONS REALTORS,,08 Jun 2026,https://www.propertypro.ng/property/land-for-sale-chevron-lekki-lagos-5PSAY
2NWLU,Newly Built 4 Bedroom Terrace Duplex,250000000.0,"₦ 250,000,000",4.0,4.0,House,Katampe Extension Katampe Abuja,Katampe Extension,Katampe,Abuja,Mutu Daniel,,04 Dec 2025,https://www.propertypro.ng/property/4-bedroom-house-for-sale-katampe-extension-katampe-abuja-2NWLU
4NXGW,4 Bedroom Terrace Duplex With Bq,300000000.0,"₦ 300,000,000",4.0,4.0,House,Life Camp Abuja,Life,Camp,Abuja,Mutu Daniel,,12 Dec 2025,https://www.propertypro.ng/property/4-bedroom-house-for-sale-life-camp-abuja-4NXGW
5PRYC,Luxury Furnished 2 Bedroom With Pool & Gym For Sale,300000000.0,"₦ 300,000,000",2.0,2.0,Flat Apartment,Lekki Phase 1 Lekki Lagos,Lekki Phase 1,Lekki,Lagos,FRANK’s Villa,,06 Jun 2026,https://www.propertypro.ng/property/2-bedroom-flat-apartment-for-sale-lekki-phase-1-lekki-lagos-5PRYC
9PTFB,4 Bedroom Terrace Duplex For Sale In Oniru Vi,750000000.0,"₦ 750,000,000",4.0,4.0,House,Oniru Victoria Island Lagos,Oniru Victoria,Island,Lagos,FRANK’s Villa,,17 Jun 2026,https://www.propertypro.ng/property/4-bedroom-house-for-sale-oniru-victoria-island-lagos-9PTFB
0PMRB,2 Units 4 Bedroom Detached Duplex With Bq,400000000.0,"₦ 400,000,000",4.0,,House,Unity Estate Magodo Kosofe Ikosi Lagos,Unity Estate Magodo Kosofe,Ikosi,Lagos,PMNG Acquisitions,Boys Quater,29 Apr 2026,https://www.propertypro.ng/property/4-bedroom-house-for-sale-unity-estate-magodo-kosofe-ikosi-lagos-0PMRB
8PSQG,4 Bedroom Semi Detached Duplex With Bq,400000000.0,"₦ 400,000,000",4.0,,House,Adeniyi Jones Ikeja Lagos,Adeniyi Jones,Ikeja,Lagos,PMNG Acquisitions,,12 Jun 2026,https://www.propertypro.ng/property/4-bedroom-house-for-sale-adeniyi-jones-ikeja-lagos-8PSQG
2PTBV,Exquisite 5 Bedroom Semi Detached Duplex With Bq,750000000.0,"₦ 750,000,000",5.0,5.0,House,Ikeja Gra Ikeja Lagos,Ikeja Gra,Ikeja,Lagos,PMNG Acquisitions,,16 Jun 2026,https://www.propertypro.ng/property/5-bedroom-house-for-sale-ikeja-gra-ikeja-lagos-2PTBV
9PTCM,4 Bedroom Semi Detached Duplex With Bq,420000000.0,"₦ 420,000,000",4.0,4.0,House,Adeniyi Jones Ikeja Lagos,Adeniyi Jones,Ikeja,Lagos,PMNG Acquisitions,,16 Jun 2026,https://www.propertypro.ng/property/4-bedroom-house-for-sale-adeniyi-jones-ikeja-lagos-9PTCM
3PSEN,Fully Furnished 5bedroom With Swimming Pool,30000000.0,"₦ 30,000,000",5.0,5.0,Flat Apartment,Osapa London Lekki Lagos,Osapa London,Lekki,Lagos,Sac realty,Cctv Cameras; 24 Hours Security; Security,09 Jun 2026,https://www.propertypro.ng/property/5-bedroom-flat-apartment-for-sale-osapa-london-lekki-lagos-3PSEN
4PPMA,4 Unit Of 2 Bedroom Duplex,200000000.0,"₦ 200,000,000",2.0,,House,Alakia Ibadan Oyo,Alakia,Ibadan,Oyo,BestieChoize Properties,Only on PropertyPro,15 May 2026,https://www.propertypro.ng/property/house-for-sale-alakia-ibadan-oyo-4PPMA
2PSUS,4bedroom Duplex With Bq,185000000.0,"₦ 185,000,000",4.0,4.0,House,"2nd Avenue, Gwarinpa Abuja Gwarinpa Abuja","2nd Avenue, Gwarinpa Abuja",Gwarinpa,Abuja,Afrimax Properties,Boys Quater,14 Jun 2026,https://www.propertypro.ng/property/4-bedroom-house-for-sale-2nd-avenue-gwarinpa-abuja-gwarinpa-abuja-2PSUS
2PRZV,Luxury 4 Bedroom Semi Detached Duplex With Bq,510000000.0,"₦ 510,000,000",4.0,,House,Opebi Ikeja Lagos,Opebi,Ikeja,Lagos,PMNG Acquisitions,,07 Jun 2026,https://www.propertypro.ng/property/4-bedroom-house-for-sale-opebi-ikeja-lagos-2PRZV
2PJWA,Furnished 5 Bedroom Fully Detached Duplex With Bq,650000000.0,"₦ 650,000,000",5.0,,House,Opebi Ikeja Lagos,Opebi,Ikeja,Lagos,PMNG Acquisitions,Boys Quater,03 Apr 2026,https://www.propertypro.ng/property/5-bedroom-house-for-sale-opebi-ikeja-lagos-2PJWA
7PRZT,Luxury 4 Bedroom Terrace Duplex,320000000.0,"₦ 320,000,000",4.0,,House,Opebi Ikeja Lagos,Opebi,Ikeja,Lagos,PMNG Acquisitions,,07 Jun 2026,https://www.propertypro.ng/property/4-bedroom-house-for-sale-opebi-ikeja-lagos-7PRZT
4PQKR,Massive 6 Bedroom Detached Duplex,2500000000.0,"₦ 2,500,000,000",6.0,6.0,House,Maitama Abuja,Maitama,Abuja,Abuja,Innerowrkings investments,Cctv Cameras; 24 Hours Security; Security,23 May 2026,https://www.propertypro.ng/property/6-bedroom-house-for-sale-maitama-abuja-4PQKR
6PQFY,5 Bedroom Terraced Duplex Pool/gym,1200000000.0,"₦ 1,200,000,000",5.0,5.0,House,Ikoyi Lagos,Ikoyi,Lagos,Lagos,FRANK’s Villa,,22 May 2026,https://www.propertypro.ng/property/5-bedroom-house-for-sale-ikoyi-lagos-6PQFY
9PSHY,Three Bedroom Flat With Pool For Sale In Banana Island,850000000.0,"₦ 850,000,000",3.0,3.0,Flat Apartment,Banana Island Ikoyi Lagos,Banana Island,Ikoyi,Lagos,FRANK’s Villa,,10 Jun 2026,https://www.propertypro.ng/property/3-bedroom-flat-apartment-for-sale-banana-island-ikoyi-lagos-9PSHY
9PUDJ,Serviced 2 Bedroom Apartment For Sale,150000000.0,"₦ 150,000,000",2.0,2.0,Flat Apartment,Ikate Lekki Lagos,Ikate,Lekki,Lagos,FRANK’s Villa,,24 Jun 2026,https://www.propertypro.ng/property/2-bedroom-flat-apartment-for-sale-ikate-lekki-lagos-9PUDJ
1PMAB,6 Bedroom Semi Finished Duplex With Bq,420000000.0,"₦ 420,000,000",6.0,6.0,House,Apo Dutse Abuja,Apo,Dutse,Abuja,Starzij Realtors,Cctv Cameras; 24 Hours Security; Security,23 Apr 2026,https://www.propertypro.ng/property/6-bedroom-house-for-sale-apo-dutse-abuja-1PMAB
0PTKR,Furnished 2 Bedroom Maisonette,320000000.0,"₦ 320,000,000",2.0,2.0,Flat Apartment,Freedom Way Lekki Lagos,Freedom Way,Lekki,Lagos,PECONS REALTORS,,18 Jun 2026,https://www.propertypro.ng/property/2-bedroom-flat-apartment-for-sale-freedom-way-lekki-lagos-0PTKR
9PSTE,4 Bedroom Terrace Duplex + Bq,210000000.0,"₦ 210,000,000",4.0,4.0,House,Life Camp Abuja,Life,Camp,Abuja,BEVIKS REALTY,C Of O; Big Compound; 24 Hours Electricity,13 Jun 2026,https://www.propertypro.ng/property/4-bedroom-house-for-sale-life-camp-abuja-9PSTE
3PTSA,Big Mini Flat,49900000.0,"₦ 49,900,000",1.0,1.0,Flat Apartment,Lekki Lagos,Lekki,Lagos,Lagos,Afrimax Properties,,20 Jun 2026,https://www.propertypro.ng/property/1-bedroom-flat-apartment-for-sale-lekki-lagos-3PTSA
0PLWY,Newly Built 4 Bedroom Terrace Duplex With Bq,300000000.0,"₦ 300,000,000",4.0,4.0,House,Life Camp Abuja,Life,Camp,Abuja,Starzij Realtors,Cctv Cameras; 24 Hours Security; Security,22 Apr 2026,https://www.propertypro.ng/property/4-bedroom-house-for-sale-life-camp-abuja-0PLWY
4PLPQ,4 Bedroom Terrace Duplex With Bq,360000000.0,"₦ 360,000,000",4.0,,House,Adeniyi Jones Ikeja Lagos,Adeniyi Jones,Ikeja,Lagos,PMNG Acquisitions,24 Hours Security; Swimming Pool; All Room Ensuit,20 Apr 2026,https://www.propertypro.ng/property/4-bedroom-house-for-sale-adeniyi-jones-ikeja-lagos-4PLPQ
9PTFC,Serviced 2 Bedroom Flat For Sale In Lekki Ikate,150000000.0,"₦ 150,000,000",2.0,2.0,Flat Apartment,Ikate Lekki Lagos,Ikate,Lekki,Lagos,FRANK’s Villa,,17 Jun 2026,https://www.propertypro.ng/property/2-bedroom-flat-apartment-for-sale-ikate-lekki-lagos-9PTFC
0PTHW,Ultra Modern 3 Bedroom Apartment,400000000.0,"₦ 400,000,000",3.0,,Flat Apartment,Ikeja Gra Ikeja Lagos,Ikeja Gra,Ikeja,Lagos,PMNG Acquisitions,,17 Jun 2026,https://www.propertypro.ng/property/3-bedroom-flat-apartment-for-sale-ikeja-gra-ikeja-lagos-0PTHW
4PPSY,3 Bedroom Flat,250000000.0,"₦ 250,000,000",3.0,3.0,Flat Apartment,Ikate Lekki Lagos,Ikate,Lekki,Lagos,PECONS REALTORS,,18 May 2026,https://www.propertypro.ng/property/3-bedroom-flat-apartment-for-sale-ikate-lekki-lagos-4PPSY
0PGZA,30 Rooms Self Contained Hotel,400000000.0,"₦ 400,000,000",,,Commercial Property,Bodija Ibadan Oyo,Bodija,Ibadan,Oyo,PECONS REALTORS,,17 Mar 2026,https://www.propertypro.ng/property/commercial-property-for-sale-bodija-ibadan-oyo-0PGZA
5PQQF,3 Bedroom Apartment,350000000.0,"₦ 350,000,000",3.0,3.0,Flat Apartment,Ikate Lekki Lagos,Ikate,Lekki,Lagos,FRANK’s Villa,,25 May 2026,https://www.propertypro.ng/property/3-bedroom-flat-apartment-for-sale-ikate-lekki-lagos-5PQQF
9PUAH,Nice 4bedroom Duplex With Bq,269000000.0,"₦ 269,000,000",4.0,4.0,House,"Guzape Main, Guzape, Abuja Guzape Abuja","Guzape Main, Guzape, Abuja",Guzape,Abuja,Afrimax Properties,Boys Quater,23 Jun 2026,https://www.propertypro.ng/property/4-bedroom-house-for-sale-guzape-main-guzape-abuja-guzape-abuja-9PUAH
7NSCQ,5 Bedroom Fully Detached Duplex With Bq,1550000000.0,"₦ 1,550,000,000",5.0,,House,Osapa London Lekki Lagos,Osapa London,Lekki,Lagos,Tugaris Realtor,Only on PropertyPro,20 Oct 2025,https://www.propertypro.ng/property/5-bedroom-house-for-sale-osapa-london-lekki-lagos-7NSCQ
0PTHJ,Premium 3 Bedroom Apartment,250000000.0,"₦ 250,000,000",3.0,,Flat Apartment,Allen Avenue Ikeja Lagos,Allen Avenue,Ikeja,Lagos,PMNG Acquisitions,,17 Jun 2026,https://www.propertypro.ng/property/3-bedroom-flat-apartment-for-sale-allen-avenue-ikeja-lagos-0PTHJ
2PTJS,Luxury 3 Bedroom Apartment With Smart Home Features,700000000.0,"₦ 700,000,000",3.0,3.0,Flat Apartment,Oniru Victoria Island Lagos,Oniru Victoria,Island,Lagos,Innerowrkings investments,Governor's Consent; Big Compound; 24 Hours Security,17 Jun 2026,https://www.propertypro.ng/property/3-bedroom-flat-apartment-for-sale-oniru-victoria-island-lagos-2PTJS
3PSYG,4 Bedroom Terrace Duplex+ Bq,210000000.0,"₦ 210,000,000",4.0,4.0,House,Life Camp Abuja,Life,Camp,Abuja,BEVIKS REALTY,Big Compound; 24 Hours Security; 24 Hours Electricity,15 Jun 2026,https://www.propertypro.ng/property/4-bedroom-house-for-sale-life-camp-abuja-3PSYG
1PUDG,3bedroom Flat With Bq (tarred Road ),100000000.0,"₦ 100,000,000",3.0,4.0,Flat Apartment,"By Life Camp Junction, Life Camp, Abuja Life Camp Abuja","By Life Camp Junction, Life Camp, Abuja Life",Camp,Abuja,Afrimax Properties,Boys Quater,24 Jun 2026,https://www.propertypro.ng/property/3-bedroom-flat-apartment-for-sale-by-life-camp-junction-life-camp-abuja-life-camp-abuja-1PUDG
2PGVN,2 Bedroom Apartment With Pool,80000000.0,"₦ 80,000,000",2.0,2.0,Flat Apartment,Bodija Ibadan Oyo,Bodija,Ibadan,Oyo,PECONS REALTORS,,16 Mar 2026,https://www.propertypro.ng/property/2-bedroom-flat-apartment-for-sale-bodija-ibadan-oyo-2PGVN
3PTXW,Luxury 5 Bedroom Detached Duplex With Bq,405000000.0,"₦ 405,000,000",5.0,6.0,House,Alaka Estate Surulere Lagos,Alaka Estate,Surulere,Lagos,Innerowrkings investments,Big Compound; Cctv Cameras; 24 Hours Security,22 Jun 2026,https://www.propertypro.ng/property/5-bedroom-house-for-sale-alaka-estate-surulere-lagos-3PTXW
2PAVW,4 Bedroom Fully Detached Bungalow With 2 Bq,180000000.0,"₦ 180,000,000",4.0,4.0,House,Gwarinpa Abuja,Gwarinpa,Abuja,Abuja,Mutu Daniel,All Room Ensuit; Boys Quater,22 Jan 2026,https://www.propertypro.ng/property/4-bedroom-house-for-sale-gwarinpa-abuja-2PAVW
3PTUR,4 Bedroom Terrace Duplex With Bq,200000000.0,"₦ 200,000,000",4.0,4.0,House,Pen City Pen Cinema Agege Lagos,Pen City Pen Cinema,Agege,Lagos,PMNG Acquisitions,Big Compound; 24 Hours Security; Street Lights,22 Jun 2026,https://www.propertypro.ng/property/4-bedroom-house-for-sale-pen-city-pen-cinema-agege-lagos-3PTUR
8PSFF,5bed Detached+bq,650000000.0,"₦ 650,000,000",5.0,6.0,House,Magodo Gra Phase 1 Ojodu Lagos,Magodo Gra Phase 1,Ojodu,Lagos,Dollyrealty,Newly Built; Only on PropertyPro,09 Jun 2026,https://www.propertypro.ng/property/5-bedroom-house-for-sale-magodo-gra-phase-1-ojodu-lagos-8PSFF
4PRHP,270sqm Of Land,81000000.0,"₦ 81,000,000",,,Land,Genesis Court By Lbs Abraham Adesanya Estate Ajah Lagos,Genesis Court By Lbs Abraham Adesanya Estate,Ajah,Lagos,Innerowrkings investments,,01 Jun 2026,https://www.propertypro.ng/property/land-for-sale-genesis-court-by-lbs-abraham-adesanya-estate-ajah-lagos-4PRHP
7PRGC,5 Bedroom Detached Duplex With Bq,1200000000.0,"₦ 1,200,000,000",5.0,5.0,House,Lekki Lagos,Lekki,Lagos,Lagos,ACE REALTORS,Restaurants Nearby; All Room Ensuit; 24 Hours Security,01 Jun 2026,https://www.propertypro.ng/property/5-bedroom-house-for-sale-lekki-lagos-7PRGC
4PRGA,5 Bedroom Duplex,390000000.0,"₦ 390,000,000",5.0,5.0,Flat Apartment,Ikota Lekki Lagos,Ikota,Lekki,Lagos,Sac realty,Security Doors; Survey; Security,01 Jun 2026,https://www.propertypro.ng/property/5-bedroom-flat-apartment-for-sale-ikota-lekki-lagos-4PRGA
1PRGD,Newly Built 5 Bedroom Fully Detached Duplex,1000000000.0,"₦ 1,000,000,000",5.0,5.0,House,Lekki Lagos,Lekki,Lagos,Lagos,ACE REALTORS,Parking Space; Swimming Pool; Pop Ceiling,01 Jun 2026,https://www.propertypro.ng/property/5-bedroom-house-for-sale-lekki-lagos-1PRGD
1PRGE,5 Bedroom Fully Detached Duplex,1000000000.0,"₦ 1,000,000,000",5.0,5.0,House,Lekki Lagos,Lekki,Lagos,Lagos,ACE REALTORS,Elevator; All Room Ensuit; Pop Ceiling,01 Jun 2026,https://www.propertypro.ng/property/5-bedroom-house-for-sale-lekki-lagos-1PRGE
4PRGB,Brand New 5 Bedroom Duplex With Cinema,650000000.0,"₦ 650,000,000",5.0,5.0,Flat Apartment,Ikota Lekki Lagos,Ikota,Lekki,Lagos,Sac realty,Pop Ceiling; Security; Swimming Pool,01 Jun 2026,https://www.propertypro.ng/property/5-bedroom-flat-apartment-for-sale-ikota-lekki-lagos-4PRGB
1PRGC,5 Bedroom Detached Duplex With Bq,1200000000.0,"₦ 1,200,000,000",5.0,5.0,House,Lekki Lagos,Lekki,Lagos,Lagos,ACE REALTORS,Supermarket Nearby; All Room Ensuit; Boys Quater,01 Jun 2026,https://www.propertypro.ng/property/5-bedroom-house-for-sale-lekki-lagos-1PRGC
8PRGE,5 Bedroom Fully Detached Duplex,1000000000.0,"₦ 1,000,000,000",5.0,5.0,House,Lekki Lagos,Lekki,Lagos,Lagos,ACE REALTORS,Pop Ceiling; Boys Quater; Gym,01 Jun 2026,https://www.propertypro.ng/property/5-bedroom-house-for-sale-lekki-lagos-8PRGE
1PSXN,4bed Terrace+bq,750000000.0,"₦ 750,000,000",4.0,5.0,House,Ikeja Gra Ikeja Lagos,Ikeja Gra,Ikeja,Lagos,Dollyrealty,Cctv Cameras; Security Doors; C Of O,15 Jun 2026,https://www.propertypro.ng/property/4-bedroom-house-for-sale-ikeja-gra-ikeja-lagos-1PSXN
8PRGB,Newly Built 4 Bedroom Terrace Duplex,210000000.0,"₦ 210,000,000",4.0,4.0,Flat Apartment,Ikota Lekki Lagos,Ikota,Lekki,Lagos,Sac realty,Security; Governor's Consent; Water Treatment,01 Jun 2026,https://www.propertypro.ng/property/4-bedroom-flat-apartment-for-sale-ikota-lekki-lagos-8PRGB
8PRGD,5 Bedroom Fully Detached Duplex,1000000000.0,"₦ 1,000,000,000",5.0,5.0,House,Lekki Lagos,Lekki,Lagos,Lagos,ACE REALTORS,Cctv Cameras; Pop Ceiling; Boys Quater,01 Jun 2026,https://www.propertypro.ng/property/5-bedroom-house-for-sale-lekki-lagos-8PRGD
4PRGG,5 Bedroom Fully Detached Duplex,1000000000.0,"₦ 1,000,000,000",5.0,5.0,House,Lekki Lagos,Lekki,Lagos,Lagos,ACE REALTORS,All Room Ensuit; Gym; Supermarket Nearby,01 Jun 2026,https://www.propertypro.ng/property/5-bedroom-house-for-sale-lekki-lagos-4PRGG
5PRGG,5 Bedroom Fully Detached Duplex,1000000000.0,"₦ 1,000,000,000",5.0,5.0,House,Lekki Lagos,Lekki,Lagos,Lagos,ACE REALTORS,Parking Space; Restaurants Nearby; Cctv Cameras,01 Jun 2026,https://www.propertypro.ng/property/5-bedroom-house-for-sale-lekki-lagos-5PRGG
8PRGG,5 Bedroom Fully Detached Duplex,1000000000.0,"₦ 1,000,000,000",5.0,5.0,House,Lekki Lagos,Lekki,Lagos,Lagos,ACE REALTORS,Boys Quater; Supermarket Nearby; Governor's Consent,01 Jun 2026,https://www.propertypro.ng/property/5-bedroom-house-for-sale-lekki-lagos-8PRGG
9PRFZ,5 Bedroom Detached Duplex With Bq,1200000000.0,"₦ 1,200,000,000",5.0,6.0,House,Lekki Lagos,Lekki,Lagos,Lagos,ACE REALTORS,Pop Ceiling; Restaurants Nearby; Boys Quater,01 Jun 2026,https://www.propertypro.ng/property/5-bedroom-house-for-sale-lekki-lagos-9PRFZ
7PRGF,5 Bedroom Fully Detached Duplex,1000000000.0,"₦ 1,000,000,000",5.0,5.0,House,Lekki Lagos,Lekki,Lagos,Lagos,ACE REALTORS,Elevator; Swimming Pool; All Room Ensuit,01 Jun 2026,https://www.propertypro.ng/property/5-bedroom-house-for-sale-lekki-lagos-7PRGF
7PUJZ,4 Bedroom Terraced Duplex With Bq,145000000.0,"₦ 145,000,000",4.0,5.0,House,Ikota Lekki Lagos,Ikota,Lekki,Lagos,Geodense Realty,All Room Ensuit; Street Lights; Cctv Cameras,26 Jun 2026,https://www.propertypro.ng/property/4-bedroom-house-for-sale-ikota-lekki-lagos-7PUJZ
4PPZQ,3bed Apartment..,160000000.0,"₦ 160,000,000",3.0,4.0,Flat Apartment,Yaba Lagos,Yaba,Lagos,Lagos,Dollyrealty,Pop Ceiling; C Of O; Big Compound,20 May 2026,https://www.propertypro.ng/property/3-bedroom-flat-apartment-for-sale-yaba-lagos-4PPZQ
0PRGN,4 Bedroom Terrace Duplex,350000000.0,"₦ 350,000,000",4.0,4.0,House,Maryland Lagos,Maryland,Lagos,Lagos,ACE REALTORS,Water Treatment; Boys Quater; Security,01 Jun 2026,https://www.propertypro.ng/property/4-bedroom-house-for-sale-maryland-lagos-0PRGN
4PRGC,Brand New 4 Bedroom Duplex,180000000.0,"₦ 180,000,000",4.0,4.0,Flat Apartment,Ikota Lekki Lagos,Ikota,Lekki,Lagos,Sac realty,Drainage System; Security Doors; Parking Space,01 Jun 2026,https://www.propertypro.ng/property/4-bedroom-flat-apartment-for-sale-ikota-lekki-lagos-4PRGC
3PRGB,5 Bedroom Detached Duplex With Bq,1200000000.0,"₦ 1,200,000,000",5.0,5.0,House,Lekki Lagos,Lekki,Lagos,Lagos,ACE REALTORS,Supermarket Nearby; Pop Ceiling; Boys Quater,01 Jun 2026,https://www.propertypro.ng/property/5-bedroom-house-for-sale-lekki-lagos-3PRGB
2PRGF,5 Bedroom Fully Detached Duplex,1000000000.0,"₦ 1,000,000,000",5.0,5.0,House,Lekki Lagos,Lekki,Lagos,Lagos,ACE REALTORS,Restaurants Nearby; Boys Quater; Gym,01 Jun 2026,https://www.propertypro.ng/property/5-bedroom-house-for-sale-lekki-lagos-2PRGF
9PRGA,5 Bedroom Detached Duplex With Bq,1200000000.0,"₦ 1,200,000,000",5.0,5.0,House,Lekki Lagos,Lekki,Lagos,Lagos,ACE REALTORS,All Room Ensuit; Pop Ceiling; 24 Hours Electricity,01 Jun 2026,https://www.propertypro.ng/property/5-bedroom-house-for-sale-lekki-lagos-9PRGA
6PRGA,5 Bedroom Detached Duplex With Bq,1200000000.0,"₦ 1,200,000,000",5.0,5.0,House,Lekki Lagos,Lekki,Lagos,Lagos,ACE REALTORS,All Room Ensuit; Boys Quater; Gym,01 Jun 2026,https://www.propertypro.ng/property/5-bedroom-house-for-sale-lekki-lagos-6PRGA
4PUJF,4 Bedroom Semi Detached Duplex With Bq,275000000.0,"₦ 275,000,000",4.0,4.0,House,Ogba Lagos,Ogba,Lagos,Lagos,PMNG Acquisitions,,26 Jun 2026,https://www.propertypro.ng/property/4-bedroom-house-for-sale-ogba-lagos-4PUJF
4PRHN,Newly Built 5 Bedroom Detached Duplex,830000000.0,"₦ 830,000,000",5.0,5.0,House,Lekki Phase 1 Lekki Lagos,Lekki Phase 1,Lekki,Lagos,BETHIROS REAL,Child Care; Children Play Ground; Free Wifi,01 Jun 2026,https://www.propertypro.ng/property/5-bedroom-house-for-sale-lekki-phase-1-lekki-lagos-4PRHN
3PTGN,2 Bedroom Apartment In Oniru,500000000.0,"₦ 500,000,000",2.0,2.0,Flat Apartment,Oniru Victoria Island Lagos,Oniru Victoria,Island,Lagos,CWRE LTD,,17 Jun 2026,https://www.propertypro.ng/property/2-bedroom-flat-apartment-for-sale-oniru-victoria-island-lagos-3PTGN
3PRHN,New 5 Bedroom Detached Duplex,510000000.0,"₦ 510,000,000",5.0,5.0,House,Osapa London Lekki Lagos,Osapa London,Lekki,Lagos,BETHIROS REAL,Cctv Cameras; Free Wifi; Governor's Consent,01 Jun 2026,https://www.propertypro.ng/property/5-bedroom-house-for-sale-osapa-london-lekki-lagos-3PRHN
7PJER,Newly Built 5 Bedroom Detached Duplex,900000000.0,"₦ 900,000,000",5.0,5.0,House,Chevron Lekki Lagos,Chevron,Lekki,Lagos,BETHIROS REAL,C Of O; Children Play Ground; Gym,29 Mar 2026,https://www.propertypro.ng/property/5-bedroom-house-for-sale-chevron-lekki-lagos-7PJER
3PSFP,1069 Sqm Of Land,70000000.0,"₦ 70,000,000",,,Land,Ayilara Oluyole Extension Ibadan Oyo,Ayilara Oluyole Extension,Ibadan,Oyo,BestieChoize Properties,,09 Jun 2026,https://www.propertypro.ng/property/land-for-sale-ayilara-oluyole-extension-ibadan-oyo-3PSFP
5PMJA,5 Bedroom Detached Duplex With Bq,245000000.0,"₦ 245,000,000",5.0,7.0,House,Mayfair Garden Awoyaya Ajah Lagos,Mayfair Garden Awoyaya,Ajah,Lagos,Kayjoh,24 Hours Electricity; Pop Ceiling; Governor's Consent,27 Apr 2026,https://www.propertypro.ng/property/5-bedroom-house-for-sale-mayfair-garden-awoyaya-ajah-lagos-5PMJA
3PSKY,New 3 Bedroom Apartment,540000000.0,"₦ 540,000,000",2.0,2.0,Flat Apartment,Victoria Island Lagos,Victoria,Island,Lagos,BETHIROS REAL,,10 Jun 2026,https://www.propertypro.ng/property/2-bedroom-flat-apartment-for-sale-victoria-island-lagos-3PSKY
6PHZE,New 5 Bedroom Detached Duplex,420000000.0,"₦ 420,000,000",5.0,5.0,House,Ologolo Lekki Lagos,Ologolo,Lekki,Lagos,BETHIROS REAL,Cctv Cameras; Free Wifi; Governor's Consent,26 Mar 2026,https://www.propertypro.ng/property/5-bedroom-house-for-sale-ologolo-lekki-lagos-6PHZE
3PHZE,New 4 Bedroom Duplex,330000000.0,"₦ 330,000,000",4.0,4.0,House,Osapa London Lekki Lagos,Osapa London,Lekki,Lagos,BETHIROS REAL,Cctv Cameras; Free Wifi; Governor's Consent,11 May 2026,https://www.propertypro.ng/property/4-bedroom-house-for-sale-osapa-london-lekki-lagos-3PHZE
1PRSD,Affordable Newly Built 2&3 Bedroom Apartment,85000000.0,"₦ 85,000,000",2.0,2.0,Flat Apartment,Ajah Lagos,Ajah,Lagos,Lagos,Vechy Realty,Children Play Ground; Gym; Pop Ceiling,04 Jun 2026,https://www.propertypro.ng/property/2-bedroom-flat-apartment-for-sale-ajah-lagos-1PRSD
7PFZA,"Land Measuring 1,346sqm With An Old Structure",3350000000.0,"₦ 3,350,000,000",,,Land,Victoria Island Lagos,Victoria,Island,Lagos,CASA PRIME,Cctv Cameras; 24 Hours Electricity; Restaurants Nearby,09 Mar 2026,https://www.propertypro.ng/property/land-for-sale-victoria-island-lagos-7PFZA
9PAKC,4 Bedroom Semi Detached Duplex,370000000.0,"₦ 370,000,000",4.0,4.0,House,Off Adewunmi Adebimpe Drive Lekki Phase 1 Lekki Lagos,Off Adewunmi Adebimpe Drive Lekki Phase 1,Lekki,Lagos,17Three Digital,24 Hours Electricity; Pop Ceiling; Security,20 Jan 2026,https://www.propertypro.ng/property/4-bedroom-house-for-sale-off-adewunmi-adebimpe-drive-lekki-phase-1-lekki-lagos-9PAKC
6NZTY,5 Bedroom Fully Detached Duplex With Bq,300000000.0,"₦ 300,000,000",5.0,5.0,House,Chevy View Estate Chevron Lekki Lagos,Chevy View Estate Chevron,Lekki,Lagos,17Three Digital,C Of O; Pop Ceiling; Security,14 Jan 2026,https://www.propertypro.ng/property/5-bedroom-house-for-sale-chevy-view-estate-chevron-lekki-lagos-6NZTY
8PRDN,4 Bedroom Terrace Duplex,370000000.0,"₦ 370,000,000",4.0,4.0,House,Ikate Lekki Lagos,Ikate,Lekki,Lagos,BETHIROS REAL,Cctv Cameras; Governor's Consent; Front Desk Service,30 May 2026,https://www.propertypro.ng/property/4-bedroom-house-for-sale-ikate-lekki-lagos-8PRDN
6PHQX,1 Bedroom Apartment,150000000.0,"₦ 150,000,000",1.0,1.0,Flat Apartment,Lekki Phase 1 Lekki Lagos,Lekki Phase 1,Lekki,Lagos,BETHIROS REAL,,24 Mar 2026,https://www.propertypro.ng/property/1-bedroom-flat-apartment-for-sale-lekki-phase-1-lekki-lagos-6PHQX
4PJES,New 4 Bedroom Duplex,145000000.0,"₦ 145,000,000",4.0,4.0,House,Ikota Lekki Lagos,Ikota,Lekki,Lagos,BETHIROS REAL,Governor's Consent; Excision; Printing Service,29 Mar 2026,https://www.propertypro.ng/property/4-bedroom-house-for-sale-ikota-lekki-lagos-4PJES
0PKJS,Spacious 3 Bedroom Terraced Duplex,110000000.0,"₦ 110,000,000",3.0,3.0,House,Ikota Lekki Lagos,Ikota,Lekki,Lagos,BETHIROS REAL,Cctv Cameras; Children Play Ground; Free Wifi,09 Apr 2026,https://www.propertypro.ng/property/3-bedroom-house-for-sale-ikota-lekki-lagos-0PKJS
3PSGP,3 Bedroom Terrace Duplex For Sale,120000000.0,"₦ 120,000,000",3.0,3.0,House,Off Lekki Epe Expressway Ajah Lagos,Off Lekki Epe Expressway,Ajah,Lagos,ADULLAM REALTY,Pop Ceiling; Governor's Consent; 24 Hours Security,09 Jun 2026,https://www.propertypro.ng/property/3-bedroom-house-for-sale-off-lekki-epe-expressway-ajah-lagos-3PSGP
5PRGL,4 Bedroom Terrace Duplex (self Compound),350000000.0,"₦ 350,000,000",4.0,4.0,House,Maryland Lagos,Maryland,Lagos,Lagos,ACE REALTORS,Pop Ceiling; Restaurants Nearby; All Room Ensuit,01 Jun 2026,https://www.propertypro.ng/property/4-bedroom-house-for-sale-maryland-lagos-5PRGL
8PUJX,2&3 Bedroom Serviced Apartment With Elevator,160000000.0,"₦ 160,000,000",2.0,3.0,Flat Apartment,Ikate Lekki Lagos,Ikate,Lekki,Lagos,Geodense Realty,24 Hours Electricity; Pop Ceiling; Governor's Consent,26 Jun 2026,https://www.propertypro.ng/property/2-bedroom-flat-apartment-for-sale-ikate-lekki-lagos-8PUJX
2PRGM,4 Bedroom Terrace Duplex (self Compound),350000000.0,"₦ 350,000,000",4.0,4.0,House,Maryland Lagos,Maryland,Lagos,Lagos,ACE REALTORS,Pop Ceiling; Security; Restaurants Nearby,01 Jun 2026,https://www.propertypro.ng/property/4-bedroom-house-for-sale-maryland-lagos-2PRGM
1PUJG,2 Bedroom Apartment And 3 Bedroom Penthouse,240000000.0,"₦ 240,000,000",2.0,3.0,Flat Apartment,Lekki Phase 1 Lekki Lagos,Lekki Phase 1,Lekki,Lagos,Geodense Realty,Cctv Cameras; 24 Hours Electricity; Pop Ceiling,26 Jun 2026,https://www.propertypro.ng/property/2-bedroom-flat-apartment-for-sale-lekki-phase-1-lekki-lagos-1PUJG
7PTFJ,3 Bedroom Apartment,35000000.0,"₦ 35,000,000",3.0,,Flat Apartment,Gerard Road Ikoyi Lagos,Gerard Road,Ikoyi,Lagos,Olayinka sobambi,,17 Jun 2026,https://www.propertypro.ng/property/3-bedroom-flat-apartment-for-sale-gerard-road-ikoyi-lagos-7PTFJ
9PPVV,4 Bedroom Semi Detached Duplex,200000000.0,"₦ 200,000,000",4.0,4.0,House,Orchid Lekki Lagos,Orchid,Lekki,Lagos,Dcirealtor ltd,,19 May 2026,https://www.propertypro.ng/property/4-bedroom-house-for-sale-orchid-lekki-lagos-9PPVV
1PPWA,5 Bedroom Detached Duplex With Pool,600000000.0,"₦ 600,000,000",5.0,5.0,House,Ikota Lekki Lagos,Ikota,Lekki,Lagos,Dcirealtor ltd,,19 May 2026,https://www.propertypro.ng/property/5-bedroom-house-for-sale-ikota-lekki-lagos-1PPWA
5PTMT,4 Units Of 3 Bedroom Flat,600000000.0,"₦ 600,000,000",3.0,,Flat Apartment,Ikeja Lagos,Ikeja,Lagos,Lagos,Olayinka sobambi,,19 Jun 2026,https://www.propertypro.ng/property/3-bedroom-flat-apartment-for-sale-ikeja-lagos-5PTMT
2NRQF,Block Of Flats,180000000.0,"₦ 180,000,000",3.0,3.0,Flat Apartment,Thomas Estate Ajah Lagos,Thomas Estate,Ajah,Lagos,Kayjoh,,15 Oct 2025,https://www.propertypro.ng/property/3-bedroom-flat-apartment-for-sale-thomas-estate-ajah-lagos-2NRQF
2PQWJ,4 Bedroom Terraced Duplex,650000000.0,"₦ 650,000,000",4.0,4.0,House,Lekki Phase 1 Lekki Lagos,Lekki Phase 1,Lekki,Lagos,,,28 May 2026,https://www.propertypro.ng/property/4-bedroom-house-for-sale-lekki-phase-1-lekki-lagos-2PQWJ
0PFZN,New 2 Bedroom Apartment,350000000.0,"₦ 350,000,000",2.0,2.0,Flat Apartment,Victoria Island Lagos,Victoria,Island,Lagos,BETHIROS REAL,Cctv Cameras; Children Play Ground; Free Wifi,09 Mar 2026,https://www.propertypro.ng/property/2-bedroom-flat-apartment-for-sale-victoria-island-lagos-0PFZN
9PHZD,New 5 Bedroom Detached Duplex,430000000.0,"₦ 430,000,000",5.0,5.0,House,Ikota Lekki Lagos,Ikota,Lekki,Lagos,BETHIROS REAL,Cctv Cameras; Free Wifi; Governor's Consent,26 Mar 2026,https://www.propertypro.ng/property/5-bedroom-house-for-sale-ikota-lekki-lagos-9PHZD
3PKJU,Bew 5 Bedroom Detached Duplex,650000000.0,"₦ 650,000,000",5.0,5.0,House,Osapa London Lekki Lagos,Osapa London,Lekki,Lagos,BETHIROS REAL,Cctv Cameras; Free Wifi; Governor's Consent,09 Apr 2026,https://www.propertypro.ng/property/5-bedroom-house-for-sale-osapa-london-lekki-lagos-3PKJU
2PKCJ,Newly Built 5 Bedroom Semi Detached Duplex,900000000.0,"₦ 900,000,000",5.0,5.0,House,Ikate Lekki Lagos,Ikate,Lekki,Lagos,BETHIROS REAL,Cctv Cameras; Free Wifi; Governor's Consent,07 Apr 2026,https://www.propertypro.ng/property/5-bedroom-house-for-sale-ikate-lekki-lagos-2PKCJ
6PJCW,New 5 Bedroom Detached Duplex With Gym/pool/cinema,900000000.0,"₦ 900,000,000",5.0,5.0,House,Chevron Lekki Lagos,Chevron,Lekki,Lagos,BETHIROS REAL,Cctv Cameras; Free Wifi; Governor's Consent,28 Mar 2026,https://www.propertypro.ng/property/5-bedroom-house-for-sale-chevron-lekki-lagos-6PJCW
6PJER,Newly Built 4 Bedroom Terrace Duplex,250000000.0,"₦ 250,000,000",4.0,4.0,House,Ikate Lekki Lagos,Ikate,Lekki,Lagos,BETHIROS REAL,24 Hours Electricity; Pop Ceiling; Governor's Consent,29 Mar 2026,https://www.propertypro.ng/property/4-bedroom-house-for-sale-ikate-lekki-lagos-6PJER
2PJEJ,Newly Built 2 Bedroom Apartment,235000000.0,"₦ 235,000,000",2.0,2.0,Flat Apartment,Ikate Lekki Lagos,Ikate,Lekki,Lagos,BETHIROS REAL,Cctv Cameras; Children Play Ground; 24 Hours Electricity,29 Mar 2026,https://www.propertypro.ng/property/2-bedroom-flat-apartment-for-sale-ikate-lekki-lagos-2PJEJ
1PHPU,New 2 Bedroom Apartment,220000000.0,"₦ 220,000,000",2.0,2.0,Flat Apartment,Ikate Lekki Lagos,Ikate,Lekki,Lagos,BETHIROS REAL,,23 Mar 2026,https://www.propertypro.ng/property/2-bedroom-flat-apartment-for-sale-ikate-lekki-lagos-1PHPU
0PNZQ,Newly Built 2 Bedroom Apartment,225000000.0,"₦ 225,000,000",2.0,2.0,Flat Apartment,Ikate Lekki Lagos,Ikate,Lekki,Lagos,ADULLAM REALTY,,11 May 2026,https://www.propertypro.ng/property/2-bedroom-flat-apartment-for-sale-ikate-lekki-lagos-0PNZQ
9PSAP,"6 Bedroom Detached Duplex With Elevator, Swimming Pool",1100000000.0,"₦ 1,100,000,000",6.0,6.0,House,Lekki Phase 1 Lekki Lagos,Lekki Phase 1,Lekki,Lagos,BETHIROS REAL,Cctv Cameras; Free Wifi; Governor's Consent,07 Jun 2026,https://www.propertypro.ng/property/6-bedroom-house-for-sale-lekki-phase-1-lekki-lagos-9PSAP
5PSKV,New 3 Bedroom Apartment,300000000.0,"₦ 300,000,000",3.0,3.0,Flat Apartment,Ikate Lekki Lagos,Ikate,Lekki,Lagos,BETHIROS REAL,,10 Jun 2026,https://www.propertypro.ng/property/3-bedroom-flat-apartment-for-sale-ikate-lekki-lagos-5PSKV
6PRHN,New 5 Bedroom Detached Duplex,430000000.0,"₦ 430,000,000",5.0,5.0,House,Chevron Toll Gate Lekki Lagos,Chevron Toll Gate,Lekki,Lagos,BETHIROS REAL,Cctv Cameras; Governor's Consent; Front Desk Service,01 Jun 2026,https://www.propertypro.ng/property/5-bedroom-house-for-sale-chevron-toll-gate-lekki-lagos-6PRHN
2PNBW,5 Bedroom Duplex,600000000.0,"₦ 600,000,000",5.0,4.0,House,Ikota Lekki Lagos,Ikota,Lekki,Lagos,Vechy Realty,Cctv Cameras; Pop Ceiling; 24 Hours Security,04 May 2026,https://www.propertypro.ng/property/5-bedroom-house-for-sale-ikota-lekki-lagos-2PNBW
0PQRP,Ultra Luxury 3 Bedroom Flat With Bq,660000000.0,"₦ 660,000,000",3.0,3.0,Flat Apartment,Victoria Island Lagos,Victoria,Island,Lagos,17Three Digital,C Of O; Pop Ceiling; Security,26 May 2026,https://www.propertypro.ng/property/3-bedroom-flat-apartment-for-sale-victoria-island-lagos-0PQRP
6PSBU,2 Bedroom Apartment,140000000.0,"₦ 140,000,000",2.0,,Flat Apartment,Ikate Lekki Lagos,Ikate,Lekki,Lagos,CANDIIS HOSPITALITY,,08 Jun 2026,https://www.propertypro.ng/property/2-bedroom-flat-apartment-for-sale-ikate-lekki-lagos-6PSBU
7PTGN,2 Bedroom Apartment In Oniru,500000000.0,"₦ 500,000,000",2.0,2.0,Flat Apartment,Oniru Victoria Island Lagos,Oniru Victoria,Island,Lagos,CWRE LTD,,17 Jun 2026,https://www.propertypro.ng/property/2-bedroom-flat-apartment-for-sale-oniru-victoria-island-lagos-7PTGN
2PHPG,New 2 Bedroom Apartment,280000000.0,"₦ 280,000,000",2.0,2.0,Flat Apartment,"Freedom Way, Lekki Phase 1 Lekki Lagos","Freedom Way, Lekki Phase 1",Lekki,Lagos,BETHIROS REAL,,23 Mar 2026,https://www.propertypro.ng/property/2-bedroom-flat-apartment-for-sale-freedom-way-lekki-phase-1-lekki-lagos-2PHPG
0PPVW,4 Bedroom Semi Detached Duplex,200000000.0,"₦ 200,000,000",4.0,4.0,House,Orchid Lekki Lagos,Orchid,Lekki,Lagos,Dcirealtor ltd,,19 May 2026,https://www.propertypro.ng/property/4-bedroom-house-for-sale-orchid-lekki-lagos-0PPVW
8PMVK,5 Bedroom Duplex,600000000.0,"₦ 600,000,000",5.0,5.0,House,Lekki Phase 1 Lekki Lagos,Lekki Phase 1,Lekki,Lagos,BETHIROS REAL,Cctv Cameras; Free Wifi; Governor's Consent,01 May 2026,https://www.propertypro.ng/property/5-bedroom-house-for-sale-lekki-phase-1-lekki-lagos-8PMVK
9PTSZ,New 5 Bedroom Duplex,900000000.0,"₦ 900,000,000",5.0,5.0,House,Oniru Victoria Island Lagos,Oniru Victoria,Island,Lagos,BETHIROS REAL,Drainage System; Church Nearby; Pop Ceiling,21 Jun 2026,https://www.propertypro.ng/property/5-bedroom-house-for-sale-oniru-victoria-island-lagos-9PTSZ
2PQCM,4 Bedroom Semi Detached Duplex With Bq,160000000.0,"₦ 160,000,000",4.0,4.0,House,Ikota Lekki Lagos,Ikota,Lekki,Lagos,17Three Digital,C Of O; Pop Ceiling; Security,21 May 2026,https://www.propertypro.ng/property/4-bedroom-house-for-sale-ikota-lekki-lagos-2PQCM
2PSXF,Land,2500000000.0,"₦ 2,500,000,000",,,Land,Maitama Abuja,Maitama,Abuja,Abuja,Olayinka sobambi,,15 Jun 2026,https://www.propertypro.ng/property/land-for-sale-maitama-abuja-2PSXF
0PTGD,New Development Apartments In Ikoyi,590000000.0,"₦ 590,000,000",3.0,3.0,Flat Apartment,Osborne Foreshore Estate Ikoyi Lagos,Osborne Foreshore Estate,Ikoyi,Lagos,CWRE LTD,,17 Jun 2026,https://www.propertypro.ng/property/3-bedroom-flat-apartment-for-sale-osborne-foreshore-estate-ikoyi-lagos-0PTGD
6PUKV,Modern 5 Bedroom Detached Duplex With Cinema And Gym,900000000.0,"₦ 900,000,000",5.0,6.0,House,Lekki Phase 1 Lekki Lagos,Lekki Phase 1,Lekki,Lagos,Geodense Realty,Drainage System; Gym; 24 Hours Electricity,26 Jun 2026,https://www.propertypro.ng/property/5-bedroom-house-for-sale-lekki-phase-1-lekki-lagos-6PUKV
2NQHR,Distress 6units Of 4 Bedroom Terrace Duplex With Bq,2200000000.0,"₦ 2,200,000,000",4.0,,House,Linder Chucker Crescent Close To Minister's House Asokoro Abuja,Linder Chucker Crescent Close To Minister's House,Asokoro,Abuja,Shedrack Luka,Newly Built; Serviced; Only on PropertyPro,03 Oct 2025,https://www.propertypro.ng/property/house-for-sale-linder-chucker-crescent-close-to-ministers-house-asokoro-abuja-2NQHR
5PANA,Automated 5 Bedroom Detached Duplex With Bq,650000000.0,"₦ 650,000,000",5.0,5.0,House,Megamound Estate Ikota Lekki Lagos,Megamound Estate Ikota,Lekki,Lagos,17Three Digital,C Of O; Cctv Cameras; Pop Ceiling,20 Jan 2026,https://www.propertypro.ng/property/5-bedroom-house-for-sale-megamound-estate-ikota-lekki-lagos-5PANA
8PSWY,4 Bedroom Terrace Duplex,600000000.0,"₦ 600,000,000",4.0,,House,Ikeja Gra Ikeja Lagos,Ikeja Gra,Ikeja,Lagos,Olayinka sobambi,,15 Jun 2026,https://www.propertypro.ng/property/4-bedroom-house-for-sale-ikeja-gra-ikeja-lagos-8PSWY
8PTFB,2 Bedroom Apartment,550000000.0,"₦ 550,000,000",2.0,,Flat Apartment,Off Glover Road Ikoyi Lagos,Off Glover Road,Ikoyi,Lagos,Olayinka sobambi,,17 Jun 2026,https://www.propertypro.ng/property/flat-apartment-for-sale-off-glover-road-ikoyi-lagos-8PTFB
0PSZC,1 Units Of 2 Bungalow Detached,200000000.0,"₦ 200,000,000",,,Flat Apartment,Off Lekki Epe Expressway Ajah Lagos,Off Lekki Epe Expressway,Ajah,Lagos,Olayinka sobambi,,15 Jun 2026,https://www.propertypro.ng/property/flat-apartment-for-sale-off-lekki-epe-expressway-ajah-lagos-0PSZC
1PSCF,4 Bedroom Semi Detached Duplex,150000000.0,"₦ 150,000,000",4.0,,House,Alpha Grace Estate Jericho/idi Ishin Ibadan Oyo,Alpha Grace Estate Jericho/idi Ishin,Ibadan,Oyo,BestieChoize Properties,,08 Jun 2026,https://www.propertypro.ng/property/4-bedroom-house-for-sale-alpha-grace-estate-jericho-idi-ishin-ibadan-oyo-1PSCF
3PTVR,New 4 Bedroom Duplex,280000000.0,"₦ 280,000,000",4.0,5.0,House,Idado Lekki Lagos,Idado,Lekki,Lagos,BETHIROS REAL,Free Wifi; Pop Ceiling; Governor's Consent,22 Jun 2026,https://www.propertypro.ng/property/4-bedroom-house-for-sale-idado-lekki-lagos-3PTVR
6PSAN,New 6 Bedroom Detached Duplex,1700000000.0,"₦ 1,700,000,000",6.0,7.0,House,Victoria Island Lagos,Victoria,Island,Lagos,BETHIROS REAL,Cctv Cameras; Free Wifi; Governor's Consent,07 Jun 2026,https://www.propertypro.ng/property/6-bedroom-house-for-sale-victoria-island-lagos-6PSAN
4PUKU,Newly Built 4 Bedroom Terraced Duplex,850000000.0,"₦ 850,000,000",4.0,5.0,House,Victoria Island Lagos,Victoria,Island,Lagos,Geodense Realty,24 Hours Electricity; Pop Ceiling; Governor's Consent,26 Jun 2026,https://www.propertypro.ng/property/4-bedroom-house-for-sale-victoria-island-lagos-4PUKU
5PHUQ,New 2 Bedroom Apartment,155000000.0,"₦ 155,000,000",2.0,2.0,Flat Apartment,Freedom Way Lekki Lagos,Freedom Way,Lekki,Lagos,BETHIROS REAL,Cctv Cameras; Free Wifi; Governor's Consent,25 Mar 2026,https://www.propertypro.ng/property/2-bedroom-flat-apartment-for-sale-freedom-way-lekki-lagos-5PHUQ
1PUSM,Newly Built 4bedroom Terrace Duplex,140000000.0,"₦ 140,000,000",4.0,4.0,House,Abraham Adesanya Estate Abraham Adesanya Estate Ajah Lagos,Abraham Adesanya Estate Abraham Adesanya Estate,Ajah,Lagos,New adventures,Serviced; Only on PropertyPro,29 Jun 2026,https://www.propertypro.ng/property/4-bedroom-house-for-sale-abraham-adesanya-estate-abraham-adesanya-estate-ajah-lagos-1PUSM
2PAKD,Newly Built 2 Bedroom Apartment,120000000.0,"₦ 120,000,000",2.0,2.0,Flat Apartment,Off Spg Road Ologolo Lekki Lagos,Off Spg Road Ologolo,Lekki,Lagos,17Three Digital,Pop Ceiling; Governor's Consent; Security,20 Jan 2026,https://www.propertypro.ng/property/2-bedroom-flat-apartment-for-sale-off-spg-road-ologolo-lekki-lagos-2PAKD
7PQYT,Newly Built 5 Bedroom Detached Duplex,980000000.0,"₦ 980,000,000",5.0,5.0,House,Osapa Lekki Phase 1 Lekki Lagos,Osapa Lekki Phase 1,Lekki,Lagos,BETHIROS REAL,Cctv Cameras; Children Play Ground; Free Wifi,29 May 2026,https://www.propertypro.ng/property/5-bedroom-house-for-sale-osapa-lekki-phase-1-lekki-lagos-7PQYT
8PPYC,5 Bedroom Detached Duplex,4700000000.0,"₦ 4,700,000,000",5.0,5.0,House,Banana Island Ikoyi Lagos,Banana Island,Ikoyi,Lagos,,,20 May 2026,https://www.propertypro.ng/property/5-bedroom-house-for-sale-banana-island-ikoyi-lagos-8PPYC
1PRGP,4 Bedroom Terrace Duplex (self Compound),350000000.0,"₦ 350,000,000",4.0,4.0,House,Maryland Lagos,Maryland,Lagos,Lagos,ACE REALTORS,Pop Ceiling; Restaurants Nearby; All Room Ensuit,01 Jun 2026,https://www.propertypro.ng/property/4-bedroom-house-for-sale-maryland-lagos-1PRGP
1PUKW,Newly Built 4 Bedroom Terraced Duplex,800000000.0,"₦ 800,000,000",4.0,5.0,House,Victoria Island Lagos,Victoria,Island,Lagos,Geodense Realty,Cctv Cameras; Children Play Ground; Pop Ceiling,26 Jun 2026,https://www.propertypro.ng/property/4-bedroom-house-for-sale-victoria-island-lagos-1PUKW
8PTGM,2 Bedroom Apartment In Oniru,500000000.0,"₦ 500,000,000",2.0,2.0,Flat Apartment,Oniru Victoria Island Lagos,Oniru Victoria,Island,Lagos,CWRE LTD,,17 Jun 2026,https://www.propertypro.ng/property/2-bedroom-flat-apartment-for-sale-oniru-victoria-island-lagos-8PTGM
5PTGN,2 Bedroom Apartment In Oniru,500000000.0,"₦ 500,000,000",2.0,2.0,Flat Apartment,Oniru Victoria Island Lagos,Oniru Victoria,Island,Lagos,CWRE LTD,,17 Jun 2026,https://www.propertypro.ng/property/2-bedroom-flat-apartment-for-sale-oniru-victoria-island-lagos-5PTGN
0PSHS,Shopping Complex,45000000.0,"₦ 45,000,000",,,Commercial Property,Adeoje Junction Akala Express Ibadan Oyo,Adeoje Junction Akala Express,Ibadan,Oyo,BestieChoize Properties,,10 Jun 2026,https://www.propertypro.ng/property/commercial-property-for-sale-adeoje-junction-akala-express-ibadan-oyo-0PSHS
2PFZE,Priime Bareland Measuring 1510sqms,3700000000.0,"₦ 3,700,000,000",,,Land,Victoria Island Lagos,Victoria,Island,Lagos,CASA PRIME,Cctv Cameras; 24 Hours Electricity; Restaurants Nearby,09 Mar 2026,https://www.propertypro.ng/property/land-for-sale-victoria-island-lagos-2PFZE
7PSFC,Contemporary Automated Luxury 5 Bedroom Fully Detached,800000000.0,"₦ 800,000,000",5.0,,House,Osapa London Lekki Lagos,Osapa London,Lekki,Lagos,CANDIIS HOSPITALITY,,09 Jun 2026,https://www.propertypro.ng/property/house-for-sale-osapa-london-lekki-lagos-7PSFC
6PDJV,5bed Detached+2bq..,7500000000.0,"₦ 7,500,000,000",5.0,6.0,House,Banana Island Ikoyi Lagos,Banana Island,Ikoyi,Lagos,Dollyrealty,Newly Built; Only on PropertyPro,16 Feb 2026,https://www.propertypro.ng/property/5-bedroom-house-for-sale-banana-island-ikoyi-lagos-6PDJV
0PTAH,5 Bedroom Fully Detached Duplex With Bq,450000000.0,"₦ 450,000,000",5.0,,House,Osapa London Lekki Lagos,Osapa London,Lekki,Lagos,Tugaris Realtor,Mosques Nearby,15 Jun 2026,https://www.propertypro.ng/property/5-bedroom-house-for-sale-osapa-london-lekki-lagos-0PTAH
3PGYV,Newly Built 5 Bedroom Fully Detached Duplex,500000000.0,"₦ 500,000,000",5.0,4.0,House,Chevron Toll Gate Lekki Lagos,Chevron Toll Gate,Lekki,Lagos,Vechy Realty,Cctv Cameras; Drainage System; Pop Ceiling,17 Mar 2026,https://www.propertypro.ng/property/house-for-sale-chevron-toll-gate-lekki-lagos-3PGYV
1PHRN,5 Bedroom Fully Detached Duplex,270000000.0,"₦ 270,000,000",5.0,4.0,House,Ajah Lagos,Ajah,Lagos,Lagos,Vechy Realty,Cctv Cameras; Pop Ceiling; Governor's Consent,24 Mar 2026,https://www.propertypro.ng/property/5-bedroom-house-for-sale-ajah-lagos-1PHRN
7PGME,Brand New 5 Bedroom Duplex,380000000.0,"₦ 380,000,000",5.0,4.0,House,Ikota Lekki Lagos,Ikota,Lekki,Lagos,Vechy Realty,Cctv Cameras; 24 Hours Electricity; Pop Ceiling,13 Mar 2026,https://www.propertypro.ng/property/5-bedroom-house-for-sale-ikota-lekki-lagos-7PGME
7PHYN,Luxury 5 Bedroom Detached Duplex,330000000.0,"₦ 330,000,000",5.0,4.0,House,Orchid Lekki Lagos,Orchid,Lekki,Lagos,Vechy Realty,Cctv Cameras; Pop Ceiling; 24 Hours Security,26 Mar 2026,https://www.propertypro.ng/property/5-bedroom-house-for-sale-orchid-lekki-lagos-7PHYN
5PNQV,Brand New 4 Bedroom Detached Duplex,450000000.0,"₦ 450,000,000",4.0,4.0,House,Ikota Safe Court Apartments Lekki Lagos,Ikota Safe Court Apartments,Lekki,Lagos,Vechy Realty,Cctv Cameras; Pop Ceiling; 24 Hours Security,08 May 2026,https://www.propertypro.ng/property/4-bedroom-house-for-sale-ikota-safe-court-apartments-lekki-lagos-5PNQV
8PRUZ,*for Sale!*5 Bedroom Bungalow,200000000.0,"₦ 200,000,000",5.0,5.0,House,Bodija Ibadan Oyo,Bodija,Ibadan,Oyo,BestieChoize Properties,Security; Big Compound; Fast Internet,05 Jun 2026,https://www.propertypro.ng/property/5-bedroom-house-for-sale-bodija-ibadan-oyo-8PRUZ
1PTBD,Newly Built 4 Bedroom Detached Duplex,200000000.0,"₦ 200,000,000",4.0,4.0,House,Ifako Ogba Ogba Lagos,Ifako Ogba,Ogba,Lagos,Olayinka sobambi,Drainage System; 24 Hours Security; Water Treatment,16 Jun 2026,https://www.propertypro.ng/property/4-bedroom-house-for-sale-ifako-ogba-ogba-lagos-1PTBD
5PJCX,New 2 Bedroom Flat With Gym/pool,245000000.0,"₦ 245,000,000",2.0,2.0,Flat Apartment,Ikate Lekki Lagos,Ikate,Lekki,Lagos,BETHIROS REAL,Cctv Cameras; Children Play Ground; Free Wifi,28 Mar 2026,https://www.propertypro.ng/property/2-bedroom-flat-apartment-for-sale-ikate-lekki-lagos-5PJCX
2PBPK,Well Built Fully Serviced 5 Bedroom Detached Home,2400000000.0,"₦ 2,400,000,000",5.0,5.0,House,Old Ikoyi Ikoyi Lagos,Old Ikoyi,Ikoyi,Lagos,First Colony,Only on PropertyPro,30 Jan 2026,https://www.propertypro.ng/property/5-bedroom-house-for-sale-old-ikoyi-ikoyi-lagos-2PBPK
1PLCK,New 3 Bedroom Apartment With Bq,460000000.0,"₦ 460,000,000",3.0,3.0,Flat Apartment,Lekki Phase 1 Lekki Lagos,Lekki Phase 1,Lekki,Lagos,BETHIROS REAL,Cctv Cameras; Free Wifi; Governor's Consent,15 Apr 2026,https://www.propertypro.ng/property/3-bedroom-flat-apartment-for-sale-lekki-phase-1-lekki-lagos-1PLCK
9PHZG,New 4 Bedroom Semi Detached Duplex,250000000.0,"₦ 250,000,000",4.0,4.0,House,Idado Lekki Lagos,Idado,Lekki,Lagos,BETHIROS REAL,Cctv Cameras; Children Play Ground; Free Wifi,26 Mar 2026,https://www.propertypro.ng/property/4-bedroom-house-for-sale-idado-lekki-lagos-9PHZG
1PHTE,4 Bedroom Terrace Duplex,300000000.0,"₦ 300,000,000",4.0,4.0,House,Ikate Lekki Lagos,Ikate,Lekki,Lagos,BETHIROS REAL,Cctv Cameras; Free Wifi; Governor's Consent,24 Mar 2026,https://www.propertypro.ng/property/4-bedroom-house-for-sale-ikate-lekki-lagos-1PHTE
6PKJV,New 5 Bedroom Duplex,930000000.0,"₦ 930,000,000",5.0,5.0,House,Ikate Lekki Lagos,Ikate,Lekki,Lagos,BETHIROS REAL,Cctv Cameras; Free Wifi; Governor's Consent,09 Apr 2026,https://www.propertypro.ng/property/5-bedroom-house-for-sale-ikate-lekki-lagos-6PKJV
2PTFY,New Development Properties In Vi,450000000.0,"₦ 450,000,000",2.0,2.0,Flat Apartment,Victoria Island Lagos,Victoria,Island,Lagos,CWRE LTD,,17 Jun 2026,https://www.propertypro.ng/property/2-bedroom-flat-apartment-for-sale-victoria-island-lagos-2PTFY
1PSBM,New 5 Bedroom Detached Duplex,3400000000.0,"₦ 3,400,000,000",5.0,5.0,House,Ikoyi Lagos,Ikoyi,Lagos,Lagos,BETHIROS REAL,Cctv Cameras; Free Wifi; Governor's Consent,08 Jun 2026,https://www.propertypro.ng/property/5-bedroom-house-for-sale-ikoyi-lagos-1PSBM
4PSKQ,New 2 Bedroom,220000000.0,"₦ 220,000,000",2.0,2.0,Flat Apartment,Ikate Lekki Lagos,Ikate,Lekki,Lagos,BETHIROS REAL,,10 Jun 2026,https://www.propertypro.ng/property/2-bedroom-flat-apartment-for-sale-ikate-lekki-lagos-4PSKQ
4PSNU,New 2 Bedroom Apartment,145000000.0,"₦ 145,000,000",2.0,2.0,Flat Apartment,Ologolo Lekki Lagos,Ologolo,Lekki,Lagos,BETHIROS REAL,,11 Jun 2026,https://www.propertypro.ng/property/2-bedroom-flat-apartment-for-sale-ologolo-lekki-lagos-4PSNU
7PPWB,5 Bedroom Detached Duplex With Pool,500000000.0,"₦ 500,000,000",5.0,5.0,House,Vgc Lekki Lagos,Vgc,Lekki,Lagos,Dcirealtor ltd,,19 May 2026,https://www.propertypro.ng/property/5-bedroom-house-for-sale-vgc-lekki-lagos-7PPWB
2PMVM,4 Bedroom Semi Detached Duplex,230000000.0,"₦ 230,000,000",4.0,4.0,House,Ikota Lekki Lagos,Ikota,Lekki,Lagos,BETHIROS REAL,Cctv Cameras; Free Wifi; Governor's Consent,01 May 2026,https://www.propertypro.ng/property/4-bedroom-house-for-sale-ikota-lekki-lagos-2PMVM
5PRPT,New 2 Bedroom Apartment,270000000.0,"₦ 270,000,000",2.0,2.0,Flat Apartment,Ikate Lekki Lagos,Ikate,Lekki,Lagos,BETHIROS REAL,Cctv Cameras; Free Wifi; Governor's Consent,03 Jun 2026,https://www.propertypro.ng/property/2-bedroom-flat-apartment-for-sale-ikate-lekki-lagos-5PRPT
0PSPX,Gigantic 5 Bedroom Detached Home Inside Nicon Town,1400000000.0,"₦ 1,400,000,000",5.0,4.0,House,Nicon Town Lekki Lagos,Nicon Town,Lekki,Lagos,First Colony,Only on PropertyPro,12 Jun 2026,https://www.propertypro.ng/property/5-bedroom-house-for-sale-nicon-town-lekki-lagos-0PSPX
9PRPM,New 5 Bedroom Detached Duplex,430000000.0,"₦ 430,000,000",5.0,5.0,House,Chevron Toll Gate Lekki Lagos,Chevron Toll Gate,Lekki,Lagos,BETHIROS REAL,Cctv Cameras; Free Wifi; Governor's Consent,03 Jun 2026,https://www.propertypro.ng/property/5-bedroom-house-for-sale-chevron-toll-gate-lekki-lagos-9PRPM
5PNZC,5 Bedroom Detached Duplex,430000000.0,"₦ 430,000,000",5.0,5.0,House,Ikota Lekki Lagos,Ikota,Lekki,Lagos,BETHIROS REAL,,11 May 2026,https://www.propertypro.ng/property/5-bedroom-house-for-sale-ikota-lekki-lagos-5PNZC
9PTMS,Bungalow,130000000.0,"₦ 130,000,000",,,House,Surulere Lagos,Surulere,Lagos,Lagos,Olayinka sobambi,,19 Jun 2026,https://www.propertypro.ng/property/house-for-sale-surulere-lagos-9PTMS
0PRDP,4 Bedroom Semi Detached Duplex,260000000.0,"₦ 260,000,000",4.0,4.0,House,Orchid Lekki Lagos,Orchid,Lekki,Lagos,BETHIROS REAL,Church Nearby; Survey; Excision,30 May 2026,https://www.propertypro.ng/property/4-bedroom-house-for-sale-orchid-lekki-lagos-0PRDP
4PHQC,New 2 Bedroom Apartment,250000000.0,"₦ 250,000,000",2.0,2.0,Flat Apartment,Lekki Phase 1 Lekki Lagos,Lekki Phase 1,Lekki,Lagos,BETHIROS REAL,,23 Mar 2026,https://www.propertypro.ng/property/2-bedroom-flat-apartment-for-sale-lekki-phase-1-lekki-lagos-4PHQC
9PHPY,New 5 Bedroom Detached Duplex,1200000000.0,"₦ 1,200,000,000",5.0,5.0,House,Lekki Phase 1 Lekki Lagos,Lekki Phase 1,Lekki,Lagos,BETHIROS REAL,,23 Mar 2026,https://www.propertypro.ng/property/5-bedroom-house-for-sale-lekki-phase-1-lekki-lagos-9PHPY
9PAQR,2 Bedroom Apartment With Governor's Consent,360000000.0,"₦ 360,000,000",2.0,2.0,Flat Apartment,Off Admiralty Way Lekki Phase 1 Lekki Lagos,Off Admiralty Way Lekki Phase 1,Lekki,Lagos,17Three Digital,Cctv Cameras; Gym; 24 Hours Electricity,21 Jan 2026,https://www.propertypro.ng/property/2-bedroom-flat-apartment-for-sale-off-admiralty-way-lekki-phase-1-lekki-lagos-9PAQR
0PATT,Elegant 5 Bedroom Semi Detached Duplex With Bq,350000000.0,"₦ 350,000,000",5.0,5.0,House,"Chaplin Court Estate, Ogombo Ajah Lagos","Chaplin Court Estate, Ogombo",Ajah,Lagos,17Three Digital,Pop Ceiling; Governor's Consent; Security,22 Jan 2026,https://www.propertypro.ng/property/5-bedroom-house-for-sale-chaplin-court-estate-ogombo-ajah-lagos-0PATT
9PAUJ,5 Bedroom Detached Duplex With Bq/pool,400000000.0,"₦ 400,000,000",5.0,5.0,House,Ikota Lekki Lagos,Ikota,Lekki,Lagos,17Three Digital,C Of O; Pop Ceiling; Governor's Consent,22 Jan 2026,https://www.propertypro.ng/property/5-bedroom-house-for-sale-ikota-lekki-lagos-9PAUJ
0PAWZ,4 Bedroom Detached Duplex With Bq,230000000.0,"₦ 230,000,000",4.0,4.0,House,Napier Gardens Ikota Lekki Lagos,Napier Gardens Ikota,Lekki,Lagos,17Three Digital,C Of O; Pop Ceiling; Governor's Consent,23 Jan 2026,https://www.propertypro.ng/property/4-bedroom-house-for-sale-napier-gardens-ikota-lekki-lagos-0PAWZ
5NZZY,10 Units Of 3 Bedroom Apartment,300000000.0,"₦ 300,000,000",3.0,3.0,House,Halcyon Court Adeniyi Jones Ikeja Lagos,Halcyon Court Adeniyi Jones,Ikeja,Lagos,17Three Digital,Children Play Ground; Gym; 24 Hours Electricity,16 Jan 2026,https://www.propertypro.ng/property/3-bedroom-house-for-sale-halcyon-court-adeniyi-jones-ikeja-lagos-5NZZY
0PPVY,2 Bedroom Apartment,300000000.0,"₦ 300,000,000",2.0,2.0,Flat Apartment,Oniru Victoria Island Lagos,Oniru Victoria,Island,Lagos,Dcirealtor ltd,,19 May 2026,https://www.propertypro.ng/property/2-bedroom-flat-apartment-for-sale-oniru-victoria-island-lagos-0PPVY
4PQVZ,Buy And Build Land,54000000.0,"₦ 54,000,000",,,Land,Lakowe Ajah Lagos,Lakowe,Ajah,Lagos,Vechy Realty,C Of O; Cctv Cameras; Drainage System,28 May 2026,https://www.propertypro.ng/property/land-for-sale-lakowe-ajah-lagos-4PQVZ
6PTCP,3 Bedroom Duplex,90000000.0,"₦ 90,000,000",3.0,,House,Ogudu Lagos,Ogudu,Lagos,Lagos,Olayinka sobambi,,16 Jun 2026,https://www.propertypro.ng/property/house-for-sale-ogudu-lagos-6PTCP
6PRPR,New 3 Bedroom Apartment,280000000.0,"₦ 280,000,000",3.0,3.0,House,Ikate Lekki Lagos,Ikate,Lekki,Lagos,BETHIROS REAL,Cctv Cameras; Free Wifi; Governor's Consent,03 Jun 2026,https://www.propertypro.ng/property/3-bedroom-house-for-sale-ikate-lekki-lagos-6PRPR
7PKJT,New 2 Bedroom Apartment,225000000.0,"₦ 225,000,000",2.0,2.0,Flat Apartment,Ikate Lekki Lagos,Ikate,Lekki,Lagos,BETHIROS REAL,Cctv Cameras; Free Wifi; Governor's Consent,09 Apr 2026,https://www.propertypro.ng/property/2-bedroom-flat-apartment-for-sale-ikate-lekki-lagos-7PKJT
3PPTP,4 Bedroom Semi Detached Duplex,290000000.0,"₦ 290,000,000",4.0,5.0,House,Chevron Lekki Lagos,Chevron,Lekki,Lagos,BETHIROS REAL,Free Wifi; Governor's Consent; Restaurants Nearby,18 May 2026,https://www.propertypro.ng/property/4-bedroom-house-for-sale-chevron-lekki-lagos-3PPTP
2NZZZ,Modern 4 Bedroom Detached Duplex,260000000.0,"₦ 260,000,000",4.0,4.0,House,"Dpk Estate, Orchid Lekki Lagos","Dpk Estate, Orchid",Lekki,Lagos,17Three Digital,C Of O; Pop Ceiling; Security,16 Jan 2026,https://www.propertypro.ng/property/4-bedroom-house-for-sale-dpk-estate-orchid-lekki-lagos-2NZZZ
5PQRQ,Luxury 4 Bedroom Semi Detached Duplex With Bq,240000000.0,"₦ 240,000,000",4.0,4.0,House,Ikota Gra Estate Lekki Lagos,Ikota Gra Estate,Lekki,Lagos,17Three Digital,Pop Ceiling; Governor's Consent; Security,26 May 2026,https://www.propertypro.ng/property/4-bedroom-house-for-sale-ikota-gra-estate-lekki-lagos-5PQRQ
0PRQF,New 4 Bedroom Detached Duplex,270000000.0,"₦ 270,000,000",4.0,4.0,House,Ikota Lekki Lagos,Ikota,Lekki,Lagos,BETHIROS REAL,Cctv Cameras; Free Wifi; Governor's Consent,03 Jun 2026,https://www.propertypro.ng/property/4-bedroom-house-for-sale-ikota-lekki-lagos-0PRQF
3PTZM,6650sqm Land Along Refinary Road,900000000.0,"₦ 900,000,000",,,Land,Along Lekki Free Trade Zone Road Ibeju Lekki Free Trade Zone Ibeju Lekki Lagos,Along Lekki Free Trade Zone Road Ibeju Lekki Free Trade Zone Ibeju,Lekki,Lagos,DFHL,Only on PropertyPro,23 Jun 2026,https://www.propertypro.ng/property/land-for-sale-along-lekki-free-trade-zone-road-ibeju-lekki-free-trade-zone-ibeju-lekki-lagos-3PTZM
2PUJC,Aesthetically Built 5 Bedroom Duplex With Pool And Bq,550000000.0,"₦ 550,000,000",5.0,6.0,House,Orchid Lekki Lagos,Orchid,Lekki,Lagos,Geodense Realty,Cctv Cameras; 24 Hours Electricity; Pop Ceiling,26 Jun 2026,https://www.propertypro.ng/property/5-bedroom-house-for-sale-orchid-lekki-lagos-2PUJC
9PMVL,4 Bedroom Duplex,150000000.0,"₦ 150,000,000",4.0,4.0,House,Ikota Lekki Lagos,Ikota,Lekki,Lagos,BETHIROS REAL,Cctv Cameras; Free Wifi; Governor's Consent,01 May 2026,https://www.propertypro.ng/property/4-bedroom-house-for-sale-ikota-lekki-lagos-9PMVL
9PHMY,Brand New 3 Bedroom Duplex,135000000.0,"₦ 135,000,000",3.0,3.0,House,Sangotedo Ajah Lagos,Sangotedo,Ajah,Lagos,Vechy Realty,C Of O; Pop Ceiling; Security,23 Mar 2026,https://www.propertypro.ng/property/3-bedroom-house-for-sale-sangotedo-ajah-lagos-9PHMY
6PTCN,4 Bedroom Terrace Duplex,12000000.0,"₦ 12,000,000",4.0,,House,"Lekki Garden Phase 2 , Abraham Adesanya Lekki Lagos","Lekki Garden Phase 2 , Abraham Adesanya",Lekki,Lagos,Olayinka sobambi,,16 Jun 2026,https://www.propertypro.ng/property/4-bedroom-house-for-sale-lekki-garden-phase-2-abraham-adesanya-lekki-lagos-6PTCN
8PJCW,New 4 Bedroom Terraced Duplex,135000000.0,"₦ 135,000,000",4.0,4.0,House,Ikota Lekki Lagos,Ikota,Lekki,Lagos,BETHIROS REAL,Cctv Cameras; Free Wifi; Governor's Consent,28 Mar 2026,https://www.propertypro.ng/property/4-bedroom-house-for-sale-ikota-lekki-lagos-8PJCW
6PUKS,Newly Built 5 Bedroom Duplex With Cinema And Pool,1200000000.0,"₦ 1,200,000,000",5.0,6.0,House,Lekki Phase 1 Lekki Lagos,Lekki Phase 1,Lekki,Lagos,Geodense Realty,Cctv Cameras; Children Play Ground; 24 Hours Electricity,26 Jun 2026,https://www.propertypro.ng/property/5-bedroom-house-for-sale-lekki-phase-1-lekki-lagos-6PUKS
9PPHZ,5 Bedroom Detached Duplex With Pool And Bq,400000000.0,"₦ 400,000,000",5.0,6.0,House,Ikota Lekki Lagos,Ikota,Lekki,Lagos,Geodense Realty,Governor's Consent; Restaurants Nearby; Supermarket Nearby,14 May 2026,https://www.propertypro.ng/property/5-bedroom-house-for-sale-ikota-lekki-lagos-9PPHZ
4PMMP,4 Bedroom Terrace Duplex,155000000.0,"₦ 155,000,000",4.0,4.0,House,Ologolo Lekki Lagos,Ologolo,Lekki,Lagos,BETHIROS REAL,Cctv Cameras; Free Wifi; Governor's Consent,28 Apr 2026,https://www.propertypro.ng/property/4-bedroom-house-for-sale-ologolo-lekki-lagos-4PMMP
2PPWA,5 Bedroom Detached Duplex With Pool,600000000.0,"₦ 600,000,000",5.0,5.0,House,Ikota Lekki Lagos,Ikota,Lekki,Lagos,Dcirealtor ltd,,19 May 2026,https://www.propertypro.ng/property/5-bedroom-house-for-sale-ikota-lekki-lagos-2PPWA
3PRGM,4 Bedroom Terrace Duplex (self Compound),350000000.0,"₦ 350,000,000",4.0,4.0,House,Maryland Lagos,Maryland,Lagos,Lagos,ACE REALTORS,Pop Ceiling; Security; Restaurants Nearby,01 Jun 2026,https://www.propertypro.ng/property/4-bedroom-house-for-sale-maryland-lagos-3PRGM
1PUKR,Newly Built 4 Bedroom Semi Detached Duplex With Bq,380000000.0,"₦ 380,000,000",4.0,5.0,House,Lekki Phase 1 Lekki Lagos,Lekki Phase 1,Lekki,Lagos,Geodense Realty,24 Hours Electricity; Pop Ceiling; Governor's Consent,26 Jun 2026,https://www.propertypro.ng/property/4-bedroom-house-for-sale-lekki-phase-1-lekki-lagos-1PUKR
6PTGN,2 Bedroom Apartment In Oniru,500000000.0,"₦ 500,000,000",2.0,2.0,Flat Apartment,Oniru Victoria Island Lagos,Oniru Victoria,Island,Lagos,CWRE LTD,,17 Jun 2026,https://www.propertypro.ng/property/2-bedroom-flat-apartment-for-sale-oniru-victoria-island-lagos-6PTGN
1PPME,4 Bedroom Terrace Duplex,140000000.0,"₦ 140,000,000",4.0,4.0,House,Ajah Lagos,Ajah,Lagos,Lagos,Dcirealtor ltd,,15 May 2026,https://www.propertypro.ng/property/4-bedroom-house-for-sale-ajah-lagos-1PPME
3PUJE,Newly Built 5 Bedroom Duplex With Pool And Gym,850000000.0,"₦ 850,000,000",5.0,6.0,House,Chevron Lekki Lagos,Chevron,Lekki,Lagos,Geodense Realty,Cctv Cameras; 24 Hours Electricity; Pop Ceiling,26 Jun 2026,https://www.propertypro.ng/property/5-bedroom-house-for-sale-chevron-lekki-lagos-3PUJE
1PTGG,5 Bedroom Detached House In Lekki,480000000.0,"₦ 480,000,000",5.0,5.0,House,Vgc Lekki Lagos,Vgc,Lekki,Lagos,CWRE LTD,,17 Jun 2026,https://www.propertypro.ng/property/5-bedroom-house-for-sale-vgc-lekki-lagos-1PTGG
3PTCM,Land,1200000.0,"₦ 1,200,000",,,Land,Lekki Phase 1 Lekki Lagos,Lekki Phase 1,Lekki,Lagos,Olayinka sobambi,,16 Jun 2026,https://www.propertypro.ng/property/land-for-sale-lekki-phase-1-lekki-lagos-3PTCM
8PTCK,Land,1000000000.0,"₦ 1,000,000,000",,,Land,Bourdillon Ikoyi Lagos,Bourdillon,Ikoyi,Lagos,Olayinka sobambi,,16 Jun 2026,https://www.propertypro.ng/property/land-for-sale-bourdillon-ikoyi-lagos-8PTCK
1PPVW,4 Bedroom Semi Detached Duplex,200000000.0,"₦ 200,000,000",4.0,4.0,House,Orchid Lekki Lagos,Orchid,Lekki,Lagos,Dcirealtor ltd,,19 May 2026,https://www.propertypro.ng/property/4-bedroom-house-for-sale-orchid-lekki-lagos-1PPVW
2PPVW,4 Bedroom Semi Detached Duplex,200000000.0,"₦ 200,000,000",4.0,4.0,House,Orchid Lekki Lagos,Orchid,Lekki,Lagos,Dcirealtor ltd,,19 May 2026,https://www.propertypro.ng/property/4-bedroom-house-for-sale-orchid-lekki-lagos-2PPVW
6PPTM,2 Bedroom Apartment,150000000.0,"₦ 150,000,000",2.0,3.0,Flat Apartment,Osapa London Lekki Lagos,Osapa London,Lekki,Lagos,BETHIROS REAL,Cctv Cameras; Free Wifi; Governor's Consent,18 May 2026,https://www.propertypro.ng/property/2-bedroom-flat-apartment-for-sale-osapa-london-lekki-lagos-6PPTM
4PRGZ,New 1 Bedroom Apartment,80000000.0,"₦ 80,000,000",1.0,1.0,Flat Apartment,Alpha Beach Road Lekki Lagos,Alpha Beach Road,Lekki,Lagos,BETHIROS REAL,,01 Jun 2026,https://www.propertypro.ng/property/1-bedroom-flat-apartment-for-sale-alpha-beach-road-lekki-lagos-4PRGZ
2PRDP,5 Bedroom Detached Duplex,740000000.0,"₦ 740,000,000",5.0,5.0,House,Ikate Lekki Lagos,Ikate,Lekki,Lagos,BETHIROS REAL,Cctv Cameras; Pop Ceiling; Governor's Consent,30 May 2026,https://www.propertypro.ng/property/5-bedroom-house-for-sale-ikate-lekki-lagos-2PRDP
4PRDP,4 Bedroom Duplex,350000000.0,"₦ 350,000,000",4.0,4.0,House,Osapa Lekki Phase 1 Lekki Lagos,Osapa Lekki Phase 1,Lekki,Lagos,BETHIROS REAL,,30 May 2026,https://www.propertypro.ng/property/4-bedroom-house-for-sale-osapa-lekki-phase-1-lekki-lagos-4PRDP
3PRQF,New 4 Bedroom Duplex,140000000.0,"₦ 140,000,000",4.0,4.0,House,Ikota Lekki Lagos,Ikota,Lekki,Lagos,BETHIROS REAL,Cctv Cameras; Free Wifi; Pop Ceiling,03 Jun 2026,https://www.propertypro.ng/property/4-bedroom-house-for-sale-ikota-lekki-lagos-3PRQF
2PTMU,6nos 2 Bedroom Flats.,500000000.0,"₦ 500,000,000",2.0,,Flat Apartment,Ikeja Lagos,Ikeja,Lagos,Lagos,Olayinka sobambi,,19 Jun 2026,https://www.propertypro.ng/property/2-bedroom-flat-apartment-for-sale-ikeja-lagos-2PTMU
2PALU,Smart 5 Bedroom Detached Duplex,420000000.0,"₦ 420,000,000",5.0,5.0,House,"Lekki County Home, Megamound Estate Ikota Lekki Lagos","Lekki County Home, Megamound Estate Ikota",Lekki,Lagos,17Three Digital,C Of O; Cctv Cameras; 24 Hours Electricity,20 Jan 2026,https://www.propertypro.ng/property/5-bedroom-house-for-sale-lekki-county-home-megamound-estate-ikota-lekki-lagos-2PALU
7PAQL,2 Bedroom Apartment,160000000.0,"₦ 160,000,000",2.0,2.0,Flat Apartment,Off Ilasan New Road Ilasan Lekki Lagos,Off Ilasan New Road Ilasan,Lekki,Lagos,17Three Digital,Cctv Cameras; Gym; 24 Hours Electricity,21 Jan 2026,https://www.propertypro.ng/property/2-bedroom-flat-apartment-for-sale-off-ilasan-new-road-ilasan-lekki-lagos-7PAQL
1PAPV,4 Bedroom Detached Duplex,210000000.0,"₦ 210,000,000",4.0,4.0,House,"Buena Vista Estate, Orchid Road Lekki Lagos","Buena Vista Estate, Orchid Road",Lekki,Lagos,17Three Digital,Pop Ceiling; Governor's Consent; Security,21 Jan 2026,https://www.propertypro.ng/property/4-bedroom-house-for-sale-buena-vista-estate-orchid-road-lekki-lagos-1PAPV
2PKJN,New 4 Bedroom Duplex,380000000.0,"₦ 380,000,000",4.0,4.0,House,Ikate Lekki Lagos,Ikate,Lekki,Lagos,BETHIROS REAL,Cctv Cameras; Free Wifi; Governor's Consent,09 Apr 2026,https://www.propertypro.ng/property/4-bedroom-house-for-sale-ikate-lekki-lagos-2PKJN
3PKJS,New 4 Bedroom Semi Detached Duplex,140000000.0,"₦ 140,000,000",4.0,4.0,House,Ikota Lekki Lagos,Ikota,Lekki,Lagos,BETHIROS REAL,Cctv Cameras; Free Wifi; Governor's Consent,09 Apr 2026,https://www.propertypro.ng/property/4-bedroom-house-for-sale-ikota-lekki-lagos-3PKJS
6PQWQ,5 Bedroom Detached Duplex,400000000.0,"₦ 400,000,000",5.0,5.0,House,Ikota Lekki Lagos,Ikota,Lekki,Lagos,,,28 May 2026,https://www.propertypro.ng/property/5-bedroom-house-for-sale-ikota-lekki-lagos-6PQWQ
4PPBV,4 Bedroom Semi Detached Duplex,150000000.0,"₦ 150,000,000",4.0,4.0,House,Ikota Lekki Lagos,Ikota,Lekki,Lagos,Vechy Realty,Cctv Cameras; Drainage System; Pop Ceiling,12 May 2026,https://www.propertypro.ng/property/4-bedroom-house-for-sale-ikota-lekki-lagos-4PPBV
8PMJC,Newly Built 4 Bedroom Detached Duplex,200000000.0,"₦ 200,000,000",4.0,4.0,House,Lpc Ado Ajah Lagos,Lpc Ado,Ajah,Lagos,Kayjoh,C Of O; Drainage System; 24 Hours Electricity,27 Apr 2026,https://www.propertypro.ng/property/4-bedroom-house-for-sale-lpc-ado-ajah-lagos-8PMJC
5PPVY,3 Bedroom Apartments,210000000.0,"₦ 210,000,000",3.0,3.0,Flat Apartment,Osapa London Lekki Lagos,Osapa London,Lekki,Lagos,Dcirealtor ltd,,19 May 2026,https://www.propertypro.ng/property/3-bedroom-flat-apartment-for-sale-osapa-london-lekki-lagos-5PPVY
4PGBT,Residential Land Measuring 950sqm,2200000000.0,"₦ 2,200,000,000",,,Land,Victoria Island Lagos,Victoria,Island,Lagos,CASA PRIME,Cctv Cameras; Free Wifi; 24 Hours Electricity,10 Mar 2026,https://www.propertypro.ng/property/land-for-sale-victoria-island-lagos-4PGBT
9PUJV,Newly Built 2 Bedroom Apartment With Elevator,170000000.0,"₦ 170,000,000",2.0,3.0,Flat Apartment,Ikate Lekki Lagos,Ikate,Lekki,Lagos,Geodense Realty,Cctv Cameras; 24 Hours Electricity; Pop Ceiling,26 Jun 2026,https://www.propertypro.ng/property/2-bedroom-flat-apartment-for-sale-ikate-lekki-lagos-9PUJV
2PTGN,2 Bedroom Apartment In Oniru,500000000.0,"₦ 500,000,000",2.0,2.0,Flat Apartment,Oniru Victoria Island Lagos,Oniru Victoria,Island,Lagos,CWRE LTD,,17 Jun 2026,https://www.propertypro.ng/property/2-bedroom-flat-apartment-for-sale-oniru-victoria-island-lagos-2PTGN
7PSDZ,Land For Sale,50000000.0,"₦ 50,000,000",,,Land,Sangotedo Ajah Lagos,Sangotedo,Ajah,Lagos,CANDIIS HOSPITALITY,,08 Jun 2026,https://www.propertypro.ng/property/land-for-sale-sangotedo-ajah-lagos-7PSDZ
2PTNV,Filling Station,15000000000.0,"₦ 15,000,000,000",,,Commercial Property,Lugbe Abuja,Lugbe,Abuja,Abuja,Olayinka sobambi,,19 Jun 2026,https://www.propertypro.ng/property/commercial-property-for-sale-lugbe-abuja-2PTNV
6PMLF,Land For Sale With A Dilapidated 4 Units Flats For Sale,100000000.0,"₦ 100,000,000",,,Land,Thomas Estate Thomas Estate Ajah Lagos,Thomas Estate Thomas Estate,Ajah,Lagos,Kayjoh,,28 Apr 2026,https://www.propertypro.ng/property/land-for-sale-thomas-estate-thomas-estate-ajah-lagos-6PMLF
9PRHM,Spacious 4 Bedroom Semi Detached Duplex,260000000.0,"₦ 260,000,000",4.0,4.0,House,Orchid Lekki Lagos,Orchid,Lekki,Lagos,BETHIROS REAL,Cctv Cameras; Free Wifi; Governor's Consent,01 Jun 2026,https://www.propertypro.ng/property/4-bedroom-house-for-sale-orchid-lekki-lagos-9PRHM
1PTGN,2 Bedroom Apartment In Oniru,500000000.0,"₦ 500,000,000",2.0,2.0,Flat Apartment,Oniru Victoria Island Lagos,Oniru Victoria,Island,Lagos,CWRE LTD,,17 Jun 2026,https://www.propertypro.ng/property/2-bedroom-flat-apartment-for-sale-oniru-victoria-island-lagos-1PTGN
3PHPV,New 3 Bedroom Apartment,350000000.0,"₦ 350,000,000",3.0,3.0,Flat Apartment,Ikate Lekki Lagos,Ikate,Lekki,Lagos,BETHIROS REAL,,23 Mar 2026,https://www.propertypro.ng/property/3-bedroom-flat-apartment-for-sale-ikate-lekki-lagos-3PHPV
7PTPD,Newly Built Brand New 2 Bed Apartment,280000000.0,"₦ 280,000,000",2.0,2.0,Flat Apartment,Marwa Lekki Phase 1 Marwa Lekki Lagos,Marwa Lekki Phase 1 Marwa,Lekki,Lagos,Olayinka sobambi,Ocean View,19 Jun 2026,https://www.propertypro.ng/property/2-bedroom-flat-apartment-for-sale-marwa-lekki-phase-1-marwa-lekki-lagos-7PTPD
9PNQT,Brand New 4 Bedroom Detached Duplex,400000000.0,"₦ 400,000,000",4.0,4.0,House,Ikota Lekki Lagos,Ikota,Lekki,Lagos,Vechy Realty,Cctv Cameras; Pop Ceiling; 24 Hours Security,08 May 2026,https://www.propertypro.ng/property/4-bedroom-house-for-sale-ikota-lekki-lagos-9PNQT
3PRDN,4 Bedroom Terrace Duplex,380000000.0,"₦ 380,000,000",4.0,4.0,House,Ikate Lekki Lagos,Ikate,Lekki,Lagos,BETHIROS REAL,Cctv Cameras; Free Wifi; Governor's Consent,30 May 2026,https://www.propertypro.ng/property/4-bedroom-house-for-sale-ikate-lekki-lagos-3PRDN
7PUKU,"5 Bedroom Terraced Duplex With Cinema, Pool And Bq.",900000000.0,"₦ 900,000,000",5.0,6.0,House,Victoria Island Lagos,Victoria,Island,Lagos,Geodense Realty,24 Hours Electricity; Pop Ceiling; Governor's Consent,26 Jun 2026,https://www.propertypro.ng/property/5-bedroom-house-for-sale-victoria-island-lagos-7PUKU
0PUJZ,3 Bedroom Terraced Duplex With Bq,120000000.0,"₦ 120,000,000",3.0,4.0,House,Orchid Lekki Lagos,Orchid,Lekki,Lagos,Geodense Realty,24 Hours Electricity; Pop Ceiling; Governor's Consent,26 Jun 2026,https://www.propertypro.ng/property/3-bedroom-house-for-sale-orchid-lekki-lagos-0PUJZ
3PHQC,New 4 Bedroom Apartment,390000000.0,"₦ 390,000,000",4.0,4.0,Flat Apartment,Lekki Phase 1 Lekki Lagos,Lekki Phase 1,Lekki,Lagos,BETHIROS REAL,,23 Mar 2026,https://www.propertypro.ng/property/4-bedroom-flat-apartment-for-sale-lekki-phase-1-lekki-lagos-3PHQC
3PPTN,3 Bedroom Apartment,190000000.0,"₦ 190,000,000",3.0,3.0,Flat Apartment,Osapa London Lekki Lagos,Osapa London,Lekki,Lagos,BETHIROS REAL,Cctv Cameras; Governor's Consent; Front Desk Service,18 May 2026,https://www.propertypro.ng/property/3-bedroom-flat-apartment-for-sale-osapa-london-lekki-lagos-3PPTN
4PHZH,New 4 Bedroom Terraced Duplex,180000000.0,"₦ 180,000,000",4.0,4.0,House,Orchid Chevron Lekki Lagos,Orchid Chevron,Lekki,Lagos,BETHIROS REAL,Cctv Cameras; Free Wifi; Governor's Consent,26 Mar 2026,https://www.propertypro.ng/property/4-bedroom-house-for-sale-orchid-chevron-lekki-lagos-4PHZH
9PMLE,Newly Built 4 Bedroom Duplex,180000000.0,"₦ 180,000,000",4.0,4.0,House,Ajah Lagos Ado Road Ajah Lagos,Ajah Lagos Ado Road,Ajah,Lagos,Kayjoh,Cctv Cameras; 24 Hours Electricity; Pop Ceiling,28 Apr 2026,https://www.propertypro.ng/property/4-bedroom-house-for-sale-ajah-lagos-ado-road-ajah-lagos-9PMLE
8PSKU,6 Units Of Miniflats And 6 Units Of 2 Bedrooms,74000000.0,"₦ 74,000,000",2.0,,Flat Apartment,Sangotedo Ajah Lagos,Sangotedo,Ajah,Lagos,CANDIIS HOSPITALITY,Governor's Consent,10 Jun 2026,https://www.propertypro.ng/property/flat-apartment-for-sale-sangotedo-ajah-lagos-8PSKU
1PHPY,4 Bedroom Terraced Duplex,700000000.0,"₦ 700,000,000",4.0,4.0,House,Victoria Island Lagos,Victoria,Island,Lagos,BETHIROS REAL,Boys Quater,23 Mar 2026,https://www.propertypro.ng/property/4-bedroom-house-for-sale-victoria-island-lagos-1PHPY
2PMRC,New 4 Bedroom Semi Detached Duplex,300000000.0,"₦ 300,000,000",4.0,4.0,House,Ikate Lekki Lagos,Ikate,Lekki,Lagos,BETHIROS REAL,Cctv Cameras; Children Play Ground; Free Wifi,29 Apr 2026,https://www.propertypro.ng/property/4-bedroom-house-for-sale-ikate-lekki-lagos-2PMRC
5PMRC,New 2 Bedroom Apartment,450000000.0,"₦ 450,000,000",2.0,2.0,Flat Apartment,Victoria Island Lagos,Victoria,Island,Lagos,BETHIROS REAL,Cctv Cameras; Free Wifi; Governor's Consent,29 Apr 2026,https://www.propertypro.ng/property/2-bedroom-flat-apartment-for-sale-victoria-island-lagos-5PMRC
9PKHN,4 Bedroom Terraced Duplex With A Maid's Room,260000000.0,"₦ 260,000,000",4.0,4.0,House,Ilasan Ikate Lekki Lagos,Ilasan Ikate,Lekki,Lagos,17Three Digital,24 Hours Electricity; Pop Ceiling; Governor's Consent,09 Apr 2026,https://www.propertypro.ng/property/4-bedroom-house-for-sale-ilasan-ikate-lekki-lagos-9PKHN
5PPJJ,Fully Furnished 3 Bedroom Terrace Duplex,100000000.0,"₦ 100,000,000",3.0,3.0,House,Orchid Road Chevron Lekki Lagos,Orchid Road Chevron,Lekki,Lagos,OUTSTANDING REAL,Only on PropertyPro,14 May 2026,https://www.propertypro.ng/property/3-bedroom-house-for-sale-orchid-road-chevron-lekki-lagos-5PPJJ
2PKTQ,5 Bedroom Detached Duplex,580000000.0,"₦ 580,000,000",5.0,5.0,House,Ikota Lekki Lagos,Ikota,Lekki,Lagos,BETHIROS REAL,Cctv Cameras; Free Wifi; Governor's Consent,12 Apr 2026,https://www.propertypro.ng/property/5-bedroom-house-for-sale-ikota-lekki-lagos-2PKTQ
1PRZH,8 Storey Commercial Property,800000000.0,"₦ 800,000,000",,,Commercial Property,C.m.s Lagos Island Lagos,C.m.s Lagos,Island,Lagos,CANDIIS HOSPITALITY,,06 Jun 2026,https://www.propertypro.ng/property/commercial-property-for-sale-cms-lagos-island-lagos-1PRZH
0PJEJ,New 4 Bedroom Terrace Duplex,350000000.0,"₦ 350,000,000",4.0,4.0,House,Ikate Lekki Lagos,Ikate,Lekki,Lagos,BETHIROS REAL,Cctv Cameras; Free Wifi; Governor's Consent,29 Mar 2026,https://www.propertypro.ng/property/4-bedroom-house-for-sale-ikate-lekki-lagos-0PJEJ
4PPVZ,3 Bedroom Semi Detached Duplex,150000000.0,"₦ 150,000,000",3.0,3.0,House,Ikota Lekki Lagos,Ikota,Lekki,Lagos,Dcirealtor ltd,,19 May 2026,https://www.propertypro.ng/property/3-bedroom-house-for-sale-ikota-lekki-lagos-4PPVZ
6PHPG,5 Bedroom Detached Duplex,580000000.0,"₦ 580,000,000",5.0,6.0,House,Osapa London Lekki Lagos,Osapa London,Lekki,Lagos,BETHIROS REAL,,23 Mar 2026,https://www.propertypro.ng/property/5-bedroom-house-for-sale-osapa-london-lekki-lagos-6PHPG
1PTJY,Land,54000000.0,"₦ 54,000,000",,,Land,"Off Jonaith Hotel Road, Behind Sky Mall, Sangotedo. Ajah Lagos","Off Jonaith Hotel Road, Behind Sky Mall, Sangotedo.",Ajah,Lagos,Olayinka sobambi,,18 Jun 2026,https://www.propertypro.ng/property/land-for-sale-off-jonaith-hotel-road-behind-sky-mall-sangotedo-ajah-lagos-1PTJY
1PSAB,For Sale: 4 Bedroom Fully Detached Triplex,450000000.0,"₦ 450,000,000",4.0,5.0,House,Akobo Ibadan Oyo,Akobo,Ibadan,Oyo,BestieChoize Properties,Pop Ceiling; Security; Big Compound,07 Jun 2026,https://www.propertypro.ng/property/4-bedroom-house-for-sale-akobo-ibadan-oyo-1PSAB
5PSFP,House,55000000.0,"₦ 55,000,000",,,House,Ibadan Oyo,Ibadan,Oyo,Oyo,BestieChoize Properties,,09 Jun 2026,https://www.propertypro.ng/property/house-for-sale-ibadan-oyo-5PSFP
3PSKA,For Sale :office Complex,50000000.0,"₦ 50,000,000",,,Commercial Property,Akala Express Ibadan Oyo,Akala Express,Ibadan,Oyo,BestieChoize Properties,Big Compound; Fast Internet; Water Treatment,10 Jun 2026,https://www.propertypro.ng/property/commercial-property-for-sale-akala-express-ibadan-oyo-3PSKA
6PPMD,5 Bedroom Detached Duplex,3500000000.0,"₦ 3,500,000,000",5.0,5.0,House,Ikoyi Lagos,Ikoyi,Lagos,Lagos,Dcirealtor ltd,,15 May 2026,https://www.propertypro.ng/property/5-bedroom-house-for-sale-ikoyi-lagos-6PPMD
5PJGP,Brand New 5 Bedroom Duplex,180000000.0,"₦ 180,000,000",5.0,4.0,House,Ajah Lagos,Ajah,Lagos,Lagos,Vechy Realty,Cctv Cameras; Drainage System; Pop Ceiling,30 Mar 2026,https://www.propertypro.ng/property/5-bedroom-house-for-sale-ajah-lagos-5PJGP
0PGXT,Newly Built 4 Bedroom Duplex,200000000.0,"₦ 200,000,000",4.0,3.0,House,Ikota Lekki Lagos,Ikota,Lekki,Lagos,Vechy Realty,,17 Mar 2026,https://www.propertypro.ng/property/4-bedroom-house-for-sale-ikota-lekki-lagos-0PGXT
4PUJX,Standard 2 Bedroom Maisonette Apartment With Elevator,170000000.0,"₦ 170,000,000",2.0,3.0,Flat Apartment,Ikate Lekki Lagos,Ikate,Lekki,Lagos,Geodense Realty,Children Play Ground; 24 Hours Electricity; Pop Ceiling,26 Jun 2026,https://www.propertypro.ng/property/2-bedroom-flat-apartment-for-sale-ikate-lekki-lagos-4PUJX
9PARH,3 Bedroom Apartment,280000000.0,"₦ 280,000,000",3.0,3.0,Flat Apartment,Off Ikate Elegushi Road Ikate Lekki Lagos,Off Ikate Elegushi Road Ikate,Lekki,Lagos,17Three Digital,Pop Ceiling; Governor's Consent; Security,21 Jan 2026,https://www.propertypro.ng/property/3-bedroom-flat-apartment-for-sale-off-ikate-elegushi-road-ikate-lekki-lagos-9PARH
3PAMY,Newly Built 5 Bedroom Detached Duplex With Bq,510000000.0,"₦ 510,000,000",5.0,5.0,House,"Lekki County Homes, Megamound Estate Ikota Lekki Lagos","Lekki County Homes, Megamound Estate Ikota",Lekki,Lagos,17Three Digital,Pop Ceiling; Security; Swimming Pool,20 Jan 2026,https://www.propertypro.ng/property/5-bedroom-house-for-sale-lekki-county-homes-megamound-estate-ikota-lekki-lagos-3PAMY
0PAPV,4 Bedroom Detached Duplex,250000000.0,"₦ 250,000,000",4.0,4.0,House,"Buena Vista Estate, Orchid Road Lekki Lagos","Buena Vista Estate, Orchid Road",Lekki,Lagos,17Three Digital,Pop Ceiling; Governor's Consent; Security,21 Jan 2026,https://www.propertypro.ng/property/4-bedroom-house-for-sale-buena-vista-estate-orchid-road-lekki-lagos-0PAPV
1PRQC,New 5 Bedroom Detached Duplex,530000000.0,"₦ 530,000,000",5.0,5.0,House,2nd Toll Gate Lekki Lagos,2nd Toll Gate,Lekki,Lagos,BETHIROS REAL,Cctv Cameras; Free Wifi; Governor's Consent,03 Jun 2026,https://www.propertypro.ng/property/5-bedroom-house-for-sale-2nd-toll-gate-lekki-lagos-1PRQC
8PSKX,New 2 Bedroom Apartment,440000000.0,"₦ 440,000,000",2.0,2.0,Flat Apartment,Victoria Island Lagos,Victoria,Island,Lagos,BETHIROS REAL,,10 Jun 2026,https://www.propertypro.ng/property/2-bedroom-flat-apartment-for-sale-victoria-island-lagos-8PSKX
7PHZD,New 2 Bedroom Apartment With Pool/elevator,300000000.0,"₦ 300,000,000",2.0,2.0,Flat Apartment,Lekki Phase 1 Lekki Lagos,Lekki Phase 1,Lekki,Lagos,BETHIROS REAL,Cctv Cameras; Free Wifi; Front Desk Service,26 Mar 2026,https://www.propertypro.ng/property/2-bedroom-flat-apartment-for-sale-lekki-phase-1-lekki-lagos-7PHZD
3NLED,3 Bedroom Apartment,850000000.0,"₦ 850,000,000",3.0,3.0,Flat / Apartment,Banana Island Ikoyi Lagos,Banana Island,Ikoyi,Lagos,First Colony,Only on PropertyPro,26 Aug 2025,https://www.propertypro.ng/property/3-bedroom-flat-apartment-for-sale-banana-island-ikoyi-lagos-3NLED
0PHPW,New 5 Bedroom Detached Duplex With Pool,500000000.0,"₦ 500,000,000",5.0,5.0,House,Chevron Lekki Lagos,Chevron,Lekki,Lagos,BETHIROS REAL,,23 Mar 2026,https://www.propertypro.ng/property/5-bedroom-house-for-sale-chevron-lekki-lagos-0PHPW
2PMLE,5 Bedroom Flat,50000000.0,"₦ 50,000,000",5.0,5.0,Land,Unity Estate Badore Ajah Lagos,Unity Estate Badore,Ajah,Lagos,Kayjoh,All Room Ensuit; Big Compound,28 Apr 2026,https://www.propertypro.ng/property/5-bedroom-land-for-sale-unity-estate-badore-ajah-lagos-2PMLE
7PNZC,4 Bedroom Fully Detached Duplex,270000000.0,"₦ 270,000,000",4.0,5.0,House,Ikota Lekki Lagos,Ikota,Lekki,Lagos,BETHIROS REAL,,11 May 2026,https://www.propertypro.ng/property/4-bedroom-house-for-sale-ikota-lekki-lagos-7PNZC
7PPTL,4 Bedroom Spacious Detached Duplex,300000000.0,"₦ 300,000,000",4.0,4.0,House,Ikota Lekki Lagos,Ikota,Lekki,Lagos,BETHIROS REAL,Children Play Ground; Free Wifi; Pop Ceiling,18 May 2026,https://www.propertypro.ng/property/4-bedroom-house-for-sale-ikota-lekki-lagos-7PPTL
6PMMM,5 Bedroom Duplex,1200000000.0,"₦ 1,200,000,000",5.0,5.0,House,Lekki Phase 1 Lekki Lagos,Lekki Phase 1,Lekki,Lagos,BETHIROS REAL,Cctv Cameras; Free Wifi; Governor's Consent,28 Apr 2026,https://www.propertypro.ng/property/5-bedroom-house-for-sale-lekki-phase-1-lekki-lagos-6PMMM
4PMMN,4 Bedroom Duplex,260000000.0,"₦ 260,000,000",4.0,4.0,House,Chevron Lekki Lagos,Chevron,Lekki,Lagos,BETHIROS REAL,Cctv Cameras; Free Wifi; Governor's Consent,28 Apr 2026,https://www.propertypro.ng/property/4-bedroom-house-for-sale-chevron-lekki-lagos-4PMMN
9PHTD,4 Bedroom Duplex,200000000.0,"₦ 200,000,000",4.0,4.0,House,Orchid Lekki Lagos,Orchid,Lekki,Lagos,BETHIROS REAL,Cctv Cameras; Free Wifi; Governor's Consent,24 Mar 2026,https://www.propertypro.ng/property/4-bedroom-house-for-sale-orchid-lekki-lagos-9PHTD
2PJCX,New 2 Bedroom Apartment,220000000.0,"₦ 220,000,000",2.0,2.0,Flat Apartment,Ikate Lekki Lagos,Ikate,Lekki,Lagos,BETHIROS REAL,C Of O; Cctv Cameras; Children Play Ground,28 Mar 2026,https://www.propertypro.ng/property/2-bedroom-flat-apartment-for-sale-ikate-lekki-lagos-2PJCX
3PJEJ,Newly Built 3 Bedroom Apartment,350000000.0,"₦ 350,000,000",3.0,3.0,Flat Apartment,Ikate Lekki Lagos,Ikate,Lekki,Lagos,BETHIROS REAL,Cctv Cameras; Free Wifi; Governor's Consent,29 Mar 2026,https://www.propertypro.ng/property/3-bedroom-flat-apartment-for-sale-ikate-lekki-lagos-3PJEJ
4PJEJ,Newly Built 4 Bedroom Terrace Duplex,385000000.0,"₦ 385,000,000",3.0,3.0,House,Ikate Lekki Lagos,Ikate,Lekki,Lagos,BETHIROS REAL,Cctv Cameras; Free Wifi; Governor's Consent,29 Mar 2026,https://www.propertypro.ng/property/3-bedroom-house-for-sale-ikate-lekki-lagos-4PJEJ
7PHZE,New 5 Bedroom Detached Duplex,320000000.0,"₦ 320,000,000",5.0,5.0,House,Ologolo Lekki Lagos,Ologolo,Lekki,Lagos,BETHIROS REAL,Cctv Cameras; Free Wifi; Governor's Consent,26 Mar 2026,https://www.propertypro.ng/property/5-bedroom-house-for-sale-ologolo-lekki-lagos-7PHZE
0PHZF,New 5 Bedroom Detached Duplex,1500000000.0,"₦ 1,500,000,000",5.0,5.0,House,Lekki Phase 1 Lekki Lagos,Lekki Phase 1,Lekki,Lagos,BETHIROS REAL,Cctv Cameras; Free Wifi; Governor's Consent,26 Mar 2026,https://www.propertypro.ng/property/5-bedroom-house-for-sale-lekki-phase-1-lekki-lagos-0PHZF
5PKTQ,2 Bedroom Apartment With Bq,210000000.0,"₦ 210,000,000",2.0,2.0,Flat Apartment,Ikate Lekki Lagos,Ikate,Lekki,Lagos,BETHIROS REAL,Cctv Cameras; Free Wifi; Governor's Consent,12 Apr 2026,https://www.propertypro.ng/property/2-bedroom-flat-apartment-for-sale-ikate-lekki-lagos-5PKTQ
9PRPN,New 2 Bedroom Apartment,180000000.0,"₦ 180,000,000",2.0,2.0,Flat Apartment,Ikate Lekki Lagos,Ikate,Lekki,Lagos,BETHIROS REAL,Children Play Ground; Free Wifi; 24 Hours Electricity,03 Jun 2026,https://www.propertypro.ng/property/2-bedroom-flat-apartment-for-sale-ikate-lekki-lagos-9PRPN
2PSKW,New 3 Bedroom Apartment,240000000.0,"₦ 240,000,000",2.0,2.0,Flat Apartment,Ikate Lekki Lagos,Ikate,Lekki,Lagos,BETHIROS REAL,,10 Jun 2026,https://www.propertypro.ng/property/2-bedroom-flat-apartment-for-sale-ikate-lekki-lagos-2PSKW
3PSKX,New 5 Bedroom Detached Duplex,980000000.0,"₦ 980,000,000",5.0,5.0,House,Ikate Lekki Lagos,Ikate,Lekki,Lagos,BETHIROS REAL,,10 Jun 2026,https://www.propertypro.ng/property/5-bedroom-house-for-sale-ikate-lekki-lagos-3PSKX
7PPTN,5 Bedroom Detached Duplex,500000000.0,"₦ 500,000,000",5.0,6.0,House,Ikota Lekki Lagos,Ikota,Lekki,Lagos,BETHIROS REAL,Cctv Cameras; Free Wifi; Governor's Consent,18 May 2026,https://www.propertypro.ng/property/5-bedroom-house-for-sale-ikota-lekki-lagos-7PPTN
2PRQC,New 5 Bedroom Detached Duplex,430000000.0,"₦ 430,000,000",5.0,5.0,House,Chevron Lekki Lagos,Chevron,Lekki,Lagos,BETHIROS REAL,Cctv Cameras; Free Wifi; Governor's Consent,03 Jun 2026,https://www.propertypro.ng/property/5-bedroom-house-for-sale-chevron-lekki-lagos-2PRQC
6PNZP,2 Bedroom Apartment,220000000.0,"₦ 220,000,000",2.0,2.0,Flat Apartment,Ikate Lekki Lagos,Ikate,Lekki,Lagos,ADULLAM REALTY,,11 May 2026,https://www.propertypro.ng/property/2-bedroom-flat-apartment-for-sale-ikate-lekki-lagos-6PNZP
4PTGN,2 Bedroom Apartment In Oniru,500000000.0,"₦ 500,000,000",2.0,2.0,Flat Apartment,Oniru Victoria Island Lagos,Oniru Victoria,Island,Lagos,CWRE LTD,,17 Jun 2026,https://www.propertypro.ng/property/2-bedroom-flat-apartment-for-sale-oniru-victoria-island-lagos-4PTGN
8NGVG,Luxury 4 Bedroom Terraced Duplex With Bq,400000000.0,"₦ 400,000,000",4.0,4.0,House,Lekki Phase 1 Lekki Lagos,Lekki Phase 1,Lekki,Lagos,CASA PRIME,Newly Built; Only on PropertyPro,25 Jul 2025,https://www.propertypro.ng/property/4-bedroom-house-for-sale-lekki-phase-1-lekki-lagos-8NGVG
8PQWG,4 Bedroom Terraced Duplex,200000000.0,"₦ 200,000,000",4.0,4.0,House,Chevron Lekki Lagos,Chevron,Lekki,Lagos,,,28 May 2026,https://www.propertypro.ng/property/4-bedroom-house-for-sale-chevron-lekki-lagos-8PQWG
1PHZF,New 2 Bedroom Apartment,140000000.0,"₦ 140,000,000",2.0,2.0,Flat Apartment,Ikate Lekki Lagos,Ikate,Lekki,Lagos,BETHIROS REAL,Cctv Cameras; Free Wifi; Governor's Consent,26 Mar 2026,https://www.propertypro.ng/property/2-bedroom-flat-apartment-for-sale-ikate-lekki-lagos-1PHZF
8PPVY,4 Bedroom Semi Detached Duplex,145000000.0,"₦ 145,000,000",4.0,4.0,House,Ikota Lekki Lagos,Ikota,Lekki,Lagos,Dcirealtor ltd,,19 May 2026,https://www.propertypro.ng/property/4-bedroom-house-for-sale-ikota-lekki-lagos-8PPVY
0PTGN,2 Bedroom Apartment In Oniru,500000000.0,"₦ 500,000,000",2.0,2.0,Flat Apartment,Oniru Victoria Island Lagos,Oniru Victoria,Island,Lagos,CWRE LTD,,17 Jun 2026,https://www.propertypro.ng/property/2-bedroom-flat-apartment-for-sale-oniru-victoria-island-lagos-0PTGN
9PPTL,4 Bedroom Duplex,190000000.0,"₦ 190,000,000",4.0,4.0,House,Chevron Lekki Lagos,Chevron,Lekki,Lagos,BETHIROS REAL,Cctv Cameras; Children Play Ground; Free Wifi,18 Jun 2026,https://www.propertypro.ng/property/4-bedroom-house-for-sale-chevron-lekki-lagos-9PPTL
9PUKG,800 Sqm Of Land Available In A Secured Estate,400000000.0,"₦ 400,000,000",,,Land,Orchid Lekki Lagos,Orchid,Lekki,Lagos,Geodense Realty,Cctv Cameras; Children Play Ground; Drainage System,26 Jun 2026,https://www.propertypro.ng/property/land-for-sale-orchid-lekki-lagos-9PUKG
7PKJZ,New 5 Bedroom Detached Duplex,400000000.0,"₦ 400,000,000",5.0,5.0,House,Ikota Lekki Lagos,Ikota,Lekki,Lagos,BETHIROS REAL,Cctv Cameras; Free Wifi; Governor's Consent,09 Apr 2026,https://www.propertypro.ng/property/5-bedroom-house-for-sale-ikota-lekki-lagos-7PKJZ
7PPVX,5 Bedroom Detached Duplex,510000000.0,"₦ 510,000,000",5.0,5.0,House,Osapa London Lekki Lagos,Osapa London,Lekki,Lagos,Dcirealtor ltd,,19 May 2026,https://www.propertypro.ng/property/5-bedroom-house-for-sale-osapa-london-lekki-lagos-7PPVX
2PRGZ,Newly Built 2 Bedroom Apartment,100000000.0,"₦ 100,000,000",2.0,3.0,Flat Apartment,Alpha Beach Road Lekki Lagos,Alpha Beach Road,Lekki,Lagos,BETHIROS REAL,Cctv Cameras; Children Play Ground; Free Wifi,01 Jun 2026,https://www.propertypro.ng/property/2-bedroom-flat-apartment-for-sale-alpha-beach-road-lekki-lagos-2PRGZ
9PRUJ,5 Bed House Carcass & Bq 1000sqm River Park,250000000.0,"₦ 250,000,000",5.0,5.0,House,Lugbe Abuja,Lugbe,Abuja,Abuja,Glory Segun,C Of O; Drainage System; Security,05 Jun 2026,https://www.propertypro.ng/property/5-bedroom-house-for-sale-lugbe-abuja-9PRUJ
4PGBV,Prime Land Measuring 998sqm,800000000.0,"₦ 800,000,000",,,Land,Chevron Lekki Lagos,Chevron,Lekki,Lagos,CASA PRIME,Cctv Cameras; Free Wifi; 24 Hours Electricity,10 Mar 2026,https://www.propertypro.ng/property/land-for-sale-chevron-lekki-lagos-4PGBV
3PPVW,4 Bedroom Semi Detached Duplex,200000000.0,"₦ 200,000,000",4.0,4.0,House,Orchid Lekki Lagos,Orchid,Lekki,Lagos,Dcirealtor ltd,,19 May 2026,https://www.propertypro.ng/property/4-bedroom-house-for-sale-orchid-lekki-lagos-3PPVW
8PQWP,4 Bedroom Semi Detached Duplex,140000000.0,"₦ 140,000,000",4.0,4.0,House,Ikota Lekki Lagos,Ikota,Lekki,Lagos,,,28 May 2026,https://www.propertypro.ng/property/4-bedroom-house-for-sale-ikota-lekki-lagos-8PQWP
2PTFP,3 Bedroom Apartment,40000000.0,"₦ 40,000,000",3.0,,Flat Apartment,Off Lawrence Road Ikoyi Lagos,Off Lawrence Road,Ikoyi,Lagos,Olayinka sobambi,,17 Jun 2026,https://www.propertypro.ng/property/flat-apartment-for-sale-off-lawrence-road-ikoyi-lagos-2PTFP
5PUJH,Newly Built 5 Bedroom Duplex With Open Terrace,550000000.0,"₦ 550,000,000",5.0,6.0,House,Vgc Lekki Lagos,Vgc,Lekki,Lagos,Geodense Realty,Cctv Cameras; Children Play Ground; 24 Hours Electricity,26 Jun 2026,https://www.propertypro.ng/property/5-bedroom-house-for-sale-vgc-lekki-lagos-5PUJH
7PPKU,Newly Built 2 Bedroom Apartment,150000000.0,"₦ 150,000,000",2.0,2.0,Flat Apartment,Chevron Drive Chevron Lekki Lagos,Chevron Drive Chevron,Lekki,Lagos,Geodense Realty,Cctv Cameras; Children Play Ground; Free Wifi,14 May 2026,https://www.propertypro.ng/property/flat-apartment-for-sale-chevron-drive-chevron-lekki-lagos-7PPKU
9PSAA,For Sale:semi Detached Four Bedroom Duplex,150000000.0,"₦ 150,000,000",4.0,5.0,House,Jericho Ibadan Oyo,Jericho,Ibadan,Oyo,BestieChoize Properties,Pop Ceiling; Security; Big Compound,07 Jun 2026,https://www.propertypro.ng/property/4-bedroom-house-for-sale-jericho-ibadan-oyo-9PSAA
6PUPP,2bed,290000000.0,"₦ 290,000,000",2.0,2.0,House,Lekki Phase 1 Lekki Lagos,Lekki Phase 1,Lekki,Lagos,New adventures,,28 Jun 2026,https://www.propertypro.ng/property/2-bedroom-house-for-sale-lekki-phase-1-lekki-lagos-6PUPP
6PUNZ,Five Bedroom Fully Detached House With A Pool,370000000.0,"₦ 370,000,000",5.0,5.0,House,Chevron Lekki Chevron Lekki Lagos,Chevron Lekki Chevron,Lekki,Lagos,PCL HOMES,Newly Built; Serviced; Only on PropertyPro,27 Jun 2026,https://www.propertypro.ng/property/5-bedroom-house-for-sale-chevron-lekki-chevron-lekki-lagos-6PUNZ
5PUPP,1bed,190000000.0,"₦ 190,000,000",1.0,1.0,House,Lekki Phase 1 Lekki Lagos,Lekki Phase 1,Lekki,Lagos,New adventures,,28 Jun 2026,https://www.propertypro.ng/property/1-bedroom-house-for-sale-lekki-phase-1-lekki-lagos-5PUPP
3PUPP,3bed,330000000.0,"₦ 330,000,000",3.0,3.0,House,Lekki Phase 1 Lekki Lagos,Lekki Phase 1,Lekki,Lagos,New adventures,,28 Jun 2026,https://www.propertypro.ng/property/3-bedroom-house-for-sale-lekki-phase-1-lekki-lagos-3PUPP
4PUPF,5bed,450000000.0,"₦ 450,000,000",5.0,5.0,House,Chevron Lekki Lagos,Chevron,Lekki,Lagos,New adventures,,28 Jun 2026,https://www.propertypro.ng/property/5-bedroom-house-for-sale-chevron-lekki-lagos-4PUPF
3PUPF,4bed,150000000.0,"₦ 150,000,000",4.0,4.0,House,Ikota Lekki Lagos,Ikota,Lekki,Lagos,New adventures,,28 Jun 2026,https://www.propertypro.ng/property/4-bedroom-house-for-sale-ikota-lekki-lagos-3PUPF
8PUPE,3bed,110000000.0,"₦ 110,000,000",3.0,3.0,House,Ikota Lekki Lagos,Ikota,Lekki,Lagos,New adventures,,28 Jun 2026,https://www.propertypro.ng/property/3-bedroom-house-for-sale-ikota-lekki-lagos-8PUPE
6PUPE,4bed,140000000.0,"₦ 140,000,000",4.0,4.0,House,Ikota Lekki Lagos,Ikota,Lekki,Lagos,New adventures,,28 Jun 2026,https://www.propertypro.ng/property/4-bedroom-house-for-sale-ikota-lekki-lagos-6PUPE
5PUPE,2ned,270000000.0,"₦ 270,000,000",2.0,2.0,House,Lekki Phase 1 Lekki Lagos,Lekki Phase 1,Lekki,Lagos,New adventures,,28 Jun 2026,https://www.propertypro.ng/property/2-bedroom-house-for-sale-lekki-phase-1-lekki-lagos-5PUPE
3PUPE,4bed,155000000.0,"₦ 155,000,000",4.0,4.0,House,Ajah Lagos,Ajah,Lagos,Lagos,New adventures,,28 Jun 2026,https://www.propertypro.ng/property/4-bedroom-house-for-sale-ajah-lagos-3PUPE
1PUPA,4bed,50000000.0,"₦ 50,000,000",4.0,4.0,House,Banana Island Ikoyi Lagos,Banana Island,Ikoyi,Lagos,New adventures,,27 Jun 2026,https://www.propertypro.ng/property/4-bedroom-house-for-sale-banana-island-ikoyi-lagos-1PUPA
6PUNX,Spacious 5 Bedroom Fully Detached House,370000000.0,"₦ 370,000,000",5.0,5.0,House,Chevron Drive Lekki Lagos,Chevron Drive,Lekki,Lagos,PCL HOMES,,27 Jun 2026,https://www.propertypro.ng/property/5-bedroom-house-for-sale-chevron-drive-lekki-lagos-6PUNX
6PUNY,4bed,150000000.0,"₦ 150,000,000",4.0,4.0,House,Ajah Lagos,Ajah,Lagos,Lagos,New adventures,,27 Jun 2026,https://www.propertypro.ng/property/4-bedroom-house-for-sale-ajah-lagos-6PUNY
1PUNY,4bed,185000000.0,"₦ 185,000,000",4.0,4.0,House,Ajah Lagos,Ajah,Lagos,Lagos,New adventures,,27 Jun 2026,https://www.propertypro.ng/property/4-bedroom-house-for-sale-ajah-lagos-1PUNY
7PUNX,Four Bedroom Semi Detached House With Bq,350000000.0,"₦ 350,000,000",4.0,4.0,House,Osapa London Lekki Lagos,Osapa London,Lekki,Lagos,PCL HOMES,,27 Jun 2026,https://www.propertypro.ng/property/4-bedroom-house-for-sale-osapa-london-lekki-lagos-7PUNX
9PUNX,5bed,300000000.0,"₦ 300,000,000",5.0,5.0,House,Ajah Lagos,Ajah,Lagos,Lagos,New adventures,,27 Jun 2026,https://www.propertypro.ng/property/5-bedroom-house-for-sale-ajah-lagos-9PUNX
8PUNX,900 Sqm Of Land In A Prestigious Estate,600000000.0,"₦ 600,000,000",10.0,10.0,Land,Vgc Lekki Lekki Phase 2 Lekki Lagos,Vgc Lekki Lekki Phase 2,Lekki,Lagos,PCL HOMES,,27 Jun 2026,https://www.propertypro.ng/property/10-bedroom-land-for-sale-vgc-lekki-lekki-phase-2-lekki-lagos-8PUNX
3PUNX,600 Sqm Of Land In A Prestigious Estate,615000000.0,"₦ 615,000,000",10.0,10.0,Land,Pinnock Beach Estate Osapa Osapa London Lekki Lagos,Pinnock Beach Estate Osapa Osapa London,Lekki,Lagos,PCL HOMES,,27 Jun 2026,https://www.propertypro.ng/property/10-bedroom-land-for-sale-pinnock-beach-estate-osapa-osapa-london-lekki-lagos-3PUNX
7PUNW,Newly Built 4 Bedroom Terraced Duplex With Bq,370000000.0,"₦ 370,000,000",4.0,4.0,House,Lekki Phase1 Lekki Phase 1 Lekki Lagos,Lekki Phase1 Lekki Phase 1,Lekki,Lagos,OUTSTANDING REAL,Governor's Consent; All Room Ensuit; Pop Ceiling,27 Jun 2026,https://www.propertypro.ng/property/4-bedroom-house-for-sale-lekki-phase1-lekki-phase-1-lekki-lagos-7PUNW
1PUNW,4bed,175000000.0,"₦ 175,000,000",4.0,4.0,House,Ajah Lagos,Ajah,Lagos,Lagos,New adventures,,27 Jun 2026,https://www.propertypro.ng/property/4-bedroom-house-for-sale-ajah-lagos-1PUNW
6PUNV,5bed,245000000.0,"₦ 245,000,000",5.0,5.0,House,Chevron Lekki Lagos,Chevron,Lekki,Lagos,New adventures,,27 Jun 2026,https://www.propertypro.ng/property/5-bedroom-house-for-sale-chevron-lekki-lagos-6PUNV
6PTZN,15000sqm Commercial Land,11500000000.0,"₦ 11,500,000,000",,,Land,Chevron Drive Lekki Chevron Lekki Lagos,Chevron Drive Lekki Chevron,Lekki,Lagos,DFHL,Only on PropertyPro,23 Jun 2026,https://www.propertypro.ng/property/land-for-sale-chevron-drive-lekki-chevron-lekki-lagos-6PTZN
8PUNU,5bed,4500000000.0,"₦ 4,500,000,000",5.0,5.0,House,Ikoyi Lagos,Ikoyi,Lagos,Lagos,New adventures,,27 Jun 2026,https://www.propertypro.ng/property/5-bedroom-house-for-sale-ikoyi-lagos-8PUNU
0PUNV,4bed,170000000.0,"₦ 170,000,000",4.0,4.0,House,Orchid Lekki Lagos,Orchid,Lekki,Lagos,New adventures,,27 Jun 2026,https://www.propertypro.ng/property/4-bedroom-house-for-sale-orchid-lekki-lagos-0PUNV
1PUNL,4bed,250000000.0,"₦ 250,000,000",4.0,4.0,House,Orchid Lekki Lagos,Orchid,Lekki,Lagos,New adventures,,27 Jun 2026,https://www.propertypro.ng/property/4-bedroom-house-for-sale-orchid-lekki-lagos-1PUNL
7PUNK,4bed,350000000.0,"₦ 350,000,000",4.0,4.0,House,Orchid Lekki Lagos,Orchid,Lekki,Lagos,New adventures,,27 Jun 2026,https://www.propertypro.ng/property/4-bedroom-house-for-sale-orchid-lekki-lagos-7PUNK
6PUNK,5bed,480000000.0,"₦ 480,000,000",5.0,5.0,House,Vgc Lekki Lagos,Vgc,Lekki,Lagos,New adventures,,27 Jun 2026,https://www.propertypro.ng/property/5-bedroom-house-for-sale-vgc-lekki-lagos-6PUNK
1PJEV,10 Hectares Of Land,25000000.0,"₦ 25,000,000",,,Land,Opposite Kara Market By Eleganza Warehouse Lekki Expressway Lekki Lagos,Opposite Kara Market By Eleganza Warehouse Lekki Expressway,Lekki,Lagos,DFHL,C Of O,29 Mar 2026,https://www.propertypro.ng/property/land-for-sale-opposite-kara-market-by-eleganza-warehouse-lekki-expressway-lekki-lagos-1PJEV
9PTZS,33 Acres Sharing Fence With Dangote Fertilizer,30000000.0,"₦ 30,000,000",,,Land,Free Trade Zone Ibeju Lekki Lagos,Free Trade Zone Ibeju,Lekki,Lagos,DFHL,,23 Jun 2026,https://www.propertypro.ng/property/land-for-sale-free-trade-zone-ibeju-lekki-lagos-9PTZS
9PUND,5bed,400000000.0,"₦ 400,000,000",5.0,5.0,House,Orchid Lekki Lagos,Orchid,Lekki,Lagos,New adventures,,27 Jun 2026,https://www.propertypro.ng/property/5-bedroom-house-for-sale-orchid-lekki-lagos-9PUND
6PUNC,4bed,280000000.0,"₦ 280,000,000",4.0,4.0,House,Orchid Lekki Lagos,Orchid,Lekki,Lagos,New adventures,,27 Jun 2026,https://www.propertypro.ng/property/4-bedroom-house-for-sale-orchid-lekki-lagos-6PUNC
4PUNC,4bed,280000000.0,"₦ 280,000,000",4.0,4.0,House,Orchid Lekki Lagos,Orchid,Lekki,Lagos,New adventures,,27 Jun 2026,https://www.propertypro.ng/property/4-bedroom-house-for-sale-orchid-lekki-lagos-4PUNC
2PUNA,1bed,220000000.0,"₦ 220,000,000",1.0,1.0,House,Lekki Lagos,Lekki,Lagos,Lagos,New adventures,,27 Jun 2026,https://www.propertypro.ng/property/1-bedroom-house-for-sale-lekki-lagos-2PUNA
0PUNA,2bed,320000000.0,"₦ 320,000,000",2.0,2.0,House,Lekki Lagos,Lekki,Lagos,Lagos,New adventures,,27 Jun 2026,https://www.propertypro.ng/property/2-bedroom-house-for-sale-lekki-lagos-0PUNA
7PUMZ,2bed,350000000.0,"₦ 350,000,000",2.0,2.0,House,Lekki Phase 1 Lekki Lagos,Lekki Phase 1,Lekki,Lagos,New adventures,,27 Jun 2026,https://www.propertypro.ng/property/2-bedroom-house-for-sale-lekki-phase-1-lekki-lagos-7PUMZ
1PUMZ,3bed,420000000.0,"₦ 420,000,000",3.0,3.0,House,Lekki Phase 1 Lekki Lagos,Lekki Phase 1,Lekki,Lagos,New adventures,,27 Jun 2026,https://www.propertypro.ng/property/3-bedroom-house-for-sale-lekki-phase-1-lekki-lagos-1PUMZ
5PUMY,2bed,370000000.0,"₦ 370,000,000",2.0,2.0,House,Lekki Phase 1 Lekki Lagos,Lekki Phase 1,Lekki,Lagos,New adventures,,27 Jun 2026,https://www.propertypro.ng/property/2-bedroom-house-for-sale-lekki-phase-1-lekki-lagos-5PUMY
3PUMY,3bed,420000000.0,"₦ 420,000,000",3.0,3.0,House,Lekki Phase 1 Lekki Lagos,Lekki Phase 1,Lekki,Lagos,New adventures,,27 Jun 2026,https://www.propertypro.ng/property/3-bedroom-house-for-sale-lekki-phase-1-lekki-lagos-3PUMY
8PAFK,4 Bedroom Duplex,450000000.0,"₦ 450,000,000",4.0,4.0,House,Napier Gardens Estates By Vgc Lekki Vgc Lekki Lagos,Napier Gardens Estates By Vgc Lekki Vgc,Lekki,Lagos,PCL HOMES,,18 Jan 2026,https://www.propertypro.ng/property/4-bedroom-house-for-sale-napier-gardens-estates-by-vgc-lekki-vgc-lekki-lagos-8PAFK
1PUBP,3 Bedroom Apartment For Sale In Banana Island Ikoyi,850000000.0,"₦ 850,000,000",3.0,3.0,Flat / Apartment,Banana Island Ikoyi Lagos,Banana Island,Ikoyi,Lagos,FRANK’s Villa,Serviced; Only on PropertyPro,24 Jun 2026,https://www.propertypro.ng/property/3-bedroom-flat-apartment-for-sale-banana-island-ikoyi-lagos-1PUBP
6PEZD,Waterfront 5 Bedroom Mansion,4800000000.0,"₦ 4,800,000,000",5.0,5.0,House,Banana Island Ikoyi Lagos,Banana Island,Ikoyi,Lagos,Sunwealth real,,28 Feb 2026,https://www.propertypro.ng/property/5-bedroom-house-for-sale-banana-island-ikoyi-lagos-6PEZD
2PUMX,5bed,480000000.0,"₦ 480,000,000",5.0,5.0,House,Vgc Lekki Lagos,Vgc,Lekki,Lagos,New adventures,,27 Jun 2026,https://www.propertypro.ng/property/5-bedroom-house-for-sale-vgc-lekki-lagos-2PUMX
2PMUG,5 Bedroom Semi Detached House,1000000000.0,"₦ 1,000,000,000",5.0,5.0,House,Cowrie Creek Ikate Lekki Ikate Lekki Lagos,Cowrie Creek Ikate Lekki Ikate,Lekki,Lagos,PCL HOMES,,01 May 2026,https://www.propertypro.ng/property/5-bedroom-house-for-sale-cowrie-creek-ikate-lekki-ikate-lekki-lagos-2PMUG
3PNKS,Newly Built 4 Bedroom Semi Detached Duplex,180000000.0,"₦ 180,000,000",4.0,4.0,House,Lekki Sangotedo Ajah Lagos,Lekki Sangotedo,Ajah,Lagos,PCL HOMES,,06 May 2026,https://www.propertypro.ng/property/4-bedroom-house-for-sale-lekki-sangotedo-ajah-lagos-3PNKS
4PKGU,Newly Built 3 Bedroom Apartment With Bq,200000000.0,"₦ 200,000,000",3.0,3.0,Flat Apartment,Ilasan Ikate Lekki Lagos Ikate Lekki Lagos,Ilasan Ikate Lekki Lagos Ikate,Lekki,Lagos,PCL HOMES,,08 Apr 2026,https://www.propertypro.ng/property/3-bedroom-flat-apartment-for-sale-ilasan-ikate-lekki-lagos-ikate-lekki-lagos-4PKGU
4PKCQ,Luxury 5 Bedroom Fully Detached Duplex With Bq,350000000.0,"₦ 350,000,000",5.0,5.0,House,Lekki Sangotedo Ajah Lagos,Lekki Sangotedo,Ajah,Lagos,PCL HOMES,,07 Apr 2026,https://www.propertypro.ng/property/5-bedroom-house-for-sale-lekki-sangotedo-ajah-lagos-4PKCQ
0PCCX,700sqm Estate Plot Of Land,110000000.0,"₦ 110,000,000",4.0,,Land,Life Camp Abuja,Life,Camp,Abuja,Ademeso olalekan,,04 Feb 2026,https://www.propertypro.ng/property/4-bedroom-land-for-sale-life-camp-abuja-0PCCX
0PNZH,2 Terrace Duplex,400000000.0,"₦ 400,000,000",3.0,3.0,House,Lekki Phase 1 Lekki Lagos,Lekki Phase 1,Lekki,Lagos,ITJ REALTOR,,11 May 2026,https://www.propertypro.ng/property/3-bedroom-house-for-sale-lekki-phase-1-lekki-lagos-0PNZH
0PMNW,New Built Luxury 2 Bedroom Apartment,290000000.0,"₦ 290,000,000",2.0,2.0,Flat Apartment,Lekki Phase 1 Lekki Lagos,Lekki Phase 1,Lekki,Lagos,First Colony,,29 Apr 2026,https://www.propertypro.ng/property/2-bedroom-flat-apartment-for-sale-lekki-phase-1-lekki-lagos-0PMNW
4PCQZ,Newly Built 4 Bedroom Duplex,400000000.0,"₦ 400,000,000",4.0,4.0,House,Lekki Phase 1 Lekki Lagos,Lekki Phase 1,Lekki,Lagos,Perfect Images,,09 Feb 2026,https://www.propertypro.ng/property/4-bedroom-house-for-sale-lekki-phase-1-lekki-lagos-4PCQZ
1PFJA,Modern 4 Bedroom Terraced Duplex,350000000.0,"₦ 350,000,000",4.0,4.0,House,Lekki Phase 1 Lekki Lagos,Lekki Phase 1,Lekki,Lagos,Sunwealth real,Big Compound; 24 Hours Security; Boys Quater,03 Mar 2026,https://www.propertypro.ng/property/4-bedroom-house-for-sale-lekki-phase-1-lekki-lagos-1PFJA
7PJGG,Contemporary 5 Bedroom Detached Duplex,530000000.0,"₦ 530,000,000",5.0,5.0,House,Royal Garden Ajah Lagos,Royal Garden,Ajah,Lagos,Sunwealth real,Boys Quater; Pop Ceiling; Swimming Pool,30 Mar 2026,https://www.propertypro.ng/property/5-bedroom-house-for-sale-royal-garden-ajah-lagos-7PJGG
8PPAU,3 Bedroom Apartment,600000000.0,"₦ 600,000,000",3.0,3.0,House,Lekki Phase 1 Lekki Lagos,Lekki Phase 1,Lekki,Lagos,ITJ REALTOR,,12 May 2026,https://www.propertypro.ng/property/3-bedroom-house-for-sale-lekki-phase-1-lekki-lagos-8PPAU
7PPBC,2 Bedroom Apartment + Bq,450000000.0,"₦ 450,000,000",2.0,2.0,House,Victoria Island Lagos,Victoria,Island,Lagos,ITJ REALTOR,,12 May 2026,https://www.propertypro.ng/property/2-bedroom-house-for-sale-victoria-island-lagos-7PPBC
7PCQX,Newly Built 4 Bedroom Terraced Duplex With Bq,350000000.0,"₦ 350,000,000",4.0,4.0,House,Lekki Phase 1 Lekki Lagos,Lekki Phase 1,Lekki,Lagos,Perfect Images,,09 Feb 2026,https://www.propertypro.ng/property/4-bedroom-house-for-sale-lekki-phase-1-lekki-lagos-7PCQX
9PNGG,Newly Built 5 Bedroom Detatched Duplex With Bq,750000000.0,"₦ 750,000,000",5.0,5.0,House,Ikate Lekki Lagos,Ikate,Lekki,Lagos,Sanrealtor,,06 May 2026,https://www.propertypro.ng/property/5-bedroom-house-for-sale-ikate-lekki-lagos-9PNGG
8PNGE,4 Bedroom Duplex With Bq,1750000000.0,"₦ 1,750,000,000",4.0,4.0,House,Ikoyi Lagos,Ikoyi,Lagos,Lagos,Sanrealtor,,06 May 2026,https://www.propertypro.ng/property/4-bedroom-house-for-sale-ikoyi-lagos-8PNGE
2PNQN,Commercial Property,15000000.0,"₦ 15,000,000",,,Commercial Property,Bashorun Market Ibadan North Oyo,Bashorun Market Ibadan,North,Oyo,Poly property,24 Hours Security; Fast Internet; Security,08 May 2026,https://www.propertypro.ng/property/commercial-property-for-sale-bashorun-market-ibadan-north-oyo-2PNQN
7PFKJ,250sqm Estate Land,19440000.0,"₦ 19,440,000",,,Land,Airport Road Before Centenary City Lugbe Abuja,Airport Road Before Centenary City,Lugbe,Abuja,Besproperties,C Of O; Swimming Pool; Mosques Nearby,04 Mar 2026,https://www.propertypro.ng/property/land-for-sale-airport-road-before-centenary-city-lugbe-abuja-7PFKJ
4NPLM,5 Bedroom Fully Detached Duplex,300000000.0,"₦ 300,000,000",5.0,,House,Malami Est Oluyole Estate Ibadan Oyo,Malami Est Oluyole Estate,Ibadan,Oyo,Openkeys business,Only on PropertyPro,25 Sep 2025,https://www.propertypro.ng/property/house-for-sale-malami-est-oluyole-estate-ibadan-oyo-4NPLM
8PFMG,3 Bedroom Apartment,159533750.0,"₦ 159,533,750",3.0,3.0,House,Ebeano Gaduwa Abuja,Ebeano,Gaduwa,Abuja,Besproperties,24 Hours Security; Pop Ceiling; C Of O,04 Mar 2026,https://www.propertypro.ng/property/3-bedroom-house-for-sale-ebeano-gaduwa-abuja-8PFMG
6PNFU,4 Bedroom Terrace Duplex With Bq,190000000.0,"₦ 190,000,000",4.0,4.0,House,Opposite Charly Boy Dawaki Abuja,Opposite Charly Boy,Dawaki,Abuja,TZ ESTATE,,06 May 2026,https://www.propertypro.ng/property/4-bedroom-house-for-sale-opposite-charly-boy-dawaki-abuja-6PNFU
6PHNP,Contemporary 5 Bedroom Detached Duplex,230000000.0,"₦ 230,000,000",5.0,5.0,House,Ajah Lagos,Ajah,Lagos,Lagos,Sunwealth real,Big Compound; 24 Hours Security; Boys Quater,23 Mar 2026,https://www.propertypro.ng/property/5-bedroom-house-for-sale-ajah-lagos-6PHNP
5PPER,2 Bedroom Apartment,380000000.0,"₦ 380,000,000",2.0,2.0,Flat Apartment,Victoria Island Lagos,Victoria,Island,Lagos,ITJ REALTOR,,13 May 2026,https://www.propertypro.ng/property/2-bedroom-flat-apartment-for-sale-victoria-island-lagos-5PPER
7NMWQ,4 Bedroom Fully Detached Duplex With Bq,250000000.0,"₦ 250,000,000",4.0,,House,Ogba Lagos,Ogba,Lagos,Lagos,Purple Ribbon,,10 Sep 2025,https://www.propertypro.ng/property/4-bedroom-house-for-sale-ogba-lagos-7NMWQ
0PEZD,3 Bedroom Apartment,165000000.0,"₦ 165,000,000",3.0,3.0,House,"Fha, Behind Coza, Guzape Abuja","Fha, Behind Coza,",Guzape,Abuja,Besproperties,Big Compound; 24 Hours Security; Security,28 Feb 2026,https://www.propertypro.ng/property/3-bedroom-house-for-sale-fha-behind-coza-guzape-abuja-0PEZD
0NWWP,Land,6700000.0,"₦ 6,700,000",,,Land,Berlin Estate Mowe Obafemi Owode Ogun,Berlin Estate Mowe Obafemi,Owode,Ogun,Purple Ribbon,,08 Dec 2025,https://www.propertypro.ng/property/land-for-sale-berlin-estate-mowe-obafemi-owode-ogun-0NWWP
4PJJX,Shopping Complex,1300000000.0,"₦ 1,300,000,000",,,Commercial Property,Trans Amadi Port Harcourt Rivers,Trans Amadi Port,Harcourt,Rivers,Chrystal Abodes,,31 Mar 2026,https://www.propertypro.ng/property/commercial-property-for-sale-trans-amadi-port-harcourt-rivers-4PJJX
6PNDF,4 Bedroom Terraced Duplex,330000000.0,"₦ 330,000,000",4.0,4.0,House,Life Camp Abuja,Life,Camp,Abuja,TZ ESTATE,24 Hours Security; Pop Ceiling; C Of O,05 May 2026,https://www.propertypro.ng/property/4-bedroom-house-for-sale-life-camp-abuja-6PNDF
2PNFS,3 Bedroom Terrace Duplex With Bq,140000000.0,"₦ 140,000,000",3.0,3.0,House,Karsana Abuja,Karsana,Abuja,Abuja,TZ ESTATE,,05 May 2026,https://www.propertypro.ng/property/3-bedroom-house-for-sale-karsana-abuja-2PNFS
4PHBG,4 Bedroom Duplex With Pool In Carlton,500000000.0,"₦ 500,000,000",4.0,4.0,House,"Carlton Gate Estate, Akobo Akobo Ibadan Oyo","Carlton Gate Estate, Akobo Akobo",Ibadan,Oyo,Poly property,Big Compound; 24 Hours Security; Fast Internet,18 Mar 2026,https://www.propertypro.ng/property/4-bedroom-house-for-sale-carlton-gate-estate-akobo-akobo-ibadan-oyo-4PHBG
6PDHB,Newly Built 3 Bedroom Semi Detached With Bq,210000000.0,"₦ 210,000,000",3.0,3.0,House,Life Camp Extention Life Camp Abuja,Life Camp Extention Life,Camp,Abuja,Ademeso olalekan,,15 Feb 2026,https://www.propertypro.ng/property/3-bedroom-house-for-sale-life-camp-extention-life-camp-abuja-6PDHB
8PJCG,4 Bedroom Terrace Duplex With Bq,230000000.0,"₦ 230,000,000",4.0,4.0,House,"Palm Groove Court , Iyanganku Ibadan Oyo","Palm Groove Court , Iyanganku",Ibadan,Oyo,Poly property,Big Compound; Fast Internet; Boys Quater,27 Mar 2026,https://www.propertypro.ng/property/4-bedroom-house-for-sale-palm-groove-court-iyanganku-ibadan-oyo-8PJCG
3PLDD,3 Bedroom Apartment,150000000.0,"₦ 150,000,000",3.0,3.0,House,Katampe Main Suitable For Nbnb Katampe Main Abuja,Katampe Main Suitable For Nbnb Katampe,Main,Abuja,Ademeso olalekan,,16 Apr 2026,https://www.propertypro.ng/property/3-bedroom-house-for-sale-katampe-main-suitable-for-nbnb-katampe-main-abuja-3PLDD
5PDCM,Plot Of Land,10000000.0,"₦ 10,000,000",,,Land,"Agbofieti, Idi Shin Ext Ibadan Oyo","Agbofieti, Idi Shin Ext",Ibadan,Oyo,Openkeys business,,13 Feb 2026,https://www.propertypro.ng/property/land-for-sale-agbofieti-idi-shin-ext-ibadan-oyo-5PDCM
0PKAX,Furnished 4 Bedroom Flat With 20kva Inverter,110000000.0,"₦ 110,000,000",4.0,,House,City Park And Garden Estate Egbeda Oyo,City Park And Garden Estate,Egbeda,Oyo,Openkeys business,,06 Apr 2026,https://www.propertypro.ng/property/4-bedroom-house-for-sale-city-park-and-garden-estate-egbeda-oyo-0PKAX
7PDCG,5 Bedroom Terrace Duplex,200000000.0,"₦ 200,000,000",5.0,,House,Iyaganku Gra Ibadan Oyo,Iyaganku Gra,Ibadan,Oyo,Openkeys business,C Of O,13 Feb 2026,https://www.propertypro.ng/property/5-bedroom-house-for-sale-iyaganku-gra-ibadan-oyo-7PDCG
2PCGW,7400sqm Commercial Land,3500000000.0,"₦ 3,500,000,000",,,Land,Beside Lifemade Furnitures Garki 2 Abuja,Beside Lifemade Furnitures Garki,2,Abuja,Shedrack Luka,Big Compound; 24 Hours Security; Fast Internet,06 Feb 2026,https://www.propertypro.ng/property/land-for-sale-beside-lifemade-furnitures-garki-2-abuja-2PCGW
3NRPC,Luxurious 4 Bedroom Detached Duplex With Bq/pool,480000000.0,"₦ 480,000,000",5.0,5.0,House,"Close To Sunnyvale Estate, Galadimawa Abuja","Close To Sunnyvale Estate,",Galadimawa,Abuja,Shedrack Luka,Big Compound; 24 Hours Security; Fast Internet,15 Oct 2025,https://www.propertypro.ng/property/5-bedroom-house-for-sale-close-to-sunnyvale-estate-galadimawa-abuja-3NRPC
4NRPB,Luxurious 4 Bedroom Terraced Duplex With Bq,285000000.0,"₦ 285,000,000",4.0,4.0,House,Main Katampe Main Abuja,Main Katampe,Main,Abuja,Shedrack Luka,Big Compound; 24 Hours Security; Fast Internet,15 Oct 2025,https://www.propertypro.ng/property/4-bedroom-house-for-sale-main-katampe-main-abuja-4NRPB
7NZGV,Distress 9 Units Of 3 Bedroom Flat,1500000000.0,"₦ 1,500,000,000",3.0,,House,"Close To Pacesetters School, Guzape Abuja","Close To Pacesetters School,",Guzape,Abuja,Shedrack Luka,Big Compound; Printing Service; 24 Hours Security,09 Jan 2026,https://www.propertypro.ng/property/house-for-sale-close-to-pacesetters-school-guzape-abuja-7NZGV
3NUXS,12 Units 6 Units Of 3 Bedrooms+6 Units Of 1 Bedroom,700000000.0,"₦ 700,000,000",3.0,,House,Close To Ndcc Gaduwa Abuja,Close To Ndcc,Gaduwa,Abuja,Shedrack Luka,Free Wifi; Big Compound; 24 Hours Security,18 Nov 2025,https://www.propertypro.ng/property/house-for-sale-close-to-ndcc-gaduwa-abuja-3NUXS
3PHVH,Strategic 1171sqm Commercial Land,150000000.0,"₦ 150,000,000",,,Land,"Oladipo Layout, Orita Basorun Basorun Ibadan Oyo","Oladipo Layout, Orita Basorun Basorun",Ibadan,Oyo,Openkeys business,,25 Mar 2026,https://www.propertypro.ng/property/land-for-sale-oladipo-layout-orita-basorun-basorun-ibadan-oyo-3PHVH
0PCYY,600sqm Plot Of Land,120000000.0,"₦ 120,000,000",,,Land,S&t Estate Jericho Ibadan Oyo,S&t Estate Jericho,Ibadan,Oyo,Openkeys business,,12 Feb 2026,https://www.propertypro.ng/property/land-for-sale-st-estate-jericho-ibadan-oyo-0PCYY
9NZUX,5 Bedroom Smart Home,450000000.0,"₦ 450,000,000",5.0,,House,Chevron Lekki Lagos,Chevron,Lekki,Lagos,Purple Ribbon,,14 Jan 2026,https://www.propertypro.ng/property/5-bedroom-house-for-sale-chevron-lekki-lagos-9NZUX
6NZSA,2 Bedroom Apartment,150000000.0,"₦ 150,000,000",2.0,,Flat Apartment,Ologolo Lekki Lagos,Ologolo,Lekki,Lagos,Purple Ribbon,,13 Jan 2026,https://www.propertypro.ng/property/2-bedroom-flat-apartment-for-sale-ologolo-lekki-lagos-6NZSA
5PDTT,5 Bedroom Fully Detached Duplex,450000000.0,"₦ 450,000,000",5.0,6.0,House,Chevron Toll Gate Lekki Lagos,Chevron Toll Gate,Lekki,Lagos,Chrystal Abodes,Big Compound; 24 Hours Security; Pop Ceiling,18 Feb 2026,https://www.propertypro.ng/property/5-bedroom-house-for-sale-chevron-toll-gate-lekki-lagos-5PDTT
9PBRS,Exquisite Beautiful 4 Bedroom Terraced Duplex With Bq,230000000.0,"₦ 230,000,000",4.0,4.0,House,Life Camp Abuja,Life,Camp,Abuja,Ademeso olalekan,,30 Jan 2026,https://www.propertypro.ng/property/4-bedroom-house-for-sale-life-camp-abuja-9PBRS
4PNDE,5 Bedroom Detached Duplex With Bq,1500000000.0,"₦ 1,500,000,000",5.0,5.0,House,"Diplomatic Zone, Katampe Extension Katampe Abuja","Diplomatic Zone, Katampe Extension",Katampe,Abuja,Ademeso olalekan,24 Hours Security; Fast Internet; Pop Ceiling,05 May 2026,https://www.propertypro.ng/property/5-bedroom-house-for-sale-diplomatic-zone-katampe-extension-katampe-abuja-4PNDE
7PPYF,4 Bedroom Detached Duplex With Bq,300000000.0,"₦ 300,000,000",4.0,4.0,House,Osapa London Lekki Lagos,Osapa London,Lekki,Lagos,OUTSTANDING REAL,Big Compound; Jacuzzi; 24 Hours Security,20 May 2026,https://www.propertypro.ng/property/4-bedroom-house-for-sale-osapa-london-lekki-lagos-7PPYF
9PCYJ,Newly Built 4 Bedroom Detached Duplex With Bq,300000000.0,"₦ 300,000,000",4.0,4.0,House,Main Lokogoma Abuja,Main,Lokogoma,Abuja,Shedrack Luka,Big Compound; Printing Service; 24 Hours Security,12 Feb 2026,https://www.propertypro.ng/property/4-bedroom-house-for-sale-main-lokogoma-abuja-9PCYJ
7PTLP,Lovely 3 Bedroom Apartment,1200000000.0,"₦ 1,200,000,000",3.0,3.0,House,Ikoyi Lagos,Ikoyi,Lagos,Lagos,ITJ REALTOR,,18 Jun 2026,https://www.propertypro.ng/property/3-bedroom-house-for-sale-ikoyi-lagos-7PTLP
5PPDA,Contemporary 5 Bedroom Detached Duplex,650000000.0,"₦ 650,000,000",5.0,5.0,House,Ikota Lekki Lagos,Ikota,Lekki,Lagos,ITJ REALTOR,,12 May 2026,https://www.propertypro.ng/property/5-bedroom-house-for-sale-ikota-lekki-lagos-5PPDA
1PPVR,4 Bedroom Terrace Duplex,170000000.0,"₦ 170,000,000",4.0,4.0,House,Ajah Lagos,Ajah,Lagos,Lagos,Sunwealth real,Boys Quater; Pop Ceiling; Swimming Pool,19 May 2026,https://www.propertypro.ng/property/4-bedroom-house-for-sale-ajah-lagos-1PPVR
0PNVZ,5 Bedroom Semi Detached Duplex With Bq,1300000000.0,"₦ 1,300,000,000",5.0,5.0,House,Ikate Lekki Lagos,Ikate,Lekki,Lagos,Sanrealtor,,10 May 2026,https://www.propertypro.ng/property/5-bedroom-house-for-sale-ikate-lekki-lagos-0PNVZ
5PPGA,6 Bedroom Detached Duplex,1400000000.0,"₦ 1,400,000,000",6.0,6.0,House,Lekki Phase 1 Lekki Lagos,Lekki Phase 1,Lekki,Lagos,ITJ REALTOR,,13 May 2026,https://www.propertypro.ng/property/6-bedroom-house-for-sale-lekki-phase-1-lekki-lagos-5PPGA
5PPGF,4 Bedroom Terrace Duplex,2100000.0,"₦ 2,100,000",4.0,4.0,House,Ikoyi Lagos,Ikoyi,Lagos,Lagos,ITJ REALTOR,,13 May 2026,https://www.propertypro.ng/property/4-bedroom-house-for-sale-ikoyi-lagos-5PPGF
7PFKH,800sqm Estate Land,50000000.0,"₦ 50,000,000",,,Land,Airport Road Before Centenary City Lugbe Abuja,Airport Road Before Centenary City,Lugbe,Abuja,Besproperties,24 Hours Security; C Of O; Swimming Pool,04 Mar 2026,https://www.propertypro.ng/property/land-for-sale-airport-road-before-centenary-city-lugbe-abuja-7PFKH
2PHCQ,6 Bedroom Fully Detached Duplex,1400000000.0,"₦ 1,400,000,000",6.0,7.0,House,Lekki Phase 1 Lekki Lagos,Lekki Phase 1,Lekki,Lagos,Chrystal Abodes,24 Hours Security; Pop Ceiling; C Of O,18 Mar 2026,https://www.propertypro.ng/property/6-bedroom-house-for-sale-lekki-phase-1-lekki-lagos-2PHCQ
7PFKF,350sqm Estate Land,11968750.0,"₦ 11,968,750",,,Land,"Airport Road Before Centenary City, Lugbe Abuja","Airport Road Before Centenary City,",Lugbe,Abuja,Besproperties,C Of O; Swimming Pool; Mosques Nearby,03 Mar 2026,https://www.propertypro.ng/property/land-for-sale-airport-road-before-centenary-city-lugbe-abuja-7PFKF
1PFFF,5 Bedroom Fully Detached Duplex,480000000.0,"₦ 480,000,000",5.0,5.0,House,Chevron Toll Gate Lekki Lagos,Chevron Toll Gate,Lekki,Lagos,Sunwealth real,Big Compound; 24 Hours Security; Boys Quater,02 Mar 2026,https://www.propertypro.ng/property/5-bedroom-house-for-sale-chevron-toll-gate-lekki-lagos-1PFFF
4PSDX,Newly Built Five Bedroom Detached House,350000000.0,"₦ 350,000,000",5.0,5.0,House,Chevron Lekki Chevron Lekki Lagos,Chevron Lekki Chevron,Lekki,Lagos,PCL HOMES,,08 Jun 2026,https://www.propertypro.ng/property/5-bedroom-house-for-sale-chevron-lekki-chevron-lekki-lagos-4PSDX
4PGPU,7 Bedroom Mansion,2000000000.0,"₦ 2,000,000,000",7.0,8.0,House,Ikate Lekki Lagos,Ikate,Lekki,Lagos,Chrystal Abodes,Big Compound; 24 Hours Security; Pop Ceiling,13 Mar 2026,https://www.propertypro.ng/property/7-bedroom-house-for-sale-ikate-lekki-lagos-4PGPU
1PNZS,2 Bedroom Apartment,165000000.0,"₦ 165,000,000",2.0,3.0,House,Ikate Lekki Lagos,Ikate,Lekki,Lagos,ITJ REALTOR,,11 May 2026,https://www.propertypro.ng/property/2-bedroom-house-for-sale-ikate-lekki-lagos-1PNZS
4PGUV,Luxury 5 Bedroom Fully Detached Duplex,900000000.0,"₦ 900,000,000",5.0,5.0,House,Chevron Lekki Lagos,Chevron,Lekki,Lagos,OUTSTANDING REAL,,16 Mar 2026,https://www.propertypro.ng/property/5-bedroom-house-for-sale-chevron-lekki-lagos-4PGUV
4PEKF,Newly Built 5 Bedroom House,210000000.0,"₦ 210,000,000",5.0,5.0,House,Palm City Ajah Ajah Lagos,Palm City Ajah,Ajah,Lagos,Landlord Hero,,24 Feb 2026,https://www.propertypro.ng/property/5-bedroom-house-for-sale-palm-city-ajah-ajah-lagos-4PEKF
3NTJF,4 Bedroom Fully Detached Duplex,200000000.0,"₦ 200,000,000",4.0,4.0,House,Ajah Lekki Lagos,Ajah,Lekki,Lagos,Perfect Images,,01 Nov 2025,https://www.propertypro.ng/property/4-bedroom-house-for-sale-ajah-lekki-lagos-3NTJF
4PNYU,5 Bedroom Detached Duplex,450000000.0,"₦ 450,000,000",4.0,4.0,House,Ikota Lekki Lagos,Ikota,Lekki,Lagos,ITJ REALTOR,,11 May 2026,https://www.propertypro.ng/property/4-bedroom-house-for-sale-ikota-lekki-lagos-4PNYU
4PUMW,4bed,850000000.0,"₦ 850,000,000",4.0,4.0,House,Lekki Phase 1 Lekki Lagos,Lekki Phase 1,Lekki,Lagos,New adventures,,27 Jun 2026,https://www.propertypro.ng/property/4-bedroom-house-for-sale-lekki-phase-1-lekki-lagos-4PUMW
8PHUZ,5 Bedroom Duplex,200000000.0,"₦ 200,000,000",5.0,,House,"Airforce Est, Bashorun Housing Estate Akobo Ibadan Oyo","Airforce Est, Bashorun Housing Estate Akobo",Ibadan,Oyo,Openkeys business,Only on PropertyPro,25 Mar 2026,https://www.propertypro.ng/property/5-bedroom-house-for-sale-airforce-est-bashorun-housing-estate-akobo-ibadan-oyo-8PHUZ
4PGJW,2 Bedroom Flat,65000000.0,"₦ 65,000,000",2.0,2.0,House,"Behind Foodco, Ring Rd Ibadan Oyo","Behind Foodco, Ring Rd",Ibadan,Oyo,MrMideOseni Homes,,12 Mar 2026,https://www.propertypro.ng/property/2-bedroom-house-for-sale-behind-foodco-ring-rd-ibadan-oyo-4PGJW
0PPEG,5 Bedroom Detached Duplex,650000000.0,"₦ 650,000,000",5.0,5.0,House,Orchid Lekki Lagos,Orchid,Lekki,Lagos,ITJ REALTOR,,13 May 2026,https://www.propertypro.ng/property/5-bedroom-house-for-sale-orchid-lekki-lagos-0PPEG
4PFNG,72 Rooms Hotel,3000000000.0,"₦ 3,000,000,000",,,Commercial Property,Area11 Garki 2 Abuja,Area11 Garki,2,Abuja,Shedrack Luka,Big Compound; 24 Hours Security; Fast Internet,04 Mar 2026,https://www.propertypro.ng/property/commercial-property-for-sale-area11-garki-2-abuja-4PFNG
4PRWT,750 Sqm Land In An Estate,360000000.0,"₦ 360,000,000",,,Land,Agungi Agungi Lekki Lagos,Agungi Agungi,Lekki,Lagos,OUTSTANDING REAL,,05 Jun 2026,https://www.propertypro.ng/property/land-for-sale-agungi-agungi-lekki-lagos-4PRWT
2PFQR,2 Bedroom Terrace Duplex,100000000.0,"₦ 100,000,000",2.0,3.0,House,Orchid Lekki Lagos,Orchid,Lekki,Lagos,Chrystal Abodes,Big Compound; Printing Service; 24 Hours Security,05 Mar 2026,https://www.propertypro.ng/property/2-bedroom-house-for-sale-orchid-lekki-lagos-2PFQR
1PNFW,4 Bedroom Terrace Duplex With Bq,275000000.0,"₦ 275,000,000",4.0,4.0,House,Lento Aluminium Kado Abuja,Lento Aluminium,Kado,Abuja,TZ ESTATE,,06 May 2026,https://www.propertypro.ng/property/4-bedroom-house-for-sale-lento-aluminium-kado-abuja-1PNFW
6PEGR,3700sqm Landed Property,850000000.0,"₦ 850,000,000",,,Land,"Osuntokun Crescent, Old Bodija Ibadan Oyo","Osuntokun Crescent, Old Bodija",Ibadan,Oyo,Openkeys business,,23 Feb 2026,https://www.propertypro.ng/property/land-for-sale-osuntokun-crescent-old-bodija-ibadan-oyo-6PEGR
6PDUW,5 Bedroom Detached Duplex,400000000.0,"₦ 400,000,000",5.0,6.0,House,Chevron Lekki Lagos,Chevron,Lekki,Lagos,Chrystal Abodes,Big Compound; 24 Hours Security; Pop Ceiling,19 Feb 2026,https://www.propertypro.ng/property/5-bedroom-house-for-sale-chevron-lekki-lagos-6PDUW
1PNZV,3 Bedroom Apartment,400000000.0,"₦ 400,000,000",3.0,3.0,House,Lekki Phase 1 Lekki Lagos,Lekki Phase 1,Lekki,Lagos,ITJ REALTOR,,11 May 2026,https://www.propertypro.ng/property/3-bedroom-house-for-sale-lekki-phase-1-lekki-lagos-1PNZV
9PFSS,2 Bedroom Apartment,375000000.0,"₦ 375,000,000",2.0,2.0,Flat Apartment,Ikoyi Lagos,Ikoyi,Lagos,Lagos,Sunwealth real,Big Compound; 24 Hours Security; Boys Quater,06 Mar 2026,https://www.propertypro.ng/property/2-bedroom-flat-apartment-for-sale-ikoyi-lagos-9PFSS
6PFAS,5 Bedroom Fully Detached Duplex,500000000.0,"₦ 500,000,000",5.0,5.0,House,Chevron Lekki Lagos,Chevron,Lekki,Lagos,Sunwealth real,Big Compound; Boys Quater; Security,01 Mar 2026,https://www.propertypro.ng/property/5-bedroom-house-for-sale-chevron-lekki-lagos-6PFAS
1PDGM,4 Bedroom Detached Duplex,550000000.0,"₦ 550,000,000",4.0,4.0,House,"Katampe Extention Diplomatic Zone,area For People That Matters Katampe Extension Katampe Abuja","Katampe Extention Diplomatic Zone,area For People That Matters Katampe Extension",Katampe,Abuja,Ademeso olalekan,,15 Feb 2026,https://www.propertypro.ng/property/4-bedroom-house-for-sale-katampe-extention-diplomatic-zonearea-for-people-that-matters-katampe-extension-katampe-abuja-1PDGM
7NNMH,Land,2500000.0,"₦ 2,500,000",,,Land,After Teaching Hospital Gwagwalada Abuja,After Teaching Hospital,Gwagwalada,Abuja,Besproperties,C Of O,16 Sep 2025,https://www.propertypro.ng/property/land-for-sale-after-teaching-hospital-gwagwalada-abuja-7NNMH
1NQZP,4 Bedroom Semi Detached Duplex,180000000.0,"₦ 180,000,000",4.0,4.0,House,Ajah Lekki Lagos,Ajah,Lekki,Lagos,Perfect Images,,09 Oct 2025,https://www.propertypro.ng/property/4-bedroom-house-for-sale-ajah-lekki-lagos-1NQZP
7PDTR,Newly Built 3 Bedroom Terrace Duplex,110000000.0,"₦ 110,000,000",3.0,4.0,House,Abraham Adesanya Estate Ajah Lagos,Abraham Adesanya Estate,Ajah,Lagos,Chrystal Abodes,Big Compound; 24 Hours Security; Pop Ceiling,18 Feb 2026,https://www.propertypro.ng/property/3-bedroom-house-for-sale-abraham-adesanya-estate-ajah-lagos-7PDTR
2PFDZ,Land,4000000000.0,"₦ 4,000,000,000",,,House,"Independence Est, New Bodija Bodija Ibadan Oyo","Independence Est, New Bodija Bodija",Ibadan,Oyo,Openkeys business,,02 Mar 2026,https://www.propertypro.ng/property/house-for-sale-independence-est-new-bodija-bodija-ibadan-oyo-2PFDZ
4PUKM,4bed,45000000.0,"₦ 45,000,000",4.0,4.0,House,Banana Island Ikoyi Lagos,Banana Island,Ikoyi,Lagos,New adventures,,26 Jun 2026,https://www.propertypro.ng/property/4-bedroom-house-for-sale-banana-island-ikoyi-lagos-4PUKM
4PNZU,Newly Built 3 Bedroom Terrace Duplex,110000000.0,"₦ 110,000,000",3.0,3.0,House,General Paint Lekki Lagos,General Paint,Lekki,Lagos,ITJ REALTOR,,11 May 2026,https://www.propertypro.ng/property/3-bedroom-house-for-sale-general-paint-lekki-lagos-4PNZU
7PSRD,Premium Class 2 Bedroom Hotel Apartment Tower,417200000.0,"₦ 417,200,000",2.0,,Flat Apartment,Victoria Island Lagos,Victoria,Island,Lagos,First Colony,,12 Jun 2026,https://www.propertypro.ng/property/2-bedroom-flat-apartment-for-sale-victoria-island-lagos-7PSRD
9PNPP,Newly Built 5 Bedroom Detached Duplex With Bq,380000000.0,"₦ 380,000,000",5.0,5.0,House,Ikota Lekki Lagos,Ikota,Lekki,Lagos,Sanrealtor,,08 May 2026,https://www.propertypro.ng/property/5-bedroom-house-for-sale-ikota-lekki-lagos-9PNPP
5PFAS,Serviced 2 Bedroom Apartment,265000000.0,"₦ 265,000,000",2.0,2.0,Flat Apartment,Lekki Phase 1 Lekki Lagos,Lekki Phase 1,Lekki,Lagos,Sunwealth real,Big Compound; 24 Hours Security; Security,01 Mar 2026,https://www.propertypro.ng/property/2-bedroom-flat-apartment-for-sale-lekki-phase-1-lekki-lagos-5PFAS
5PPDX,4 Bedroom Detached Duplex,270000000.0,"₦ 270,000,000",4.0,4.0,House,Orchid Lekki Lagos,Orchid,Lekki,Lagos,ITJ REALTOR,,13 May 2026,https://www.propertypro.ng/property/4-bedroom-house-for-sale-orchid-lekki-lagos-5PPDX
1PGTK,6 Bedroom Detached House With 2 Bq,2700000000.0,"₦ 2,700,000,000",6.0,6.0,House,Ikoyi Lagos,Ikoyi,Lagos,Lagos,First Colony,,16 Mar 2026,https://www.propertypro.ng/property/6-bedroom-house-for-sale-ikoyi-lagos-1PGTK
8PQFB,5 Bedroom Fully Detached Duplex,550000000.0,"₦ 550,000,000",5.0,6.0,House,Chevron Lekki Lagos,Chevron,Lekki,Lagos,Chrystal Abodes,,21 May 2026,https://www.propertypro.ng/property/5-bedroom-house-for-sale-chevron-lekki-lagos-8PQFB
1NHZF,650sqm Fenced Land Single Bungalow,750000000.0,"₦ 750,000,000",,,Land,Lekki Phase 1 Lekki Lagos,Lekki Phase 1,Lekki,Lagos,First Colony,,05 Aug 2025,https://www.propertypro.ng/property/land-for-sale-lekki-phase-1-lekki-lagos-1NHZF
2PDXP,5 Bedroom Fully Detached Duplex,500000000.0,"₦ 500,000,000",5.0,6.0,House,Chevron Lekki Lagos,Chevron,Lekki,Lagos,Chrystal Abodes,Big Compound; 24 Hours Security; Pop Ceiling,19 Feb 2026,https://www.propertypro.ng/property/5-bedroom-house-for-sale-chevron-lekki-lagos-2PDXP
3PPBV,2 Bedroom Apartment,290000000.0,"₦ 290,000,000",2.0,3.0,House,Lekki Phase 1 Lekki Lagos,Lekki Phase 1,Lekki,Lagos,ITJ REALTOR,,12 May 2026,https://www.propertypro.ng/property/2-bedroom-house-for-sale-lekki-phase-1-lekki-lagos-3PPBV
3NTGT,Spacious 4 Bedroom Semi Detached Duplex,130000000.0,"₦ 130,000,000",4.0,4.0,House,Ajah Lekki Lagos,Ajah,Lekki,Lagos,Perfect Images,,31 Oct 2025,https://www.propertypro.ng/property/4-bedroom-house-for-sale-ajah-lekki-lagos-3NTGT
0PNFG,5 Bedroom Duplex With Bq,3500000000.0,"₦ 3,500,000,000",5.0,5.0,House,Ikoyi Lagos,Ikoyi,Lagos,Lagos,Sanrealtor,,05 May 2026,https://www.propertypro.ng/property/5-bedroom-house-for-sale-ikoyi-lagos-0PNFG
6PHPW,5 Bedroom Detached Home,950000000.0,"₦ 950,000,000",6.0,7.0,House,Lekki Phase 1 Lekki Lagos,Lekki Phase 1,Lekki,Lagos,Chrystal Abodes,Big Compound; 24 Hours Security; Pop Ceiling,23 Mar 2026,https://www.propertypro.ng/property/6-bedroom-house-for-sale-lekki-phase-1-lekki-lagos-6PHPW
6PJUW,1200sqm Land,750000000.0,"₦ 750,000,000",,,Land,Lekki Phase 1 Lekki Lagos,Lekki Phase 1,Lekki,Lagos,First Colony,,03 Apr 2026,https://www.propertypro.ng/property/land-for-sale-lekki-phase-1-lekki-lagos-6PJUW
9NPSR,Newly Built 4 Bedroom Terraced Duplex With Bq,260000000.0,"₦ 260,000,000",4.0,4.0,House,"Gilmore Junction, Jahi Abuja","Gilmore Junction,",Jahi,Abuja,Shedrack Luka,Free Wifi; Big Compound; 24 Hours Security,28 Sep 2025,https://www.propertypro.ng/property/4-bedroom-house-for-sale-gilmore-junction-jahi-abuja-9NPSR
8PEZE,4 Bedroom Terraced Duplex With Bq,250000000.0,"₦ 250,000,000",4.0,5.0,House,"Berger Clinic Axis, Life Camp Abuja","Berger Clinic Axis, Life",Camp,Abuja,Besproperties,Big Compound; 24 Hours Security; Pop Ceiling,28 Feb 2026,https://www.propertypro.ng/property/4-bedroom-house-for-sale-berger-clinic-axis-life-camp-abuja-8PEZE
4PPBD,4 Bedroom Terrace Duplex With Bq,560000000.0,"₦ 560,000,000",4.0,4.0,House,Ikeja Gra Ikeja Lagos,Ikeja Gra,Ikeja,Lagos,Sanrealtor,,12 May 2026,https://www.propertypro.ng/property/4-bedroom-house-for-sale-ikeja-gra-ikeja-lagos-4PPBD
0PDAM,3 Bedroom Terraced Duplex,100000000.0,"₦ 100,000,000",3.0,3.0,House,"Lekki Palmcity, Abraham Adesanya Estate Ajah Lagos","Lekki Palmcity, Abraham Adesanya Estate",Ajah,Lagos,Landlord Hero,,12 Feb 2026,https://www.propertypro.ng/property/3-bedroom-house-for-sale-lekki-palmcity-abraham-adesanya-estate-ajah-lagos-0PDAM
7PNLN,3 Bedroom Terrace Duplex With Bq,550000000.0,"₦ 550,000,000",3.0,3.0,House,Lekki Phase 1 Lekki Lagos,Lekki Phase 1,Lekki,Lagos,Sanrealtor,,07 May 2026,https://www.propertypro.ng/property/3-bedroom-house-for-sale-lekki-phase-1-lekki-lagos-7PNLN
4PHEG,4 Bedroom Detached Duplex,200000000.0,"₦ 200,000,000",4.0,5.0,House,Orchid Lekki Lagos,Orchid,Lekki,Lagos,Chrystal Abodes,Big Compound; 24 Hours Security; Pop Ceiling,19 Mar 2026,https://www.propertypro.ng/property/4-bedroom-house-for-sale-orchid-lekki-lagos-4PHEG
1PNFJ,Luxury 4 Bedroom Detached Duplex With Bq,300000000.0,"₦ 300,000,000",4.0,4.0,House,Osapa London Lekki Lagos,Osapa London,Lekki,Lagos,Sanrealtor,,05 May 2026,https://www.propertypro.ng/property/4-bedroom-house-for-sale-osapa-london-lekki-lagos-1PNFJ
6PPCZ,Stunning 2 Bedroom Apartment,400000000.0,"₦ 400,000,000",2.0,2.0,House,Lekki Phase 1 Lekki Lagos,Lekki Phase 1,Lekki,Lagos,ITJ REALTOR,,12 May 2026,https://www.propertypro.ng/property/2-bedroom-house-for-sale-lekki-phase-1-lekki-lagos-6PPCZ
4PDXY,5 Bedroom Fully Detached Duplex,1200000000.0,"₦ 1,200,000,000",5.0,6.0,House,Lekki Phase 1 Lekki Lagos,Lekki Phase 1,Lekki,Lagos,Chrystal Abodes,Big Compound; 24 Hours Security; Pop Ceiling,20 Feb 2026,https://www.propertypro.ng/property/5-bedroom-house-for-sale-lekki-phase-1-lekki-lagos-4PDXY
9PJFR,Contemporary 5 Bedroom Semi Detached Duplex,530000000.0,"₦ 530,000,000",5.0,5.0,House,Royal Garden Ajah Lagos,Royal Garden,Ajah,Lagos,Sunwealth real,Boys Quater; Pop Ceiling; All Room Ensuit,30 Mar 2026,https://www.propertypro.ng/property/5-bedroom-house-for-sale-royal-garden-ajah-lagos-9PJFR
8PNFP,Mansion Sitting On 1000sqm,1500000000.0,"₦ 1,500,000,000",,,House,Osapa London Lekki Lagos,Osapa London,Lekki,Lagos,Chrystal Abodes,,05 May 2026,https://www.propertypro.ng/property/house-for-sale-osapa-london-lekki-lagos-8PNFP
4PPGH,5 Bedroom Detached Duplex,850000000.0,"₦ 850,000,000",5.0,5.0,House,Lekki Phase 1 Lekki Lagos,Lekki Phase 1,Lekki,Lagos,ITJ REALTOR,,13 May 2026,https://www.propertypro.ng/property/5-bedroom-house-for-sale-lekki-phase-1-lekki-lagos-4PPGH
9PDUV,4 Bedroom Semi Detached Duplex,1600000000.0,"₦ 1,600,000,000",4.0,5.0,House,Parkview Estate Ikoyi Lagos,Parkview Estate,Ikoyi,Lagos,Chrystal Abodes,24 Hours Security; Pop Ceiling; C Of O,19 Feb 2026,https://www.propertypro.ng/property/4-bedroom-house-for-sale-parkview-estate-ikoyi-lagos-9PDUV
3PHHQ,5 Bedroom Fully Detached Duplex,1200000000.0,"₦ 1,200,000,000",5.0,5.0,House,Lekki Phase 1 Lekki Lagos,Lekki Phase 1,Lekki,Lagos,OUTSTANDING REAL,,20 Mar 2026,https://www.propertypro.ng/property/5-bedroom-house-for-sale-lekki-phase-1-lekki-lagos-3PHHQ
8NXLP,"Detached House On Prime 3,232sqm Commercial Land",8080000000.0,"₦ 8,080,000,000",2.0,3.0,Land,Victoria Island Lagos,Victoria,Island,Lagos,First Colony,,15 Dec 2025,https://www.propertypro.ng/property/2-bedroom-land-for-sale-victoria-island-lagos-8NXLP
5PNKR,Contemporary 5 Bedroom Semi Detached Duplex,990000000.0,"₦ 990,000,000",5.0,5.0,House,Cowrie Creek Estate Ikate Lekki Lagos,Cowrie Creek Estate Ikate,Lekki,Lagos,OUTSTANDING REAL,,06 May 2026,https://www.propertypro.ng/property/5-bedroom-house-for-sale-cowrie-creek-estate-ikate-lekki-lagos-5PNKR
0PLXF,4 Bedroom Semi Detached Duplex With Bq,160000000.0,"₦ 160,000,000",4.0,4.0,House,Orchid Lekki Lagos,Orchid,Lekki,Lagos,OUTSTANDING REAL,,22 Apr 2026,https://www.propertypro.ng/property/4-bedroom-house-for-sale-orchid-lekki-lagos-0PLXF
1PLUW,3 Bedroom Bungalow,90000000.0,"₦ 90,000,000",3.0,,House,Alaafara Idishin Ibadan Oyo,Alaafara Idishin,Ibadan,Oyo,Openkeys business,,22 Apr 2026,https://www.propertypro.ng/property/3-bedroom-house-for-sale-alaafara-idishin-ibadan-oyo-1PLUW
5MGMF,Ultra Luxurious Waterfront 3 Bedroom Apartment,860000000.0,"₦ 860,000,000",3.0,4.0,Flat / Apartment,Osborne Foreshore Estate Ikoyi Lagos,Osborne Foreshore Estate,Ikoyi,Lagos,Fort Knox,Only on PropertyPro,16 Dec 2024,https://www.propertypro.ng/property/3-bedroom-flat-apartment-for-sale-osborne-foreshore-estate-ikoyi-lagos-5MGMF
7PNTE,Newly Built 5 Bedroom Detached Duplex With Bq,550000000.0,"₦ 550,000,000",5.0,5.0,House,Vgc Lekki Lagos,Vgc,Lekki,Lagos,Sanrealtor,,09 May 2026,https://www.propertypro.ng/property/5-bedroom-house-for-sale-vgc-lekki-lagos-7PNTE
3PNEC,3 Bedroom Apartment With Lounge,110000000.0,"₦ 110,000,000",3.0,3.0,Flat Apartment,Orchid Lekki Lagos,Orchid,Lekki,Lagos,Sanrealtor,,05 May 2026,https://www.propertypro.ng/property/3-bedroom-flat-apartment-for-sale-orchid-lekki-lagos-3PNEC
7PPEE,5 Bedroom Detached Duplex + Bq,500000000.0,"₦ 500,000,000",5.0,5.0,House,Orchid Lekki Lagos,Orchid,Lekki,Lagos,ITJ REALTOR,,13 May 2026,https://www.propertypro.ng/property/5-bedroom-house-for-sale-orchid-lekki-lagos-7PPEE
1PULR,5bed,850000000.0,"₦ 850,000,000",5.0,5.0,House,Lekki Phase 1 Lekki Lagos,Lekki Phase 1,Lekki,Lagos,New adventures,,27 Jun 2026,https://www.propertypro.ng/property/5-bedroom-house-for-sale-lekki-phase-1-lekki-lagos-1PULR
9PGHA,Plots Of Land,18000000.0,"₦ 18,000,000",,,Land,"Iyana Iyesi, Sango Ota Ado Odo Ota Ogun","Iyana Iyesi, Sango Ota Ado Odo",Ota,Ogun,Chrystal Abodes,,11 Mar 2026,https://www.propertypro.ng/property/land-for-sale-iyana-iyesi-sango-ota-ado-odo-ota-ogun-9PGHA
6PFKE,2 Bedroom Apartment,36508320.0,"₦ 36,508,320",2.0,2.0,House,"Airport Road Before Centenary City, Lugbe Abuja","Airport Road Before Centenary City,",Lugbe,Abuja,Besproperties,24 Hours Security; C Of O; Swimming Pool,03 Mar 2026,https://www.propertypro.ng/property/2-bedroom-house-for-sale-airport-road-before-centenary-city-lugbe-abuja-6PFKE
0PQQU,Newly Built 5 Bedroom Detached Duplexes,450000000.0,"₦ 450,000,000",5.0,6.0,House,Chevron Toll Gate Lekki Lagos,Chevron Toll Gate,Lekki,Lagos,Chrystal Abodes,,25 May 2026,https://www.propertypro.ng/property/5-bedroom-house-for-sale-chevron-toll-gate-lekki-lagos-0PQQU
2PFAX,Contemporary 5 Bedroom Detached Duplex,420000000.0,"₦ 420,000,000",5.0,5.0,House,Ajah Lagos,Ajah,Lagos,Lagos,Sunwealth real,Big Compound; 24 Hours Security; Boys Quater,01 Mar 2026,https://www.propertypro.ng/property/5-bedroom-house-for-sale-ajah-lagos-2PFAX
8NTRN,5 Bedroom Detached Duplex With Bq,750000000.0,"₦ 750,000,000",5.0,5.0,House,Kado Abuja,Kado,Abuja,Abuja,Shedrack Luka,Big Compound; 24 Hours Security; Fast Internet,05 Nov 2025,https://www.propertypro.ng/property/5-bedroom-house-for-sale-kado-abuja-8NTRN
2NNCA,4 Bedroom Duplex,190000000.0,"₦ 190,000,000",4.0,,House,Gbagada Lagos,Gbagada,Lagos,Lagos,Purple Ribbon,,12 Sep 2025,https://www.propertypro.ng/property/4-bedroom-house-for-sale-gbagada-lagos-2NNCA
2NRPD,Newly Built 6 Bedroom Detached Duplex With Bq,655000000.0,"₦ 655,000,000",5.0,5.0,House,"Close To Vio, Mabushi Abuja","Close To Vio,",Mabushi,Abuja,Shedrack Luka,Free Wifi; Big Compound; 24 Hours Security,15 Oct 2025,https://www.propertypro.ng/property/5-bedroom-house-for-sale-close-to-vio-mabushi-abuja-2NRPD
9PJZG,Automated 4 Bedroom Mansionette With Maids Room,750000000.0,"₦ 750,000,000",4.0,4.0,House,Osborne 2 Osborne Foreshore Estate Ikoyi Lagos,Osborne 2 Osborne Foreshore Estate,Ikoyi,Lagos,Besproperties,Big Compound; 24 Hours Security; Pop Ceiling,05 Apr 2026,https://www.propertypro.ng/property/4-bedroom-house-for-sale-osborne-2-osborne-foreshore-estate-ikoyi-lagos-9PJZG
5PFBG,Commercial Property,250000000.0,"₦ 250,000,000",,,House,Safe And Serve Eleyele Ibadan Oyo,Safe And Serve Eleyele,Ibadan,Oyo,Openkeys business,,01 Mar 2026,https://www.propertypro.ng/property/house-for-sale-safe-and-serve-eleyele-ibadan-oyo-5PFBG
5NLZM,3 Bedroom Apartment With Bq,750000000.0,"₦ 750,000,000",3.0,3.0,Flat Apartment,Banana Island Ikoyi Lagos,Banana Island,Ikoyi,Lagos,PRINCE ADEMOLA,,02 Sep 2025,https://www.propertypro.ng/property/3-bedroom-flat-apartment-for-sale-banana-island-ikoyi-lagos-5NLZM
1PDMR,5 Bedroom Terrace Duplex With Bq,1400000000.0,"₦ 1,400,000,000",5.0,5.0,House,Parkview Estate Ikoyi Lagos,Parkview Estate,Ikoyi,Lagos,Chrystal Abodes,Big Compound; 24 Hours Security; Pop Ceiling,17 Feb 2026,https://www.propertypro.ng/property/5-bedroom-house-for-sale-parkview-estate-ikoyi-lagos-1PDMR
9NSPE,2 Bedroom Maisonette,100000000.0,"₦ 100,000,000",2.0,2.0,Flat Apartment,Ikate Lekki Lagos,Ikate,Lekki,Lagos,First Colony,,24 Oct 2025,https://www.propertypro.ng/property/2-bedroom-flat-apartment-for-sale-ikate-lekki-lagos-9NSPE
4PFNP,2 Bedroom Penthouse With Bq,190000000.0,"₦ 190,000,000",2.0,2.0,House,"Ikeja, Maryland Lagos","Ikeja,",Maryland,Lagos,Besproperties,Big Compound; Pop Ceiling; Swimming Pool,04 Mar 2026,https://www.propertypro.ng/property/2-bedroom-house-for-sale-ikeja-maryland-lagos-4PFNP
1PPDZ,5 Bedroom Detached Duplex,400000000.0,"₦ 400,000,000",5.0,5.0,House,Orchid Lekki Lagos,Orchid,Lekki,Lagos,ITJ REALTOR,,13 May 2026,https://www.propertypro.ng/property/5-bedroom-house-for-sale-orchid-lekki-lagos-1PPDZ
8NQML,Luxurious 5 Bedroom Detached Duplex With Bq,2500000000.0,"₦ 2,500,000,000",5.0,5.0,House,"Close To Fairview School, Guzape Abuja","Close To Fairview School,",Guzape,Abuja,Shedrack Luka,Free Wifi; Big Compound; 24 Hours Security,05 Oct 2025,https://www.propertypro.ng/property/5-bedroom-house-for-sale-close-to-fairview-school-guzape-abuja-8NQML
2NKBE,2 Bedroom Apartment,220000000.0,"₦ 220,000,000",2.0,,Flat / Apartment,Lekki Phase 1 Lekki Lagos,Lekki Phase 1,Lekki,Lagos,Tugaris Realtor,Only on PropertyPro,15 Aug 2025,https://www.propertypro.ng/property/2-bedroom-flat-apartment-for-sale-lekki-phase-1-lekki-lagos-2NKBE
9PENK,2 Bedroom Flat,90000000.0,"₦ 90,000,000",2.0,,House,Sabo Yaba Lagos,Sabo,Yaba,Lagos,Purple Ribbon,,25 Feb 2026,https://www.propertypro.ng/property/2-bedroom-house-for-sale-sabo-yaba-lagos-9PENK
6PNFT,3 Bedroom Flat,200000000.0,"₦ 200,000,000",3.0,3.0,House,Jahi Abuja,Jahi,Abuja,Abuja,TZ ESTATE,,06 May 2026,https://www.propertypro.ng/property/3-bedroom-house-for-sale-jahi-abuja-6PNFT
4PRME,"5 Units Of 3 Bedroom Duplex In Elebu , Ibadan",100000000.0,"₦ 100,000,000",3.0,3.0,House,Elebu Akala Express Ibadan Oyo,Elebu Akala Express,Ibadan,Oyo,Poly property,,02 Jun 2026,https://www.propertypro.ng/property/3-bedroom-house-for-sale-elebu-akala-express-ibadan-oyo-4PRME
4PGZC,3 Bedroom Fully Detached Bungalow,40000000.0,"₦ 40,000,000",3.0,3.0,House,"Tipper Garage , Akala Express Ibadan Oyo","Tipper Garage , Akala Express",Ibadan,Oyo,Poly property,,17 Mar 2026,https://www.propertypro.ng/property/3-bedroom-house-for-sale-tipper-garage-akala-express-ibadan-oyo-4PGZC
7NSUJ,800sqm Estate Plot Of Land,220000000.0,"₦ 220,000,000",5.0,5.0,Land,"Lifecamp Kafe, Life Camp Abuja","Lifecamp Kafe, Life",Camp,Abuja,TZ ESTATE,Big Compound; All Room Ensuit,26 Oct 2025,https://www.propertypro.ng/property/5-bedroom-land-for-sale-lifecamp-kafe-life-camp-abuja-7NSUJ
5PFYL,5 Bedroom Detached Duplex,950000000.0,"₦ 950,000,000",5.0,5.0,House,Chevron Lekki Lagos,Chevron,Lekki,Lagos,Sunwealth real,Big Compound; 24 Hours Security; Boys Quater,09 Mar 2026,https://www.propertypro.ng/property/5-bedroom-house-for-sale-chevron-lekki-lagos-5PFYL
7PLDC,4 Bedroom Terrace With Bq,270000000.0,"₦ 270,000,000",4.0,4.0,House,Life Camp Life Camp Abuja,Life Camp Life,Camp,Abuja,Ademeso olalekan,,16 Apr 2026,https://www.propertypro.ng/property/4-bedroom-house-for-sale-life-camp-life-camp-abuja-7PLDC
5PGFS,2 Bedroom Apartment,270000000.0,"₦ 270,000,000",2.0,3.0,Flat Apartment,Lekki Phase 1 Lekki Lagos,Lekki Phase 1,Lekki,Lagos,Chrystal Abodes,24 Hours Security; Pop Ceiling; Mosques Nearby,11 Mar 2026,https://www.propertypro.ng/property/2-bedroom-flat-apartment-for-sale-lekki-phase-1-lekki-lagos-5PGFS
3PTQP,5bed,1200000000.0,"₦ 1,200,000,000",5.0,5.0,House,Lekki Phase 1 Lekki Lagos,Lekki Phase 1,Lekki,Lagos,New adventures,,20 Jun 2026,https://www.propertypro.ng/property/5-bedroom-house-for-sale-lekki-phase-1-lekki-lagos-3PTQP
4PNTN,Contemporary 5 Bedroom Semi Detached Duplex,1000000000.0,"₦ 1,000,000,000",5.0,5.0,House,Cowrie Creek Estate Ikate Lekki Lagos,Cowrie Creek Estate Ikate,Lekki,Lagos,OUTSTANDING REAL,Big Compound; Jacuzzi; Boys Quater,09 May 2026,https://www.propertypro.ng/property/5-bedroom-house-for-sale-cowrie-creek-estate-ikate-lekki-lagos-4PNTN
3PNDD,3 Bedroom Apartment With Bq,220000000.0,"₦ 220,000,000",3.0,3.0,House,Katampe Main Abuja,Katampe,Main,Abuja,TZ ESTATE,Boys Quater; Pop Ceiling; C Of O,05 May 2026,https://www.propertypro.ng/property/3-bedroom-house-for-sale-katampe-main-abuja-3PNDD
0PMST,3 Bedroom Apartment,210000000.0,"₦ 210,000,000",3.0,3.0,House,Off Asokoro Guzape Abuja,Off Asokoro,Guzape,Abuja,TZ ESTATE,,30 Apr 2026,https://www.propertypro.ng/property/3-bedroom-house-for-sale-off-asokoro-guzape-abuja-0PMST
7PUJJ,Prime Estate Plots,66000000.0,"₦ 66,000,000",,,Land,De Genesis Court Phase 2 Ajah Badore Badore Ajah Lagos,De Genesis Court Phase 2 Ajah Badore Badore,Ajah,Lagos,DFHL,,26 Jun 2026,https://www.propertypro.ng/property/land-for-sale-de-genesis-court-phase-2-ajah-badore-badore-ajah-lagos-7PUJJ
9PLDX,Hotel,170000000.0,"₦ 170,000,000",10.0,,Commercial Property,"Ogungbade, New Ife Iwo Rd Ibadan Oyo","Ogungbade, New Ife Iwo Rd",Ibadan,Oyo,Openkeys business,,16 Apr 2026,https://www.propertypro.ng/property/10-bedroom-commercial-property-for-sale-ogungbade-new-ife-iwo-rd-ibadan-oyo-9PLDX
3PPWN,3 Bedroom Apartment,550000000.0,"₦ 550,000,000",3.0,3.0,Flat Apartment,Ikoyi Lagos,Ikoyi,Lagos,Lagos,First Colony,,19 May 2026,https://www.propertypro.ng/property/3-bedroom-flat-apartment-for-sale-ikoyi-lagos-3PPWN
7PECP,Luxury 3 Bedroom Apartment,250000000.0,"₦ 250,000,000",3.0,3.0,House,"Gilmore, Jahi Abuja","Gilmore,",Jahi,Abuja,TZ ESTATE,,21 Feb 2026,https://www.propertypro.ng/property/3-bedroom-house-for-sale-gilmore-jahi-abuja-7PECP
3PAWC,Newly Built 3 Bedroom Apartment,165000000.0,"₦ 165,000,000",3.0,3.0,House,Katampe Main Abuja,Katampe,Main,Abuja,Shedrack Luka,Big Compound; Printing Service; 24 Hours Security,23 Jan 2026,https://www.propertypro.ng/property/3-bedroom-house-for-sale-katampe-main-abuja-3PAWC
0PEGG,7 Bedroom Building With Other Compartments,550000000.0,"₦ 550,000,000",7.0,,House,Agodi Ibadan Oyo,Agodi,Ibadan,Oyo,Openkeys business,,23 Feb 2026,https://www.propertypro.ng/property/7-bedroom-house-for-sale-agodi-ibadan-oyo-0PEGG
2PUCB,3 Bedroom Terrace Duplex,93600000.0,"₦ 93,600,000",3.0,3.0,House,Idera Scheme Eleko Lagos Eleko Ibeju Lekki Lagos,Idera Scheme Eleko Lagos Eleko Ibeju,Lekki,Lagos,DFHL,,24 Jun 2026,https://www.propertypro.ng/property/3-bedroom-house-for-sale-idera-scheme-eleko-lagos-eleko-ibeju-lekki-lagos-2PUCB
8PEZC,4 Bedroom Apartment With Bq,225000000.0,"₦ 225,000,000",4.0,4.0,House,"Behind Coza, Guzape Abuja","Behind Coza,",Guzape,Abuja,Besproperties,Big Compound; 24 Hours Security; C Of O,28 Feb 2026,https://www.propertypro.ng/property/4-bedroom-house-for-sale-behind-coza-guzape-abuja-8PEZC
8PNKP,Serviced 4 Bedroom Terrace Duplex,650000000.0,"₦ 650,000,000",4.0,4.0,House,Oniru Victoria Island Lagos,Oniru Victoria,Island,Lagos,First Colony,,06 May 2026,https://www.propertypro.ng/property/4-bedroom-house-for-sale-oniru-victoria-island-lagos-8PNKP
3PBEZ,4 Bedroom Duplex With 2 Bq,800000000.0,"₦ 800,000,000",4.0,4.0,House,"Close To Nnpc, Guzape Abuja","Close To Nnpc,",Guzape,Abuja,Shedrack Luka,Big Compound; 24 Hours Security; Fast Internet,27 Jan 2026,https://www.propertypro.ng/property/4-bedroom-house-for-sale-close-to-nnpc-guzape-abuja-3PBEZ
4NQQK,Newly Built 7 Bedroom Detached Duplex,300000000.0,"₦ 300,000,000",7.0,7.0,House,Emene Enugu Enugu,Emene,Enugu,Enugu,Perfect Images,,06 Oct 2025,https://www.propertypro.ng/property/7-bedroom-house-for-sale-emene-enugu-enugu-4NQQK
1PDNQ,Newly Built 4 Bedroom Semi Detached Duplex,310000000.0,"₦ 310,000,000",4.0,5.0,House,Orchid Lekki Lagos,Orchid,Lekki,Lagos,Chrystal Abodes,24 Hours Security; Pop Ceiling; C Of O,17 Feb 2026,https://www.propertypro.ng/property/4-bedroom-house-for-sale-orchid-lekki-lagos-1PDNQ
0PNZJ,3 Bedroom Terraced Duplex,150000000.0,"₦ 150,000,000",3.0,3.0,House,Old Bodija Bodija Ibadan Oyo,Old Bodija Bodija,Ibadan,Oyo,MrMideOseni Homes,Big Compound; 24 Hours Security; Boys Quater,11 May 2026,https://www.propertypro.ng/property/3-bedroom-house-for-sale-old-bodija-bodija-ibadan-oyo-0PNZJ
9PFBP,Newly Built 1 Bedroom Bungalow With Bq,175000000.0,"₦ 175,000,000",3.0,3.0,House,Efab Verizon Karsana West Karsana Abuja,Efab Verizon Karsana West,Karsana,Abuja,Ademeso olalekan,,01 Mar 2026,https://www.propertypro.ng/property/3-bedroom-house-for-sale-efab-verizon-karsana-west-karsana-abuja-9PFBP
1PDXZ,5 Bedroom Detached Duplex With Bq,440000000.0,"₦ 440,000,000",5.0,5.0,House,Close To Nnpc Guzape Abuja,Close To Nnpc,Guzape,Abuja,Shedrack Luka,Big Compound; 24 Hours Security; Fast Internet,20 Feb 2026,https://www.propertypro.ng/property/5-bedroom-house-for-sale-close-to-nnpc-guzape-abuja-1PDXZ
5PJEP,100 Hectares Of Land,12000000.0,"₦ 12,000,000",,,Land,Okegun Along Airport Road Lekki Ikegun Ibeju Lekki Lagos,Okegun Along Airport Road Lekki Ikegun Ibeju,Lekki,Lagos,DFHL,,29 Mar 2026,https://www.propertypro.ng/property/land-for-sale-okegun-along-airport-road-lekki-ikegun-ibeju-lekki-lagos-5PJEP
6PCLG,Spacious 3 Bedroom Apartment With Bq,185000000.0,"₦ 185,000,000",3.0,3.0,House,Jahi Abuja,Jahi,Abuja,Abuja,Ademeso olalekan,,07 Feb 2026,https://www.propertypro.ng/property/3-bedroom-house-for-sale-jahi-abuja-6PCLG
8PAYC,8 Bedroom Detached Duplex With Bq,2500000000.0,"₦ 2,500,000,000",8.0,8.0,House,Close To Nnpc Estate Guzape Abuja,Close To Nnpc Estate,Guzape,Abuja,Shedrack Luka,Printing Service; Fast Internet; Pop Ceiling,23 Jan 2026,https://www.propertypro.ng/property/8-bedroom-house-for-sale-close-to-nnpc-estate-guzape-abuja-8PAYC
7PEPN,Tastefully Furnished With Modernity 4 Bedroom Duplex,300000000.0,"₦ 300,000,000",4.0,,House,"Sijuwade Jericho Gra, Jericho Ibadan Oyo","Sijuwade Jericho Gra, Jericho",Ibadan,Oyo,Openkeys business,,25 Feb 2026,https://www.propertypro.ng/property/4-bedroom-house-for-sale-sijuwade-jericho-gra-jericho-ibadan-oyo-7PEPN
4PUCR,Distress 5 Bedroom Fully Detached House With Bq,280000000.0,"₦ 280,000,000",5.0,5.0,House,Chevy View Chevron Lekki Chevron Lekki Lagos,Chevy View Chevron Lekki Chevron,Lekki,Lagos,PCL HOMES,,24 Jun 2026,https://www.propertypro.ng/property/5-bedroom-house-for-sale-chevy-view-chevron-lekki-chevron-lekki-lagos-4PUCR
5PNZM,Newly Built 4 Bedroom Semi Detached Duplex,110000000.0,"₦ 110,000,000",4.0,4.0,House,General Paint Lekki Lagos,General Paint,Lekki,Lagos,ITJ REALTOR,,11 May 2026,https://www.propertypro.ng/property/4-bedroom-house-for-sale-general-paint-lekki-lagos-5PNZM
9NRWG,Luxurious 5 Bedroom Detached Duplex,480000000.0,"₦ 480,000,000",5.0,5.0,House,Chevron Lekki Lagos,Chevron,Lekki,Lagos,Perfect Images,,17 Oct 2025,https://www.propertypro.ng/property/5-bedroom-house-for-sale-chevron-lekki-lagos-9NRWG
9PMPC,Luxurious 7 Bedroom Detached Villa With Swimming Pool,2500000000.0,"₦ 2,500,000,000",7.0,7.0,House,"Katampe Extention Diplomatic Zone, Katampe Extension Katampe Abuja","Katampe Extention Diplomatic Zone, Katampe Extension",Katampe,Abuja,Ademeso olalekan,,29 Apr 2026,https://www.propertypro.ng/property/7-bedroom-house-for-sale-katampe-extention-diplomatic-zone-katampe-extension-katampe-abuja-9PMPC
3PJRX,3 Bedroom Apartment,350000000.0,"₦ 350,000,000",3.0,3.0,Flat Apartment,Lekki Phase 1 Lekki Lagos,Lekki Phase 1,Lekki,Lagos,First Colony,,02 Apr 2026,https://www.propertypro.ng/property/3-bedroom-flat-apartment-for-sale-lekki-phase-1-lekki-lagos-3PJRX
6NRPB,Newly Built 5 Bedroom Detached Duplex With Bq,500000000.0,"₦ 500,000,000",5.0,5.0,House,Mai Mabushi Abuja,Mai,Mabushi,Abuja,Shedrack Luka,Free Wifi; Big Compound; 24 Hours Security,15 Oct 2025,https://www.propertypro.ng/property/5-bedroom-house-for-sale-mai-mabushi-abuja-6NRPB
2PPDY,5 Bedroom Detached Duplex,370000000.0,"₦ 370,000,000",5.0,5.0,House,Orchid Lekki Lagos,Orchid,Lekki,Lagos,ITJ REALTOR,,13 May 2026,https://www.propertypro.ng/property/5-bedroom-house-for-sale-orchid-lekki-lagos-2PPDY
0PJGY,2 Plots Of Land With Structure,250000000.0,"₦ 250,000,000",,,Land,Lakowe Along Lekki Expressway Lakowe Ibeju Lekki Lagos,Lakowe Along Lekki Expressway Lakowe Ibeju,Lekki,Lagos,DFHL,,30 Mar 2026,https://www.propertypro.ng/property/land-for-sale-lakowe-along-lekki-expressway-lakowe-ibeju-lekki-lagos-0PJGY
4PFJB,Luxury 5 Bedroom Detached Duplex,270000000.0,"₦ 270,000,000",5.0,5.0,House,Ikota Lekki Lagos,Ikota,Lekki,Lagos,Sunwealth real,Big Compound; 24 Hours Security; Boys Quater,03 Mar 2026,https://www.propertypro.ng/property/5-bedroom-house-for-sale-ikota-lekki-lagos-4PFJB
7PBRF,Luxurious 7 Bedroom Detached Villa With Bq,1100000000.0,"₦ 1,100,000,000",7.0,7.0,House,"Katampe Extention Diplomatic Zone, Katampe Extension Katampe Abuja","Katampe Extention Diplomatic Zone, Katampe Extension",Katampe,Abuja,Ademeso olalekan,,30 Jan 2026,https://www.propertypro.ng/property/7-bedroom-house-for-sale-katampe-extention-diplomatic-zone-katampe-extension-katampe-abuja-7PBRF
0PEZL,3 Bedroom Terraced Duplex,55000000.0,"₦ 55,000,000",3.0,3.0,House,"Kyami Opposite Custom Quarters, Idu Abuja","Kyami Opposite Custom Quarters,",Idu,Abuja,Besproperties,Big Compound; Boys Quater; Security,28 Feb 2026,https://www.propertypro.ng/property/3-bedroom-house-for-sale-kyami-opposite-custom-quarters-idu-abuja-0PEZL
8PGTD,Contemporary 4 Bedroom Fully Detached Duplex,300000000.0,"₦ 300,000,000",4.0,4.0,House,Ikota Lekki Lagos,Ikota,Lekki,Lagos,OUTSTANDING REAL,,15 Mar 2026,https://www.propertypro.ng/property/4-bedroom-house-for-sale-ikota-lekki-lagos-8PGTD
3PJZX,Studio Apartment,14000000.0,"₦ 14,000,000",1.0,1.0,Flat Apartment,By Lead City University Ibadan Oyo,By Lead City University,Ibadan,Oyo,Besproperties,24 Hours Security; Pop Ceiling; Mosques Nearby,06 Apr 2026,https://www.propertypro.ng/property/1-bedroom-flat-apartment-for-sale-by-lead-city-university-ibadan-oyo-3PJZX
9PJCR,4 Bedroom Terraced Duplex,150000000.0,"₦ 150,000,000",4.0,5.0,House,Orchid Lekki Lagos,Orchid,Lekki,Lagos,Chrystal Abodes,Big Compound; 24 Hours Security; Pop Ceiling,28 Mar 2026,https://www.propertypro.ng/property/4-bedroom-house-for-sale-orchid-lekki-lagos-9PJCR
7PLFC,4 Bedroom Semi Detached Duplex,250000000.0,"₦ 250,000,000",4.0,4.0,House,Ologolo Lekki Lagos,Ologolo,Lekki,Lagos,OUTSTANDING REAL,,16 Apr 2026,https://www.propertypro.ng/property/4-bedroom-house-for-sale-ologolo-lekki-lagos-7PLFC
0NNXJ,37 Shops,3500000000.0,"₦ 3,500,000,000",,,Commercial Property,Zone 1 Wuse 1 Abuja,Zone 1 Wuse,1,Abuja,Shedrack Luka,Big Compound; 24 Hours Security; Fast Internet,19 Sep 2025,https://www.propertypro.ng/property/commercial-property-for-sale-zone-1-wuse-1-abuja-0NNXJ
4PJCB,Serviced 4 Bedroom Terrace Duplex With Bq,550000000.0,"₦ 550,000,000",4.0,4.0,House,Lekki Phase 1 Lekki Lagos,Lekki Phase 1,Lekki,Lagos,OUTSTANDING REAL,,27 Mar 2026,https://www.propertypro.ng/property/4-bedroom-house-for-sale-lekki-phase-1-lekki-lagos-4PJCB
5PFNP,3 Bedroom Apartment +bq,205000000.0,"₦ 205,000,000",3.0,3.0,House,Maryland Ikeja Maryland Lagos,Maryland Ikeja,Maryland,Lagos,Besproperties,Big Compound; Pop Ceiling; Mosques Nearby,04 Mar 2026,https://www.propertypro.ng/property/3-bedroom-house-for-sale-maryland-ikeja-maryland-lagos-5PFNP
3PTSW,Newly Built Two Bedroom Apartment Serviced,100000000.0,"₦ 100,000,000",2.0,2.0,Flat Apartment,Harris Drive Vgc Lekki Vgc Lekki Lagos,Harris Drive Vgc Lekki Vgc,Lekki,Lagos,PCL HOMES,,21 Jun 2026,https://www.propertypro.ng/property/2-bedroom-flat-apartment-for-sale-harris-drive-vgc-lekki-vgc-lekki-lagos-3PTSW
3PLAJ,5 Bedroom Detached Penthouse With A Cinema Room And Bq,420000000.0,"₦ 420,000,000",5.0,5.0,House,Engr Lere Adigun Gra Basorun Ibadan Oyo,Engr Lere Adigun Gra Basorun,Ibadan,Oyo,MrMideOseni Homes,Big Compound; Jacuzzi; 24 Hours Security,15 Apr 2026,https://www.propertypro.ng/property/5-bedroom-house-for-sale-engr-lere-adigun-gra-basorun-ibadan-oyo-3PLAJ
9PHRM,3 Bedroom Bungalow,43000000.0,"₦ 43,000,000",3.0,,House,"Asaju, Elewuro Akobo Ibadan Oyo","Asaju, Elewuro Akobo",Ibadan,Oyo,Openkeys business,,24 Mar 2026,https://www.propertypro.ng/property/3-bedroom-house-for-sale-asaju-elewuro-akobo-ibadan-oyo-9PHRM
5PLQF,4 Bedroom Terrace Duplex In An Estate,140000000.0,"₦ 140,000,000",4.0,4.0,House,Ikota Lekki Lagos,Ikota,Lekki,Lagos,OUTSTANDING REAL,,20 Apr 2026,https://www.propertypro.ng/property/4-bedroom-house-for-sale-ikota-lekki-lagos-5PLQF
9PFAJ,Luxury 5 Bedroom Fully Detached Duplex,2300000000.0,"₦ 2,300,000,000",5.0,5.0,House,"Cowrie Creek Estate, Ikate Lekki Lagos","Cowrie Creek Estate, Ikate",Lekki,Lagos,Sunwealth real,,28 Feb 2026,https://www.propertypro.ng/property/5-bedroom-house-for-sale-cowrie-creek-estate-ikate-lekki-lagos-9PFAJ
6PJSW,5 Bedroom Detached Duplex,350000000.0,"₦ 350,000,000",5.0,5.0,House,Idado Lekki Lagos,Idado,Lekki,Lagos,Sunwealth real,,02 Apr 2026,https://www.propertypro.ng/property/5-bedroom-house-for-sale-idado-lekki-lagos-6PJSW
6NTMZ,Distress Pre Finished 3 Bedroom Apartment With Bq,85000000.0,"₦ 85,000,000",3.0,3.0,House,"Close To Bannex Bridge, Katampe Main Abuja","Close To Bannex Bridge, Katampe",Main,Abuja,Shedrack Luka,Free Wifi; Big Compound; 24 Hours Security,03 Nov 2025,https://www.propertypro.ng/property/3-bedroom-house-for-sale-close-to-bannex-bridge-katampe-main-abuja-6NTMZ
5PCHC,5 Bedroom Penthouse Duplex With Kitchenette Bq,500000000.0,"₦ 500,000,000",5.0,4.0,House,Agodi Gra Ibadan Oyo,Agodi Gra,Ibadan,Oyo,MrMideOseni Homes,Newly Built; Only on PropertyPro,06 Feb 2026,https://www.propertypro.ng/property/5-bedroom-house-for-sale-agodi-gra-ibadan-oyo-5PCHC
2PHEX,Contemporary 2 Bedroom Flat,240000000.0,"₦ 240,000,000",2.0,2.0,House,Lekki Phase 1 Lekki Lagos,Lekki Phase 1,Lekki,Lagos,OUTSTANDING REAL,,19 Mar 2026,https://www.propertypro.ng/property/2-bedroom-house-for-sale-lekki-phase-1-lekki-lagos-2PHEX
0PHVS,Warehouse,2200000000.0,"₦ 2,200,000,000",,,Commercial Property,Cardoso Apapa Road Apapa Lagos,Cardoso Apapa Road,Apapa,Lagos,Openkeys business,,25 Mar 2026,https://www.propertypro.ng/property/commercial-property-for-sale-cardoso-apapa-road-apapa-lagos-0PHVS
2PNZW,2 Bedroom Apartment,300000000.0,"₦ 300,000,000",2.0,2.0,House,Lekki Phase 1 Lekki Lagos,Lekki Phase 1,Lekki,Lagos,ITJ REALTOR,,11 May 2026,https://www.propertypro.ng/property/2-bedroom-house-for-sale-lekki-phase-1-lekki-lagos-2PNZW
6PNDD,4 Bedroom Detached Duplex With Bq,200000000.0,"₦ 200,000,000",4.0,4.0,House,Durunmi Near Firs Durumi Abuja,Durunmi Near Firs,Durumi,Abuja,TZ ESTATE,,05 May 2026,https://www.propertypro.ng/property/4-bedroom-house-for-sale-durunmi-near-firs-durumi-abuja-6PNDD
7PNZF,Newly Built Detached 4 Bedroom Penthouse With A Bq,350000000.0,"₦ 350,000,000",4.0,5.0,House,Old Bodija Bodija Ibadan Oyo,Old Bodija Bodija,Ibadan,Oyo,MrMideOseni Homes,Big Compound; 24 Hours Security; Pop Ceiling,11 May 2026,https://www.propertypro.ng/property/4-bedroom-house-for-sale-old-bodija-bodija-ibadan-oyo-7PNZF
3PRWC,Newly Built Four Bedroom Detached House With Bq,700000000.0,"₦ 700,000,000",4.0,4.0,House,Lekki Lagos Lekki Phase 1 Lekki Lagos,Lekki Lagos Lekki Phase 1,Lekki,Lagos,PCL HOMES,,05 Jun 2026,https://www.propertypro.ng/property/4-bedroom-house-for-sale-lekki-lagos-lekki-phase-1-lekki-lagos-3PRWC
6PHZK,2 Bedroom Apartment,330000000.0,"₦ 330,000,000",2.0,2.0,House,Oniru Victoria Island Lagos,Oniru Victoria,Island,Lagos,DFHL,,26 Mar 2026,https://www.propertypro.ng/property/2-bedroom-house-for-sale-oniru-victoria-island-lagos-6PHZK
7PPTD,Land,210000000.0,"₦ 210,000,000",,,Land,Sangotedo Ajah Lagos,Sangotedo,Ajah,Lagos,GUDNESS REALITY,Survey,18 May 2026,https://www.propertypro.ng/property/land-for-sale-sangotedo-ajah-lagos-7PPTD
3PJQD,Luxury 5 Bedroom Fully Detached Duplex,380000000.0,"₦ 380,000,000",5.0,5.0,House,Ikota Lekki Lagos,Ikota,Lekki,Lagos,OUTSTANDING REAL,,01 Apr 2026,https://www.propertypro.ng/property/5-bedroom-house-for-sale-ikota-lekki-lagos-3PJQD
2PLXF,4 Bedroom Semi Detached Duplex With Bq,140000000.0,"₦ 140,000,000",4.0,4.0,House,Ado Road Ajah Lagos,Ado Road,Ajah,Lagos,OUTSTANDING REAL,,22 Apr 2026,https://www.propertypro.ng/property/4-bedroom-house-for-sale-ado-road-ajah-lagos-2PLXF
0PRTD,Fully Serviced 2 Bedroom Apartment,135000000.0,"₦ 135,000,000",2.0,2.0,Flat Apartment,New Road Lekki Lagos Chevron Lekki Lagos,New Road Lekki Lagos Chevron,Lekki,Lagos,OUTSTANDING REAL,Big Compound; 24 Hours Security; Swimming Pool,04 Jun 2026,https://www.propertypro.ng/property/2-bedroom-flat-apartment-for-sale-new-road-lekki-lagos-chevron-lekki-lagos-0PRTD
8PNLP,5 Bedroom Detatched Duplex With Bq,800000000.0,"₦ 800,000,000",5.0,5.0,House,Lekki Phase 1 Lekki Lagos,Lekki Phase 1,Lekki,Lagos,Sanrealtor,,07 May 2026,https://www.propertypro.ng/property/5-bedroom-house-for-sale-lekki-phase-1-lekki-lagos-8PNLP
1PLXV,Serviced 2 Bedroom Apartment,135000000.0,"₦ 135,000,000",2.0,2.0,Flat Apartment,Ikate Lekki Lagos,Ikate,Lekki,Lagos,OUTSTANDING REAL,,23 Apr 2026,https://www.propertypro.ng/property/2-bedroom-flat-apartment-for-sale-ikate-lekki-lagos-1PLXV
9PHTG,Land,1400000000.0,"₦ 1,400,000,000",,,Land,A Street Nicon Town Estate Lekki Lagos Nicon Town Lekki Lagos,A Street Nicon Town Estate Lekki Lagos Nicon Town,Lekki,Lagos,DFHL,C Of O,25 Mar 2026,https://www.propertypro.ng/property/land-for-sale-a-street-nicon-town-estate-lekki-lagos-nicon-town-lekki-lagos-9PHTG
9PPBH,5 Bedroom Detached Duplex With 2 Bq,1500000000.0,"₦ 1,500,000,000",5.0,5.0,House,Lekki Phase 1 Lekki Lagos,Lekki Phase 1,Lekki,Lagos,ITJ REALTOR,,12 May 2026,https://www.propertypro.ng/property/5-bedroom-house-for-sale-lekki-phase-1-lekki-lagos-9PPBH
3PNQN,Commercial Property,15000000.0,"₦ 15,000,000",,,Commercial Property,Bashorun Market Ibadan North Oyo,Bashorun Market Ibadan,North,Oyo,Poly property,24 Hours Security; Fast Internet; Security,08 May 2026,https://www.propertypro.ng/property/commercial-property-for-sale-bashorun-market-ibadan-north-oyo-3PNQN
5PSJF,4 Bedroom Semi Detached Duplex With Bq,175000000.0,"₦ 175,000,000",4.0,4.0,House,Ikota Lekki Lagos,Ikota,Lekki,Lagos,GUDNESS REALITY,,10 Jun 2026,https://www.propertypro.ng/property/4-bedroom-house-for-sale-ikota-lekki-lagos-5PSJF
9PCND,4 Bedroom Detached Duplex With Bq,200000000.0,"₦ 200,000,000",4.0,4.0,House,"New Bodija Gra, Bodija Ibadan Oyo","New Bodija Gra, Bodija",Ibadan,Oyo,MrMideOseni Homes,Big Compound,08 Feb 2026,https://www.propertypro.ng/property/4-bedroom-house-for-sale-new-bodija-gra-bodija-ibadan-oyo-9PCND
2PMSL,5 Bedroom Fully Detached Duplex,430000000.0,"₦ 430,000,000",5.0,5.0,House,Ikota Lekki Lagos,Ikota,Lekki,Lagos,OUTSTANDING REAL,Big Compound; 24 Hours Security; Fast Internet,30 Apr 2026,https://www.propertypro.ng/property/5-bedroom-house-for-sale-ikota-lekki-lagos-2PMSL
9PNZH,2 Bedroom Apartment With Pool,280000000.0,"₦ 280,000,000",2.0,2.0,Flat Apartment,Lekki Phase 1 Lekki Lagos,Lekki Phase 1,Lekki,Lagos,Sanrealtor,,11 May 2026,https://www.propertypro.ng/property/2-bedroom-flat-apartment-for-sale-lekki-phase-1-lekki-lagos-9PNZH
7PMSC,3 Bedroom Bungalow,160000000.0,"₦ 160,000,000",3.0,3.0,House,Dabo Estate Life Camp Abuja,Dabo Estate Life,Camp,Abuja,TZ ESTATE,,30 Apr 2026,https://www.propertypro.ng/property/3-bedroom-house-for-sale-dabo-estate-life-camp-abuja-7PMSC
4PNFV,Land Measuring 500sqm,60000000.0,"₦ 60,000,000",5.0,5.0,Land,"Marlargo Estate,opposite Kubwa Nnpc Karsana Abuja","Marlargo Estate,opposite Kubwa Nnpc",Karsana,Abuja,TZ ESTATE,,06 May 2026,https://www.propertypro.ng/property/5-bedroom-land-for-sale-marlargo-estateopposite-kubwa-nnpc-karsana-abuja-4PNFV
2PFKA,3 Bedroom Apartment,102199875.0,"₦ 102,199,875",3.0,3.0,House,"Airport Road, Lugbe Abuja","Airport Road,",Lugbe,Abuja,Besproperties,24 Hours Security; C Of O; Swimming Pool,03 Mar 2026,https://www.propertypro.ng/property/3-bedroom-house-for-sale-airport-road-lugbe-abuja-2PFKA
7PEGW,4 Bedroom Bungalow,110000000.0,"₦ 110,000,000",4.0,,House,"Baba Agba Area, Eleyele Ido Road Ibadan Oyo","Baba Agba Area, Eleyele Ido Road",Ibadan,Oyo,Openkeys business,,23 Feb 2026,https://www.propertypro.ng/property/4-bedroom-house-for-sale-baba-agba-area-eleyele-ido-road-ibadan-oyo-7PEGW
6PKHN,Distress Sale Of Residential Land 1500sqm Fcda,750000000.0,"₦ 750,000,000",,,Land,Close To Nnpc Guzape Abuja,Close To Nnpc,Guzape,Abuja,Shedrack Luka,Free Wifi; 24 Hours Security; C Of O,09 Apr 2026,https://www.propertypro.ng/property/land-for-sale-close-to-nnpc-guzape-abuja-6PKHN
6NXQJ,Furnished & Serviced 3bed..,650000000.0,"₦ 650,000,000",3.0,4.0,Flat / Apartment,Ikeja Gra Ikeja Lagos,Ikeja Gra,Ikeja,Lagos,Dollyrealty,Newly Built; Furnished; Serviced; Only on PropertyPro,16 Dec 2025,https://www.propertypro.ng/property/3-bedroom-flat-apartment-for-sale-ikeja-gra-ikeja-lagos-6NXQJ
1NYVE,4 Bedroom Terrace Duplex,230000000.0,"₦ 230,000,000",4.0,4.0,House,Close To Stella Marris School Life Camp Abuja,Close To Stella Marris School Life,Camp,Abuja,Shedrack Luka,Big Compound; 24 Hours Security; Fast Internet,04 Jan 2026,https://www.propertypro.ng/property/4-bedroom-house-for-sale-close-to-stella-marris-school-life-camp-abuja-1NYVE
8NLDU,3 Bedroom Apartment,1200000000.0,"₦ 1,200,000,000",3.0,3.0,Flat Apartment,Old Ikoyi Ikoyi Lagos,Old Ikoyi,Ikoyi,Lagos,First Colony,,26 Aug 2025,https://www.propertypro.ng/property/3-bedroom-flat-apartment-for-sale-old-ikoyi-ikoyi-lagos-8NLDU
6NLXX,4 Bedroom Apartment,5900000000.0,"₦ 5,900,000,000",4.0,4.0,Flat Apartment,Old Ikoyi Ikoyi Lagos,Old Ikoyi,Ikoyi,Lagos,First Colony,,01 Sep 2025,https://www.propertypro.ng/property/4-bedroom-flat-apartment-for-sale-old-ikoyi-ikoyi-lagos-6NLXX
1PPYD,Newly Built 4 Bedroom Pent Floor Maisonette,3000000000.0,"₦ 3,000,000,000",4.0,4.0,Flat Apartment,Ikoyi Lagos,Ikoyi,Lagos,Lagos,First Colony,,20 May 2026,https://www.propertypro.ng/property/4-bedroom-flat-apartment-for-sale-ikoyi-lagos-1PPYD
1PSNQ,"930sqm Fenced Land Located Off Road 3, Vgc Estate",480000000.0,"₦ 480,000,000",,,Land,Vgc Lekki Lagos,Vgc,Lekki,Lagos,First Colony,,11 Jun 2026,https://www.propertypro.ng/property/land-for-sale-vgc-lekki-lagos-1PSNQ
9PKAD,7 Acres Of Farmland,75000000.0,"₦ 75,000,000",,,Land,Lalupon Ejioku Lagelu Oyo,Lalupon Ejioku,Lagelu,Oyo,Openkeys business,,06 Apr 2026,https://www.propertypro.ng/property/land-for-sale-lalupon-ejioku-lagelu-oyo-9PKAD
6PJWA,5 Bedroom Detached Home,1800000000.0,"₦ 1,800,000,000",5.0,5.0,House,Osapa London Lekki Lagos,Osapa London,Lekki,Lagos,First Colony,,03 Apr 2026,https://www.propertypro.ng/property/5-bedroom-house-for-sale-osapa-london-lekki-lagos-6PJWA
6PNYL,5 Bedroom Detached Duplex,1400000000.0,"₦ 1,400,000,000",5.0,5.0,House,Lekki Phase 1 Lekki Lagos,Lekki Phase 1,Lekki,Lagos,ITJ REALTOR,,11 May 2026,https://www.propertypro.ng/property/5-bedroom-house-for-sale-lekki-phase-1-lekki-lagos-6PNYL
5PNZU,Newly Built 3 Bedroom Terrace Duplex,110000000.0,"₦ 110,000,000",3.0,3.0,House,General Paint Lekki Lagos,General Paint,Lekki,Lagos,ITJ REALTOR,,11 May 2026,https://www.propertypro.ng/property/3-bedroom-house-for-sale-general-paint-lekki-lagos-5PNZU
9PNZW,3 Bedroom Semi Detached Duplex,600000000.0,"₦ 600,000,000",3.0,3.0,House,Lekki Phase 1 Lekki Lagos,Lekki Phase 1,Lekki,Lagos,ITJ REALTOR,,11 May 2026,https://www.propertypro.ng/property/3-bedroom-house-for-sale-lekki-phase-1-lekki-lagos-9PNZW
5PDXG,5 Bedroom Fully Detached Duplex,680000000.0,"₦ 680,000,000",5.0,6.0,House,Chevron Toll Gate Lekki Lagos,Chevron Toll Gate,Lekki,Lagos,Chrystal Abodes,Big Compound; Printing Service; 24 Hours Security,19 Feb 2026,https://www.propertypro.ng/property/5-bedroom-house-for-sale-chevron-toll-gate-lekki-lagos-5PDXG
8NXEW,8 Units 3 Bedroom Block Of Flats,1600000.0,"₦ 1,600,000",3.0,,House,Zone 4 Zone 4 Wuse 1 Abuja,Zone 4 Zone 4 Wuse,1,Abuja,Shedrack Luka,Free Wifi; Big Compound; 24 Hours Security,11 Dec 2025,https://www.propertypro.ng/property/house-for-sale-zone-4-zone-4-wuse-1-abuja-8NXEW
8PNPS,4 Bedroom Detached Duplex With Bq,190000000.0,"₦ 190,000,000",4.0,4.0,House,Ajah Lagos,Ajah,Lagos,Lagos,Sanrealtor,,08 May 2026,https://www.propertypro.ng/property/4-bedroom-house-for-sale-ajah-lagos-8PNPS
7PPJC,Brand New 4 Bedroom Terrace Duplex,120000000.0,"₦ 120,000,000",4.0,4.0,House,Orchid Road Chevron Lekki Lagos,Orchid Road Chevron,Lekki,Lagos,OUTSTANDING REAL,Big Compound; Security; All Room Ensuit,14 May 2026,https://www.propertypro.ng/property/4-bedroom-house-for-sale-orchid-road-chevron-lekki-lagos-7PPJC
9PPFP,5 Bedroom Detached Duplex,450000000.0,"₦ 450,000,000",5.0,5.0,House,Ikota Lekki Lagos,Ikota,Lekki,Lagos,ITJ REALTOR,,13 May 2026,https://www.propertypro.ng/property/5-bedroom-house-for-sale-ikota-lekki-lagos-9PPFP
2PFSX,5 Bedroom Detached Duplex,600000000.0,"₦ 600,000,000",5.0,5.0,House,Chevron Toll Gate Lekki Lagos,Chevron Toll Gate,Lekki,Lagos,Sunwealth real,Big Compound; 24 Hours Security; Boys Quater,06 Mar 2026,https://www.propertypro.ng/property/5-bedroom-house-for-sale-chevron-toll-gate-lekki-lagos-2PFSX
8PNFG,Luxury 5 Bedroom Detatched Duplex With Bq,600000000.0,"₦ 600,000,000",5.0,5.0,House,Osapa London Lekki Lagos,Osapa London,Lekki,Lagos,Sanrealtor,,05 May 2026,https://www.propertypro.ng/property/5-bedroom-house-for-sale-osapa-london-lekki-lagos-8PNFG
3PNXL,4 Bedroom Semi Detached Duplex With Bq,230000000.0,"₦ 230,000,000",4.0,4.0,House,Ikota Lekki Lagos,Ikota,Lekki,Lagos,Sanrealtor,,11 May 2026,https://www.propertypro.ng/property/4-bedroom-house-for-sale-ikota-lekki-lagos-3PNXL
4PEVV,4 Bedroom Fully Detached Duplex With Bq,400000.0,"₦ 400,000",4.0,4.0,House,Close To Zarche Wuye Abuja,Close To Zarche,Wuye,Abuja,Shedrack Luka,Big Compound; 24 Hours Security; Pop Ceiling,27 Feb 2026,https://www.propertypro.ng/property/4-bedroom-house-for-sale-close-to-zarche-wuye-abuja-4PEVV
4PECP,2 Bedroom Apartment,180000000.0,"₦ 180,000,000",2.0,2.0,House,"Gilmore, Jahi Abuja","Gilmore,",Jahi,Abuja,TZ ESTATE,,21 Feb 2026,https://www.propertypro.ng/property/2-bedroom-house-for-sale-gilmore-jahi-abuja-4PECP
0PDPE,Newly Built 4 Bedroom Terrace Duplex With Bq,150000000.0,"₦ 150,000,000",4.0,4.0,House,Gwarinpa Abuja,Gwarinpa,Abuja,Abuja,Ademeso olalekan,,17 Feb 2026,https://www.propertypro.ng/property/4-bedroom-house-for-sale-gwarinpa-abuja-0PDPE
3PNQK,Beautiful 5 Bedroom Detached Duplex With Bq,320000000.0,"₦ 320,000,000",5.0,5.0,House,Efab Metropolis Gwarimpa Extension Karsana South Karsana Abuja,Efab Metropolis Gwarimpa Extension Karsana South,Karsana,Abuja,Ademeso olalekan,,08 May 2026,https://www.propertypro.ng/property/5-bedroom-house-for-sale-efab-metropolis-gwarimpa-extension-karsana-south-karsana-abuja-3PNQK
7PFEH,4 Bedroom Terrace Duplex,330000000.0,"₦ 330,000,000",4.0,4.0,House,Ikate Lekki Lagos,Ikate,Lekki,Lagos,Sunwealth real,Big Compound; 24 Hours Security; Boys Quater,02 Mar 2026,https://www.propertypro.ng/property/4-bedroom-house-for-sale-ikate-lekki-lagos-7PFEH
5PKUT,Serviced 1 Bedroom Apartment,250000000.0,"₦ 250,000,000",1.0,1.0,Flat Apartment,Lekki Phase 1 Lekki Lagos,Lekki Phase 1,Lekki,Lagos,OUTSTANDING REAL,,13 Apr 2026,https://www.propertypro.ng/property/1-bedroom-flat-apartment-for-sale-lekki-phase-1-lekki-lagos-5PKUT
7PNGQ,4 Bedroom Semi Detached Duplex,650000000.0,"₦ 650,000,000",4.0,,House,Ahmadu Bello Way Victoria Island Lagos,Ahmadu Bello Way Victoria,Island,Lagos,-,,06 May 2026,https://www.propertypro.ng/property/4-bedroom-house-for-sale-ahmadu-bello-way-victoria-island-lagos-7PNGQ
1PKJJ,460sqm Parcel Of Land,65000000.0,"₦ 65,000,000",,,Land,Federal Housing Est Ikolaba Ibadan Oyo,Federal Housing Est Ikolaba,Ibadan,Oyo,Openkeys business,,09 Apr 2026,https://www.propertypro.ng/property/land-for-sale-federal-housing-est-ikolaba-ibadan-oyo-1PKJJ
2PNHW,Newly Built 3 Bedroom Terrace Duplex,90000000.0,"₦ 90,000,000",3.0,,House,1st Roundabout Lekki Lagos,1st Roundabout,Lekki,Lagos,-,,06 May 2026,https://www.propertypro.ng/property/3-bedroom-house-for-sale-1st-roundabout-lekki-lagos-2PNHW
9PKBK,3 Bedroom Terraced Duplex + Bq,90000000.0,"₦ 90,000,000",3.0,3.0,House,Idera Scheme Ibeju Lekki Lagos,Idera Scheme Ibeju,Lekki,Lagos,Besproperties,24 Hours Security; Pop Ceiling; C Of O,06 Apr 2026,https://www.propertypro.ng/property/3-bedroom-house-for-sale-idera-scheme-ibeju-lekki-lagos-9PKBK
4PNTF,4 Bedroom Terrace Duplex With Bq,870000000.0,"₦ 870,000,000",4.0,4.0,House,Victoria Island Lagos,Victoria,Island,Lagos,Sanrealtor,,09 May 2026,https://www.propertypro.ng/property/4-bedroom-house-for-sale-victoria-island-lagos-4PNTF
1PHNG,Luxury 4 Bedroom Semi Detached Duplex,160000000.0,"₦ 160,000,000",4.0,4.0,House,Ajah Lagos,Ajah,Lagos,Lagos,Sunwealth real,Big Compound; 24 Hours Security; Boys Quater,23 Mar 2026,https://www.propertypro.ng/property/4-bedroom-house-for-sale-ajah-lagos-1PHNG
6PJZH,3 Bedroom Terraced Duplex,150000000.0,"₦ 150,000,000",3.0,3.0,House,"Abraham Adesanya, Ajah Lagos","Abraham Adesanya,",Ajah,Lagos,Besproperties,Big Compound; 24 Hours Security; Pop Ceiling,05 Apr 2026,https://www.propertypro.ng/property/3-bedroom-house-for-sale-abraham-adesanya-ajah-lagos-6PJZH
1PQNM,4 Bedroom Fully Detached Duplex + Bq Swimming Pool,300000000.0,"₦ 300,000,000",4.0,4.0,House,Thomas Estate Ajah Lagos,Thomas Estate,Ajah,Lagos,Tugaris Realtor,Only on PropertyPro,25 May 2026,https://www.propertypro.ng/property/4-bedroom-house-for-sale-thomas-estate-ajah-lagos-1PQNM
1PDJW,3 Bedroom Duplex,175000000.0,"₦ 175,000,000",3.0,3.0,House,"Chief Lateef Oyelade, Ringroad Gra, Ring Rd Ibadan Oyo","Chief Lateef Oyelade, Ringroad Gra, Ring Rd",Ibadan,Oyo,Poly property,Big Compound; Fast Internet; Security,16 Feb 2026,https://www.propertypro.ng/property/3-bedroom-house-for-sale-chief-lateef-oyelade-ringroad-gra-ring-rd-ibadan-oyo-1PDJW
2PLMB,6 Bedroom Detached Duplex,370000000.0,"₦ 370,000,000",6.0,6.0,House,In An Estate Gwarimpa Extension Karsana Abuja,In An Estate Gwarimpa Extension,Karsana,Abuja,Ademeso olalekan,,19 Apr 2026,https://www.propertypro.ng/property/6-bedroom-house-for-sale-in-an-estate-gwarimpa-extension-karsana-abuja-2PLMB
7PNUK,4 Bedroom Fully Detached Duplex,250000000.0,"₦ 250,000,000",4.0,5.0,House,Orchid Lekki Lagos,Orchid,Lekki,Lagos,Chrystal Abodes,,09 May 2026,https://www.propertypro.ng/property/4-bedroom-house-for-sale-orchid-lekki-lagos-7PNUK
2PHVN,Land,850000000.0,"₦ 850,000,000",,,Land,Western Avenue Surulere Lagos,Western Avenue,Surulere,Lagos,Openkeys business,,25 Mar 2026,https://www.propertypro.ng/property/land-for-sale-western-avenue-surulere-lagos-2PHVN
3PHVJ,Commercial Land,270000000.0,"₦ 270,000,000",,,Land,"St Louis Grammar School, Mokola Ibadan North West Ibadan Oyo","St Louis Grammar School, Mokola Ibadan North West",Ibadan,Oyo,Openkeys business,,25 Mar 2026,https://www.propertypro.ng/property/land-for-sale-st-louis-grammar-school-mokola-ibadan-north-west-ibadan-oyo-3PHVJ
5PSWL,5bed,1100000000.0,"₦ 1,100,000,000",5.0,5.0,House,Osapa London Lekki Lagos,Osapa London,Lekki,Lagos,New adventures,,15 Jun 2026,https://www.propertypro.ng/property/5-bedroom-house-for-sale-osapa-london-lekki-lagos-5PSWL
0PRWT,4 Bedroom Semi Detached Duplex With Bq,220000000.0,"₦ 220,000,000",4.0,4.0,House,Osapa Osapa London Lekki Lagos,Osapa Osapa London,Lekki,Lagos,OUTSTANDING REAL,,05 Jun 2026,https://www.propertypro.ng/property/4-bedroom-house-for-sale-osapa-osapa-london-lekki-lagos-0PRWT
4PEZD,4 Bedroom Terraced Duplex,95000000.0,"₦ 95,000,000",4.0,4.0,House,"By The Turkish Hospital, Mbora (nbora) Abuja","By The Turkish Hospital, Mbora",(nbora),Abuja,Besproperties,Big Compound; 24 Hours Security; Security,28 Feb 2026,https://www.propertypro.ng/property/4-bedroom-house-for-sale-by-the-turkish-hospital-mbora-nbora-abuja-4PEZD
2PEZF,2 Bedroom Apartment,50000000.0,"₦ 50,000,000",2.0,2.0,House,"Dape, Life Camp Abuja","Dape, Life",Camp,Abuja,Besproperties,Big Compound; Supermarket Nearby; Mosques Nearby,28 Feb 2026,https://www.propertypro.ng/property/2-bedroom-house-for-sale-dape-life-camp-abuja-2PEZF
2NPPG,2 Acres Of Industrial Land,200000000.0,"₦ 200,000,000",,,Land,Opposite British American Tobacco Ibadan Oyo,Opposite British American Tobacco,Ibadan,Oyo,Openkeys business,Only on PropertyPro,26 Sep 2025,https://www.propertypro.ng/property/land-for-sale-opposite-british-american-tobacco-ibadan-oyo-2NPPG
8PEZF,3 Bedroom Apartment,65000000.0,"₦ 65,000,000",3.0,3.0,House,Dape Abuja,Dape,Abuja,Abuja,Besproperties,Big Compound; Security; C Of O,28 Feb 2026,https://www.propertypro.ng/property/3-bedroom-house-for-sale-dape-abuja-8PEZF
0PFKA,150sqm Estate Land,11664000.0,"₦ 11,664,000",3.0,3.0,Land,"Airport Road, Before Centenary City, Lugbe Abuja","Airport Road, Before Centenary City,",Lugbe,Abuja,Besproperties,24 Hours Security; C Of O; Swimming Pool,03 Mar 2026,https://www.propertypro.ng/property/3-bedroom-land-for-sale-airport-road-before-centenary-city-lugbe-abuja-0PFKA
3PFKG,450sqm Estate Land,17952500.0,"₦ 17,952,500",,,Land,"Airport Road Before Centenary City, Lugbe Abuja","Airport Road Before Centenary City,",Lugbe,Abuja,Besproperties,24 Hours Security; Swimming Pool; Mosques Nearby,03 Mar 2026,https://www.propertypro.ng/property/land-for-sale-airport-road-before-centenary-city-lugbe-abuja-3PFKG
3PFJE,Luxury 5 Bedroom Detached Duplex,750000000.0,"₦ 750,000,000",5.0,5.0,House,Ikate Lekki Lagos,Ikate,Lekki,Lagos,Sunwealth real,Big Compound; 24 Hours Security; Boys Quater,03 Mar 2026,https://www.propertypro.ng/property/5-bedroom-house-for-sale-ikate-lekki-lagos-3PFJE
8PFHW,Premium Fully Furnished 3 Bedroom Penthouse,480000000.0,"₦ 480,000,000",3.0,3.0,Flat Apartment,Lekki Phase 1 Lekki Lagos,Lekki Phase 1,Lekki,Lagos,Sunwealth real,24 Hours Security; Security; Pop Ceiling,03 Mar 2026,https://www.propertypro.ng/property/3-bedroom-flat-apartment-for-sale-lekki-phase-1-lekki-lagos-8PFHW
1PNGG,Luxury 5 Bedroom Detatched Duplex With Bq,275000000.0,"₦ 275,000,000",5.0,5.0,House,Ikota Lekki Lagos,Ikota,Lekki,Lagos,Sanrealtor,,06 May 2026,https://www.propertypro.ng/property/5-bedroom-house-for-sale-ikota-lekki-lagos-1PNGG
7PNLM,6 Bedroom Detatched Duplex With Bq,1600000000.0,"₦ 1,600,000,000",6.0,6.0,House,Ikate Lekki Lagos,Ikate,Lekki,Lagos,Sanrealtor,,07 May 2026,https://www.propertypro.ng/property/6-bedroom-house-for-sale-ikate-lekki-lagos-7PNLM
9PNLN,4 Bedroom Terrace Duplex With Bq,600000000.0,"₦ 600,000,000",4.0,4.0,House,Lekki Phase 1 Lekki Lagos,Lekki Phase 1,Lekki,Lagos,Sanrealtor,,07 May 2026,https://www.propertypro.ng/property/4-bedroom-house-for-sale-lekki-phase-1-lekki-lagos-9PNLN
5PNLR,Newly Built 5 Bedroom Detatched Duplex With Bq,200000000.0,"₦ 200,000,000",5.0,5.0,House,Abraham Adesanya Estate Ajah Lagos,Abraham Adesanya Estate,Ajah,Lagos,Sanrealtor,,07 May 2026,https://www.propertypro.ng/property/5-bedroom-house-for-sale-abraham-adesanya-estate-ajah-lagos-5PNLR
3PNLS,Newly Built 2 Bedroom Apartment,95000000.0,"₦ 95,000,000",2.0,2.0,Flat Apartment,Abraham Adesanya Estate Ajah Lagos,Abraham Adesanya Estate,Ajah,Lagos,Sanrealtor,,07 May 2026,https://www.propertypro.ng/property/2-bedroom-flat-apartment-for-sale-abraham-adesanya-estate-ajah-lagos-3PNLS
8PPBG,Newly Built 4 Bedroom Detached Duplex With Bq,245000000.0,"₦ 245,000,000",4.0,4.0,House,Fagba Agege Lagos,Fagba,Agege,Lagos,Sanrealtor,,12 May 2026,https://www.propertypro.ng/property/4-bedroom-house-for-sale-fagba-agege-lagos-8PPBG
5PLFX,Contemporary 5 Bedroom Detached Duplex,400000000.0,"₦ 400,000,000",5.0,5.0,House,Ikota Lekki Lagos,Ikota,Lekki,Lagos,Sunwealth real,Big Compound; 24 Hours Security; Boys Quater,17 Apr 2026,https://www.propertypro.ng/property/5-bedroom-house-for-sale-ikota-lekki-lagos-5PLFX
2PPBE,3 Bedroom Penthouse With Bq,950000000.0,"₦ 950,000,000",3.0,3.0,Flat Apartment,Ikeja Gra Ikeja Lagos,Ikeja Gra,Ikeja,Lagos,Sanrealtor,,12 May 2026,https://www.propertypro.ng/property/3-bedroom-flat-apartment-for-sale-ikeja-gra-ikeja-lagos-2PPBE
3PNVY,5 Bedroom Detached Duplex With Bq,750000000.0,"₦ 750,000,000",5.0,5.0,House,Ikate Lekki Lagos,Ikate,Lekki,Lagos,Sanrealtor,,10 May 2026,https://www.propertypro.ng/property/5-bedroom-house-for-sale-ikate-lekki-lagos-3PNVY
2PGDH,2 Bedroom Apartment,270000000.0,"₦ 270,000,000",2.0,2.0,Flat Apartment,Lekki Phase 1 Lekki Lagos,Lekki Phase 1,Lekki,Lagos,Sunwealth real,24 Hours Security; Security; Pop Ceiling,10 Mar 2026,https://www.propertypro.ng/property/2-bedroom-flat-apartment-for-sale-lekki-phase-1-lekki-lagos-2PGDH
5PGDE,6 Bedroom Detached Duplex,1300000000.0,"₦ 1,300,000,000",6.0,6.0,House,Lekki Phase 1 Lekki Lagos,Lekki Phase 1,Lekki,Lagos,Sunwealth real,Big Compound; 24 Hours Security; Boys Quater,10 Mar 2026,https://www.propertypro.ng/property/6-bedroom-house-for-sale-lekki-phase-1-lekki-lagos-5PGDE
4PGCT,5 Bedroom Detached Duplex,420000000.0,"₦ 420,000,000",5.0,5.0,House,Ikota Lekki Lagos,Ikota,Lekki,Lagos,Sunwealth real,Big Compound; 24 Hours Security; Boys Quater,10 Mar 2026,https://www.propertypro.ng/property/5-bedroom-house-for-sale-ikota-lekki-lagos-4PGCT
2PFPV,Modern 3 Bedroom Apartment,450000000.0,"₦ 450,000,000",3.0,3.0,Flat Apartment,Ikoyi Lagos,Ikoyi,Lagos,Lagos,Sunwealth real,Big Compound; 24 Hours Security; Boys Quater,05 Mar 2026,https://www.propertypro.ng/property/3-bedroom-flat-apartment-for-sale-ikoyi-lagos-2PFPV
8PFST,5 Bedroom Detached Duplex,450000000.0,"₦ 450,000,000",5.0,5.0,House,Lekki Phase 1 Lekki Lagos,Lekki Phase 1,Lekki,Lagos,Sunwealth real,Big Compound; 24 Hours Security; Boys Quater,06 Mar 2026,https://www.propertypro.ng/property/5-bedroom-house-for-sale-lekki-phase-1-lekki-lagos-8PFST
6PFZF,5 Bedroom Detached Duplex,390000000.0,"₦ 390,000,000",5.0,5.0,House,Lekki Lagos,Lekki,Lagos,Lagos,Sunwealth real,Big Compound; 24 Hours Security; Boys Quater,09 Mar 2026,https://www.propertypro.ng/property/5-bedroom-house-for-sale-lekki-lagos-6PFZF
4PGUT,4 Bedroom Fully Detached Triplex With Bq,300000000.0,"₦ 300,000,000",4.0,4.0,House,"Kolapo Ishola Gra, Akobo Ibadan Oyo","Kolapo Ishola Gra, Akobo",Ibadan,Oyo,Poly property,Big Compound; 24 Hours Security; Fast Internet,16 Mar 2026,https://www.propertypro.ng/property/4-bedroom-house-for-sale-kolapo-ishola-gra-akobo-ibadan-oyo-4PGUT
5NZUY,5 Bedroom Detached Duplex,900000000.0,"₦ 900,000,000",5.0,,House,Chevron Lekki Lagos,Chevron,Lekki,Lagos,Purple Ribbon,,14 Jan 2026,https://www.propertypro.ng/property/5-bedroom-house-for-sale-chevron-lekki-lagos-5NZUY
0PBGT,5 Bedroom Fully Detached Duplex With Bq,350000000.0,"₦ 350,000,000",5.0,,House,Orchid Lekki Lagos,Orchid,Lekki,Lagos,Purple Ribbon,,27 Jan 2026,https://www.propertypro.ng/property/5-bedroom-house-for-sale-orchid-lekki-lagos-0PBGT
2NZUW,Land,80000000.0,"₦ 80,000,000",,,Land,Good News Estate Ogombo Ajah Lagos,Good News Estate Ogombo,Ajah,Lagos,Purple Ribbon,,14 Jan 2026,https://www.propertypro.ng/property/land-for-sale-good-news-estate-ogombo-ajah-lagos-2NZUW
0NWLC,4 Bedroom Detached Semi Furnished Duplex With A Bq,240000000.0,"₦ 240,000,000",4.0,4.0,House,"Jericho Gra, Ibadan Oyo","Jericho Gra,",Ibadan,Oyo,MrMideOseni Homes,C Of O,03 Dec 2025,https://www.propertypro.ng/property/4-bedroom-house-for-sale-jericho-gra-ibadan-oyo-0NWLC
6PNWH,5 Bedroom Semi Detached Duplex With Bq,1400000000.0,"₦ 1,400,000,000",5.0,5.0,House,Ikate Lekki Lagos,Ikate,Lekki,Lagos,Sanrealtor,,11 May 2026,https://www.propertypro.ng/property/5-bedroom-house-for-sale-ikate-lekki-lagos-6PNWH
0PNJQ,3 Bedroom Apartment With Bq,350000000.0,"₦ 350,000,000",3.0,,Flat Apartment,1st Roundabout Lekki Lagos,1st Roundabout,Lekki,Lagos,-,,06 May 2026,https://www.propertypro.ng/property/3-bedroom-flat-apartment-for-sale-1st-roundabout-lekki-lagos-0PNJQ
2PNGM,18 Units Of 3 Bedroom Apartment With Bq,6500000000.0,"₦ 6,500,000,000",3.0,,Flat Apartment,Bishop Oluwole Ahmadu Bello Way Victoria Island Lagos,Bishop Oluwole Ahmadu Bello Way Victoria,Island,Lagos,-,,06 May 2026,https://www.propertypro.ng/property/flat-apartment-for-sale-bishop-oluwole-ahmadu-bello-way-victoria-island-lagos-2PNGM
5PNGZ,"Bareland Measuring 4,100sqm",7000000000.0,"₦ 7,000,000,000",,,Land,Ahmadu Bello Way Victoria Island Lagos,Ahmadu Bello Way Victoria,Island,Lagos,-,,06 May 2026,https://www.propertypro.ng/property/land-for-sale-ahmadu-bello-way-victoria-island-lagos-5PNGZ
2PTQN,5bed,750000000.0,"₦ 750,000,000",5.0,5.0,House,Lekki Phase 1 Lekki Lagos,Lekki Phase 1,Lekki,Lagos,New adventures,,20 Jun 2026,https://www.propertypro.ng/property/5-bedroom-house-for-sale-lekki-phase-1-lekki-lagos-2PTQN
3PSWL,4bed,330000000.0,"₦ 330,000,000",4.0,4.0,House,Orchid Lekki Lagos,Orchid,Lekki,Lagos,New adventures,,15 Jun 2026,https://www.propertypro.ng/property/4-bedroom-house-for-sale-orchid-lekki-lagos-3PSWL
0PDQR,4 Bedroom Semi Detached Duplex With Bq,1450000000.0,"₦ 1,450,000,000",4.0,5.0,House,Parkview Estate Ikoyi Lagos,Parkview Estate,Ikoyi,Lagos,Chrystal Abodes,Big Compound; 24 Hours Security; Pop Ceiling,17 Feb 2026,https://www.propertypro.ng/property/4-bedroom-house-for-sale-parkview-estate-ikoyi-lagos-0PDQR
8PMAV,Newly Built 4 Bedroom Detached Duplex,250000000.0,"₦ 250,000,000",4.0,4.0,House,Bashorun Housing Estate Basorun Ibadan Oyo,Bashorun Housing Estate Basorun,Ibadan,Oyo,MrMideOseni Homes,Boys Quater; C Of O,24 Apr 2026,https://www.propertypro.ng/property/4-bedroom-house-for-sale-bashorun-housing-estate-basorun-ibadan-oyo-8PMAV
3NSNF,1 Bedroom Apartment,60000000.0,"₦ 60,000,000",1.0,2.0,Flat Apartment,Ikate Lekki Lagos,Ikate,Lekki,Lagos,First Colony,,23 Oct 2025,https://www.propertypro.ng/property/1-bedroom-flat-apartment-for-sale-ikate-lekki-lagos-3NSNF
8NSUL,4 Bedroom Terraced Duplex With 1 Bq,200000000.0,"₦ 200,000,000",4.0,4.0,House,Gaduwa Abuja,Gaduwa,Abuja,Abuja,TZ ESTATE,,26 Oct 2025,https://www.propertypro.ng/property/4-bedroom-house-for-sale-gaduwa-abuja-8NSUL
0PKAT,4 Bedroom Duplex,175000000.0,"₦ 175,000,000",4.0,,House,Ikota Lekki Lagos,Ikota,Lekki,Lagos,Openkeys business,,06 Apr 2026,https://www.propertypro.ng/property/house-for-sale-ikota-lekki-lagos-0PKAT
6PGTB,4 Bedroom Semi Detached Duplex,200000000.0,"₦ 200,000,000",4.0,4.0,House,Ikota Lekki Lagos,Ikota,Lekki,Lagos,OUTSTANDING REAL,,15 Mar 2026,https://www.propertypro.ng/property/4-bedroom-house-for-sale-ikota-lekki-lagos-6PGTB
3PJKQ,Contemporary 4 Bedroom Semi Detached Duplex,165000000.0,"₦ 165,000,000",4.0,4.0,House,Ikota Lekki Lagos,Ikota,Lekki,Lagos,Sunwealth real,Big Compound; Boys Quater; Pop Ceiling,31 Mar 2026,https://www.propertypro.ng/property/4-bedroom-house-for-sale-ikota-lekki-lagos-3PJKQ
6PTLP,Lovely 3 Bedroom Apartment,1200000000.0,"₦ 1,200,000,000",3.0,3.0,House,Ikoyi Lagos,Ikoyi,Lagos,Lagos,ITJ REALTOR,,18 Jun 2026,https://www.propertypro.ng/property/3-bedroom-house-for-sale-ikoyi-lagos-6PTLP
0PNWZ,2 Bedroom Flat,49000000.0,"₦ 49,000,000",2.0,3.0,Flat / Apartment,"Off Co Perative Villa, Ajah Lagos Sangotedo Lagos","Off Co Perative Villa, Ajah Lagos",Sangotedo,Lagos,Landlord Hero,Only on PropertyPro,11 May 2026,https://www.propertypro.ng/property/2-bedroom-flat-apartment-for-sale-off-co-perative-villa-ajah-lagos-sangotedo-lagos-0PNWZ
0PJEF,4 Bedroom Semi Detached Duplex With Bq,370000000.0,"₦ 370,000,000",4.0,4.0,House,Kolapo Ishola Gra Akobo Ibadan Oyo,Kolapo Ishola Gra Akobo,Ibadan,Oyo,Poly property,Big Compound; 24 Hours Security; Fast Internet,29 Mar 2026,https://www.propertypro.ng/property/4-bedroom-house-for-sale-kolapo-ishola-gra-akobo-ibadan-oyo-0PJEF
5PNQM,4 Bedroom Detached With Bq,550000000.0,"₦ 550,000,000",4.0,4.0,House,Life Camp Abuja,Life,Camp,Abuja,Ademeso olalekan,Big Compound; Fast Internet; Pop Ceiling,08 May 2026,https://www.propertypro.ng/property/4-bedroom-house-for-sale-life-camp-abuja-5PNQM
1PNGT,Land,8500000000.0,"₦ 8,500,000,000",,,Land,Ahmadu Bello Way Victoria Island Lagos,Ahmadu Bello Way Victoria,Island,Lagos,-,,06 May 2026,https://www.propertypro.ng/property/land-for-sale-ahmadu-bello-way-victoria-island-lagos-1PNGT
0PNPR,Fully Serviced 1 Bedroom Beachfront Apartment,85000000.0,"₦ 85,000,000",1.0,1.0,Flat Apartment,Ogombo Ajah Lagos,Ogombo,Ajah,Lagos,Sanrealtor,,08 May 2026,https://www.propertypro.ng/property/1-bedroom-flat-apartment-for-sale-ogombo-ajah-lagos-0PNPR
9PFHY,Modern 4 Bedroom Terraced With 2 Bedroom Penthouse,550000000.0,"₦ 550,000,000",4.0,4.0,House,Lekki Phase 1 Lekki Lagos,Lekki Phase 1,Lekki,Lagos,Sunwealth real,Big Compound; Boys Quater; Security,03 Mar 2026,https://www.propertypro.ng/property/4-bedroom-house-for-sale-lekki-phase-1-lekki-lagos-9PFHY
7PHEK,"2,394 Sqm Of Land",4000000000.0,"₦ 4,000,000,000",,,Land,Lekki Phase 1 Lekki Lagos,Lekki Phase 1,Lekki,Lagos,DFHL,,19 Mar 2026,https://www.propertypro.ng/property/land-for-sale-lekki-phase-1-lekki-lagos-7PHEK
7NTGS,Contemporary 5 Bedroom Fully Detached Duplex,600000000.0,"₦ 600,000,000",5.0,5.0,House,Chevron Lekki Lagos,Chevron,Lekki,Lagos,Perfect Images,,31 Oct 2025,https://www.propertypro.ng/property/5-bedroom-house-for-sale-chevron-lekki-lagos-7NTGS
2NTLL,Newly Built 4 Bedroom Semi Detached Duplex,160000000.0,"₦ 160,000,000",4.0,4.0,House,Ajah Lekki Lagos,Ajah,Lekki,Lagos,Perfect Images,,03 Nov 2025,https://www.propertypro.ng/property/4-bedroom-house-for-sale-ajah-lekki-lagos-2NTLL
2NVGM,5 Bedroom Detached Duplex,1550000000.0,"₦ 1,550,000,000",5.0,5.0,House,Osapa London Lekki Lagos,Osapa London,Lekki,Lagos,Perfect Images,,21 Nov 2025,https://www.propertypro.ng/property/5-bedroom-house-for-sale-osapa-london-lekki-lagos-2NVGM
5PCRQ,2 Bedroom Apartment,330000000.0,"₦ 330,000,000",2.0,2.0,House,Lekki Phase 1 Lekki Lagos,Lekki Phase 1,Lekki,Lagos,Perfect Images,,09 Feb 2026,https://www.propertypro.ng/property/2-bedroom-house-for-sale-lekki-phase-1-lekki-lagos-5PCRQ
8PPEJ,5 Bedroom Detached Duplex,420000000.0,"₦ 420,000,000",5.0,5.0,House,Orchid Lekki Lagos,Orchid,Lekki,Lagos,ITJ REALTOR,,13 May 2026,https://www.propertypro.ng/property/5-bedroom-house-for-sale-orchid-lekki-lagos-8PPEJ
6PPEM,5 Bedroom Detached Duplex,650000000.0,"₦ 650,000,000",5.0,5.0,House,Orchid Lekki Lagos,Orchid,Lekki,Lagos,ITJ REALTOR,,13 May 2026,https://www.propertypro.ng/property/5-bedroom-house-for-sale-orchid-lekki-lagos-6PPEM
8PPFZ,5 Bedroom Detached Duplex,750000000.0,"₦ 750,000,000",5.0,5.0,House,Lekki Phase 1 Lekki Lagos,Lekki Phase 1,Lekki,Lagos,ITJ REALTOR,,13 May 2026,https://www.propertypro.ng/property/5-bedroom-house-for-sale-lekki-phase-1-lekki-lagos-8PPFZ
4PPEH,4 Bedroom Detached Duplex,200000000.0,"₦ 200,000,000",4.0,4.0,House,Orchid Lekki Lagos,Orchid,Lekki,Lagos,ITJ REALTOR,,13 May 2026,https://www.propertypro.ng/property/4-bedroom-house-for-sale-orchid-lekki-lagos-4PPEH
9PPGG,2 Bedroom Apartment,200000000.0,"₦ 200,000,000",2.0,2.0,House,Lekki Phase 1 Lekki Lagos,Lekki Phase 1,Lekki,Lagos,ITJ REALTOR,,13 May 2026,https://www.propertypro.ng/property/2-bedroom-house-for-sale-lekki-phase-1-lekki-lagos-9PPGG
8PPFV,2 Bedroom Apartment,240000000.0,"₦ 240,000,000",2.0,2.0,Flat Apartment,Lekki Phase 1 Lekki Lagos,Lekki Phase 1,Lekki,Lagos,ITJ REALTOR,,13 May 2026,https://www.propertypro.ng/property/2-bedroom-flat-apartment-for-sale-lekki-phase-1-lekki-lagos-8PPFV
3PTNC,2bed,290000000.0,"₦ 290,000,000",2.0,2.0,House,Lekki Phase 1 Lekki Lagos,Lekki Phase 1,Lekki,Lagos,New adventures,,19 Jun 2026,https://www.propertypro.ng/property/2-bedroom-house-for-sale-lekki-phase-1-lekki-lagos-3PTNC
8PCYY,Land Measuring 600sqm,110000000.0,"₦ 110,000,000",,,Land,S&t Phase11 Jericho Ibadan Oyo,S&t Phase11 Jericho,Ibadan,Oyo,Openkeys business,,12 Feb 2026,https://www.propertypro.ng/property/land-for-sale-st-phase11-jericho-ibadan-oyo-8PCYY
2PFEB,Land,100000000.0,"₦ 100,000,000",,,Land,Aare Oluyole Est Oluyole Estate Ibadan Oyo,Aare Oluyole Est Oluyole Estate,Ibadan,Oyo,Openkeys business,,02 Mar 2026,https://www.propertypro.ng/property/land-for-sale-aare-oluyole-est-oluyole-estate-ibadan-oyo-2PFEB
5PMVY,Newly Built 4 Bedroom Detached Duplex,250000000.0,"₦ 250,000,000",4.0,4.0,House,Ikota Ikota Lekki Lagos,Ikota Ikota,Lekki,Lagos,OUTSTANDING REAL,Big Compound; Boys Quater; Drainage System,01 May 2026,https://www.propertypro.ng/property/4-bedroom-house-for-sale-ikota-ikota-lekki-lagos-5PMVY
6PLXF,Luxury 5 Bedroom Semi Detached Duplex,990000000.0,"₦ 990,000,000",5.0,5.0,House,Cawrie Creek Estate Ikate Lekki Lagos,Cawrie Creek Estate Ikate,Lekki,Lagos,OUTSTANDING REAL,,22 Apr 2026,https://www.propertypro.ng/property/5-bedroom-house-for-sale-cawrie-creek-estate-ikate-lekki-lagos-6PLXF
0PPBF,Spacious 2 Bedroom Apartment,135000000.0,"₦ 135,000,000",2.0,2.0,House,Lekki Phase 1 Lekki Lagos,Lekki Phase 1,Lekki,Lagos,OUTSTANDING REAL,,12 May 2026,https://www.propertypro.ng/property/2-bedroom-house-for-sale-lekki-phase-1-lekki-lagos-0PPBF
8PSFW,Contemporary 5 Bedroom Fully Detached Duplex With Pool,410000000.0,"₦ 410,000,000",5.0,5.0,House,Ikota Lekki Lagos,Ikota,Lekki,Lagos,OUTSTANDING REAL,Big Compound; 24 Hours Security; Fast Internet,09 Jun 2026,https://www.propertypro.ng/property/5-bedroom-house-for-sale-ikota-lekki-lagos-8PSFW
4PJGJ,2 Hectares Of Land,1200000000.0,"₦ 1,200,000,000",,,Land,Idera Scheme Eleko Junction Ibeju Lekki Lagos,Idera Scheme Eleko Junction Ibeju,Lekki,Lagos,DFHL,C Of O,30 Mar 2026,https://www.propertypro.ng/property/land-for-sale-idera-scheme-eleko-junction-ibeju-lekki-lagos-4PJGJ
4PGVB,Distress 5 Bedroom Semi Detached Duplex With Bq,390000000.0,"₦ 390,000,000",5.0,5.0,House,Wuye Abuja,Wuye,Abuja,Abuja,Ademeso olalekan,,16 Mar 2026,https://www.propertypro.ng/property/5-bedroom-house-for-sale-wuye-abuja-4PGVB
4PULR,5bed,900000000.0,"₦ 900,000,000",5.0,5.0,House,Lekki Phase 1 Lekki Lagos,Lekki Phase 1,Lekki,Lagos,New adventures,,27 Jun 2026,https://www.propertypro.ng/property/5-bedroom-house-for-sale-lekki-phase-1-lekki-lagos-4PULR
1PPBK,1 Bedroom Apartment,230000000.0,"₦ 230,000,000",1.0,1.0,House,Lekki Phase 1 Lekki Lagos,Lekki Phase 1,Lekki,Lagos,ITJ REALTOR,,12 May 2026,https://www.propertypro.ng/property/1-bedroom-house-for-sale-lekki-phase-1-lekki-lagos-1PPBK
6PDNL,5 Bedroom Fully Detached Duplex With Bq,420000000.0,"₦ 420,000,000",5.0,,House,Ikota Lekki Lagos,Ikota,Lekki,Lagos,Chrystal Abodes,24 Hours Security; Pop Ceiling; C Of O,17 Feb 2026,https://www.propertypro.ng/property/house-for-sale-ikota-lekki-lagos-6PDNL
0PHZC,A Functional Water Front Commercial Building,2500000000.0,"₦ 2,500,000,000",,,House,"Admiralty Away, Lekki Phase 1 Lekki Lagos","Admiralty Away, Lekki Phase 1",Lekki,Lagos,DFHL,,26 Mar 2026,https://www.propertypro.ng/property/house-for-sale-admiralty-away-lekki-phase-1-lekki-lagos-0PHZC
2NYBD,6 Units Of The Apartment On 1500sqm,1300000000.0,"₦ 1,300,000,000",,,House,Mai Jabi Jabi Abuja,Mai Jabi,Jabi,Abuja,Shedrack Luka,Big Compound; 24 Hours Security; Fast Internet,22 Dec 2025,https://www.propertypro.ng/property/house-for-sale-mai-jabi-jabi-abuja-2NYBD
3PRME,"Newly Built 5 Unit Of 3 Bedroom In Elebu , Ibadan",100000000.0,"₦ 100,000,000",3.0,3.0,House,Elebu Akala Express Ibadan Oyo,Elebu Akala Express,Ibadan,Oyo,Poly property,,02 Jun 2026,https://www.propertypro.ng/property/3-bedroom-house-for-sale-elebu-akala-express-ibadan-oyo-3PRME
1PPAW,4 Bedroom Terrace Duplex + Bq,420000000.0,"₦ 420,000,000",4.0,4.0,House,Lekki Phase 1 Lekki Lagos,Lekki Phase 1,Lekki,Lagos,ITJ REALTOR,,12 May 2026,https://www.propertypro.ng/property/4-bedroom-house-for-sale-lekki-phase-1-lekki-lagos-1PPAW
9PKBQ,500sqm Residential Land,50000000.0,"₦ 50,000,000",,,Land,Beside Eleganza Iberekodo Ibeju Lekki Lagos,Beside Eleganza Iberekodo Ibeju,Lekki,Lagos,Besproperties,,06 Apr 2026,https://www.propertypro.ng/property/land-for-sale-beside-eleganza-iberekodo-ibeju-lekki-lagos-9PKBQ
0PNZK,Land,6800000.0,"₦ 6,800,000",,,Land,"Ketu Epe, Near Lagos State Logistics Park Epe Lagos","Ketu Epe, Near Lagos State Logistics Park",Epe,Lagos,Besproperties,,11 May 2026,https://www.propertypro.ng/property/land-for-sale-ketu-epe-near-lagos-state-logistics-park-epe-lagos-0PNZK
8PLBV,Newly Built 5 Bedroom Fully Detached Duplex,840000000.0,"₦ 840,000,000",5.0,5.0,House,Osapa London Lekki Lagos,Osapa London,Lekki,Lagos,OUTSTANDING REAL,,15 Apr 2026,https://www.propertypro.ng/property/5-bedroom-house-for-sale-osapa-london-lekki-lagos-8PLBV
4PGLQ,"6,000 Smqs (2 Acres) Of Land",750000000.0,"₦ 750,000,000",,,Land,Jericho Main Road Ibadan Oyo,Jericho Main Road,Ibadan,Oyo,MrMideOseni Homes,,12 Mar 2026,https://www.propertypro.ng/property/land-for-sale-jericho-main-road-ibadan-oyo-4PGLQ
8PEPH,Newly Built 4 Bedroom Detached Duplex With A Bq,220000000.0,"₦ 220,000,000",4.0,4.0,House,Carlton Gate Estate Akobo Ibadan Oyo,Carlton Gate Estate Akobo,Ibadan,Oyo,MrMideOseni Homes,,25 Feb 2026,https://www.propertypro.ng/property/4-bedroom-house-for-sale-carlton-gate-estate-akobo-ibadan-oyo-8PEPH
1PPBC,Newly Built 4 Bedroom Semi Detached Duplex With Bq,305000000.0,"₦ 305,000,000",4.0,4.0,House,Magodo Gra Phase 1 Ojodu Lagos,Magodo Gra Phase 1,Ojodu,Lagos,Sanrealtor,,12 May 2026,https://www.propertypro.ng/property/4-bedroom-house-for-sale-magodo-gra-phase-1-ojodu-lagos-1PPBC
0PECN,400sqm Estate Land,70000000.0,"₦ 70,000,000",,,Land,After Nizamiye Hospital Karmo Abuja,After Nizamiye Hospital,Karmo,Abuja,TZ ESTATE,,21 Feb 2026,https://www.propertypro.ng/property/land-for-sale-after-nizamiye-hospital-karmo-abuja-0PECN
0PDXN,5 Bedroom Fully Detached Duplex,500000000.0,"₦ 500,000,000",5.0,6.0,House,Chevron Toll Gate Lekki Lagos,Chevron Toll Gate,Lekki,Lagos,Chrystal Abodes,Big Compound; 24 Hours Security; Pop Ceiling,19 Feb 2026,https://www.propertypro.ng/property/5-bedroom-house-for-sale-chevron-toll-gate-lekki-lagos-0PDXN
3PFQM,3000 Capacity Event Centre,850000000.0,"₦ 850,000,000",,,Commercial Property,Jericho Aleshinloye Road Jericho Ibadan Oyo,Jericho Aleshinloye Road Jericho,Ibadan,Oyo,Openkeys business,,05 Mar 2026,https://www.propertypro.ng/property/commercial-property-for-sale-jericho-aleshinloye-road-jericho-ibadan-oyo-3PFQM
8PSJG,4 Bedroom Duplex,140000000.0,"₦ 140,000,000",4.0,5.0,Flat Apartment,Ikota Lekki Lagos,Ikota,Lekki,Lagos,GUDNESS REALITY,,10 Jun 2026,https://www.propertypro.ng/property/4-bedroom-flat-apartment-for-sale-ikota-lekki-lagos-8PSJG
2NXBT,2 & 4 Bedroom Terrace Duplex,115000000.0,"₦ 115,000,000",4.0,,House,Orchid Lekki Lagos,Orchid,Lekki,Lagos,Purple Ribbon,,10 Dec 2025,https://www.propertypro.ng/property/house-for-sale-orchid-lekki-lagos-2NXBT
4PAQH,9 Units Of 2 Bedroom Flat,120000000.0,"₦ 120,000,000",2.0,,Flat Apartment,6th Avenue Gwarinpa Abuja,6th Avenue,Gwarinpa,Abuja,Purple Ribbon,,21 Jan 2026,https://www.propertypro.ng/property/2-bedroom-flat-apartment-for-sale-6th-avenue-gwarinpa-abuja-4PAQH
6PFNQ,3 Bedroom Bungalow + Bq,85000000.0,"₦ 85,000,000",3.0,3.0,House,Idera Scheme Ibeju Lekki Lagos,Idera Scheme Ibeju,Lekki,Lagos,Besproperties,Big Compound; 24 Hours Security; Pop Ceiling,05 Mar 2026,https://www.propertypro.ng/property/3-bedroom-house-for-sale-idera-scheme-ibeju-lekki-lagos-6PFNQ
3PTRA,2bed,160000000.0,"₦ 160,000,000",2.0,2.0,House,Ikate Lekki Lagos,Ikate,Lekki,Lagos,New adventures,,20 Jun 2026,https://www.propertypro.ng/property/2-bedroom-house-for-sale-ikate-lekki-lagos-3PTRA
1PBSE,6 Bedroom Detached Edifice,900000000.0,"₦ 900,000,000",6.0,6.0,House,Alimosho Lagos,Alimosho,Lagos,Lagos,First Colony,,31 Jan 2026,https://www.propertypro.ng/property/6-bedroom-house-for-sale-alimosho-lagos-1PBSE
8NSUN,4 Bedroom Terrace Duplex With Basement,450000000.0,"₦ 450,000,000",4.0,4.0,House,Katampe Abuja,Katampe,Abuja,Abuja,TZ ESTATE,,27 Oct 2025,https://www.propertypro.ng/property/4-bedroom-house-for-sale-katampe-abuja-8NSUN
8PULR,5bed,980000000.0,"₦ 980,000,000",5.0,5.0,House,Ikate Lekki Lagos,Ikate,Lekki,Lagos,New adventures,,27 Jun 2026,https://www.propertypro.ng/property/5-bedroom-house-for-sale-ikate-lekki-lagos-8PULR
2PNZX,2 Bedroom Apartment,330000000.0,"₦ 330,000,000",2.0,2.0,House,Lekki Phase 1 Lekki Lagos,Lekki Phase 1,Lekki,Lagos,ITJ REALTOR,,11 May 2026,https://www.propertypro.ng/property/2-bedroom-house-for-sale-lekki-phase-1-lekki-lagos-2PNZX
6PPBA,Newly Built 5 Bedroom Detached Duplex With Bq,700000000.0,"₦ 700,000,000",5.0,5.0,House,Omole Phase 1 Ojodu Lagos,Omole Phase 1,Ojodu,Lagos,Sanrealtor,,12 May 2026,https://www.propertypro.ng/property/5-bedroom-house-for-sale-omole-phase-1-ojodu-lagos-6PPBA
0PPCA,4 Bedroom Terrace Duplex,140000000.0,"₦ 140,000,000",4.0,4.0,House,Ajah Lagos,Ajah,Lagos,Lagos,ITJ REALTOR,,12 May 2026,https://www.propertypro.ng/property/4-bedroom-house-for-sale-ajah-lagos-0PPCA
2PNDE,80% Completed 5 Bedroom Detached Duplex,450000000.0,"₦ 450,000,000",5.0,5.0,House,"Wuye Main, Wuye Abuja","Wuye Main,",Wuye,Abuja,TZ ESTATE,,05 May 2026,https://www.propertypro.ng/property/5-bedroom-house-for-sale-wuye-main-wuye-abuja-2PNDE
4PNGC,300sqm Estate Plot,330000000.0,"₦ 330,000,000",5.0,5.0,Land,After Coza Guzape Abuja,After Coza,Guzape,Abuja,TZ ESTATE,,06 May 2026,https://www.propertypro.ng/property/5-bedroom-land-for-sale-after-coza-guzape-abuja-4PNGC
7PLFF,Contemporary 5 Bedroom Detached House,2400000000.0,"₦ 2,400,000,000",5.0,5.0,House,Ikoyi Lagos,Ikoyi,Lagos,Lagos,First Colony,,17 Apr 2026,https://www.propertypro.ng/property/5-bedroom-house-for-sale-ikoyi-lagos-7PLFF
0PPBE,4 Bedroom Masionette With Bq,650000000.0,"₦ 650,000,000",4.0,4.0,House,Ikeja Gra Ikeja Lagos,Ikeja Gra,Ikeja,Lagos,Sanrealtor,,12 May 2026,https://www.propertypro.ng/property/4-bedroom-house-for-sale-ikeja-gra-ikeja-lagos-0PPBE
4PJUP,650sqm Land,500000000.0,"₦ 500,000,000",,,Land,Lekki Phase 1 Lekki Lagos,Lekki Phase 1,Lekki,Lagos,First Colony,,03 Apr 2026,https://www.propertypro.ng/property/land-for-sale-lekki-phase-1-lekki-lagos-4PJUP
8PLVL,4 Bedroom Terrace Duplex,149000000.0,"₦ 149,000,000",4.0,,House,Sangotedo Lagos,Sangotedo,Lagos,Lagos,Landlord Hero,,22 Apr 2026,https://www.propertypro.ng/property/house-for-sale-sangotedo-lagos-8PLVL
0PGWQ,3 Bedroom Detached Duplex,550000000.0,"₦ 550,000,000",3.0,3.0,House,Agungi Lekki Lagos,Agungi,Lekki,Lagos,First Colony,,17 Mar 2026,https://www.propertypro.ng/property/3-bedroom-house-for-sale-agungi-lekki-lagos-0PGWQ
7PKVD,Fenced And Gated 3 Plots Of Land,25000000.0,"₦ 25,000,000",,,Land,Odo Ona Kekere Ibadan Oyo,Odo Ona Kekere,Ibadan,Oyo,Openkeys business,,13 Apr 2026,https://www.propertypro.ng/property/land-for-sale-odo-ona-kekere-ibadan-oyo-7PKVD
4NZPG,Luxury 5 Bedroom Fully Detached Duplex,450000000.0,"₦ 450,000,000",5.0,5.0,House,Apo Resettlement Apo Abuja,Apo Resettlement,Apo,Abuja,Besproperties,Big Compound; Pop Ceiling; C Of O,12 Jan 2026,https://www.propertypro.ng/property/5-bedroom-house-for-sale-apo-resettlement-apo-abuja-4NZPG
6NUYW,Newly Built 3 Bedroom Penthouse,1200000000.0,"₦ 1,200,000,000",3.0,3.0,Flat Apartment,Off Banana Island Road Ikoyi Lagos,Off Banana Island Road,Ikoyi,Lagos,PRINCE ADEMOLA,,19 Nov 2025,https://www.propertypro.ng/property/3-bedroom-flat-apartment-for-sale-off-banana-island-road-ikoyi-lagos-6NUYW
4PGJV,3 Bedroom Bungalow,55000000.0,"₦ 55,000,000",3.0,3.0,House,"Tomiwa Awe Avenue, Alegongo Akobo Ibadan Oyo","Tomiwa Awe Avenue, Alegongo Akobo",Ibadan,Oyo,MrMideOseni Homes,,12 Mar 2026,https://www.propertypro.ng/property/3-bedroom-house-for-sale-tomiwa-awe-avenue-alegongo-akobo-ibadan-oyo-4PGJV
0PGVK,A Fenced And Gated 5 Plots Of Land,17000000.0,"₦ 17,000,000",,,Land,Felele Ibadan Oyo,Felele,Ibadan,Oyo,Openkeys business,,16 Mar 2026,https://www.propertypro.ng/property/land-for-sale-felele-ibadan-oyo-0PGVK
0PPDL,4 Bedroom Fully Detached Duplex,500000000.0,"₦ 500,000,000",4.0,4.0,House,Mabushi Mabushi Abuja,Mabushi,Mabushi,Abuja,Ademeso olalekan,,13 May 2026,https://www.propertypro.ng/property/4-bedroom-house-for-sale-mabushi-mabushi-abuja-0PPDL
9PNSW,6 Bedroom Mansion,850000000.0,"₦ 850,000,000",6.0,6.0,House,"Efab Metropolis,gwarimpa Extension, Karsana West Karsana Abuja","Efab Metropolis,gwarimpa Extension, Karsana West",Karsana,Abuja,Ademeso olalekan,,09 May 2026,https://www.propertypro.ng/property/6-bedroom-house-for-sale-efab-metropolisgwarimpa-extension-karsana-west-karsana-abuja-9PNSW
0PFKP,4 Units Of 4 Bedroom Duplex,120000000.0,"₦ 120,000,000",4.0,4.0,House,"Adeoyo Gra , Ringroad Ibadan Oyo","Adeoyo Gra , Ringroad",Ibadan,Oyo,Poly property,,04 Mar 2026,https://www.propertypro.ng/property/4-bedroom-house-for-sale-adeoyo-gra-ringroad-ibadan-oyo-0PFKP
1NSYF,4 Bedroom Terraced Duplex,140000000.0,"₦ 140,000,000",4.0,4.0,House,Ikota Lekki Lagos,Ikota,Lekki,Lagos,Perfect Images,,28 Oct 2025,https://www.propertypro.ng/property/4-bedroom-house-for-sale-ikota-lekki-lagos-1NSYF
0PMSD,3 Bedroom Apartment,300000000.0,"₦ 300,000,000",3.0,3.0,House,Wuse 2 Abuja,Wuse,2,Abuja,TZ ESTATE,,30 Apr 2026,https://www.propertypro.ng/property/3-bedroom-house-for-sale-wuse-2-abuja-0PMSD
5PEPJ,Modern 3 Bedroom Bungalow With Facilities,65000000.0,"₦ 65,000,000",3.0,,House,"Temidire Estate, Ologuneru, Eleyele Ibadan Oyo","Temidire Estate, Ologuneru, Eleyele",Ibadan,Oyo,Openkeys business,,25 Feb 2026,https://www.propertypro.ng/property/3-bedroom-house-for-sale-temidire-estate-ologuneru-eleyele-ibadan-oyo-5PEPJ
5PKLX,4 Bedroom Apartment,400000000.0,"₦ 400,000,000",4.0,,House,Aare Oluyole Oluyole Estate Ibadan Oyo,Aare Oluyole Oluyole Estate,Ibadan,Oyo,Openkeys business,,10 Apr 2026,https://www.propertypro.ng/property/4-bedroom-house-for-sale-aare-oluyole-oluyole-estate-ibadan-oyo-5PKLX
3PKHZ,A 565.601sqm Fenced/leveled/gated Plot,80000000.0,"₦ 80,000,000",,,Land,"Palm Gardens, Green Gate, Oluyole Estate Ibadan Oyo","Palm Gardens, Green Gate, Oluyole Estate",Ibadan,Oyo,Openkeys business,,09 Apr 2026,https://www.propertypro.ng/property/land-for-sale-palm-gardens-green-gate-oluyole-estate-ibadan-oyo-3PKHZ
1PKDM,4 Units Of 3 Bedroom Flat,170000000.0,"₦ 170,000,000",3.0,,House,Osoba Close Idishin Ibadan Oyo,Osoba Close Idishin,Ibadan,Oyo,Openkeys business,,07 Apr 2026,https://www.propertypro.ng/property/3-bedroom-house-for-sale-osoba-close-idishin-ibadan-oyo-1PKDM
3NQWU,House,9500000000.0,"₦ 9,500,000,000",,,House,Garki 2 Abuja,Garki,2,Abuja,Shedrack Luka,Free Wifi; Big Compound; 24 Hours Security,08 Oct 2025,https://www.propertypro.ng/property/house-for-sale-garki-2-abuja-3NQWU
9PFSH,3 Bedroom Duplex At Carlton Gate,12000000.0,"₦ 12,000,000",3.0,3.0,House,"Carlton Gate Estate, Akobo Akobo Ibadan Oyo","Carlton Gate Estate, Akobo Akobo",Ibadan,Oyo,Poly property,,06 Mar 2026,https://www.propertypro.ng/property/3-bedroom-house-for-sale-carlton-gate-estate-akobo-akobo-ibadan-oyo-9PFSH
8PHUG,3 Bedroom Flat,70000000.0,"₦ 70,000,000",3.0,,House,Kufeyiji Str Behind Muslim Praying Ground Agodi Ibadan Oyo,Kufeyiji Str Behind Muslim Praying Ground Agodi,Ibadan,Oyo,Openkeys business,,25 Mar 2026,https://www.propertypro.ng/property/3-bedroom-house-for-sale-kufeyiji-str-behind-muslim-praying-ground-agodi-ibadan-oyo-8PHUG
4PMSJ,4 Bedroom Semi Detached Duplex With Bq,250000000.0,"₦ 250,000,000",4.0,4.0,House,Osapa London Lekki Lagos,Osapa London,Lekki,Lagos,OUTSTANDING REAL,Big Compound; 24 Hours Security; Boys Quater,30 Apr 2026,https://www.propertypro.ng/property/4-bedroom-house-for-sale-osapa-london-lekki-lagos-4PMSJ
4PPBB,Newly Built 4 Bedroom Semi Detached Duplex With Bq,450000000.0,"₦ 450,000,000",4.0,4.0,House,Omole Phase 1 Ojodu Lagos,Omole Phase 1,Ojodu,Lagos,Sanrealtor,,12 May 2026,https://www.propertypro.ng/property/4-bedroom-house-for-sale-omole-phase-1-ojodu-lagos-4PPBB
4PTAQ,Contemporary 5 Bedroom Detached House,450000000.0,"₦ 450,000,000",5.0,5.0,House,Lekky County Ikota Lekki Ikota Lekki Lagos,Lekky County Ikota Lekki Ikota,Lekki,Lagos,PCL HOMES,,15 Jun 2026,https://www.propertypro.ng/property/5-bedroom-house-for-sale-lekky-county-ikota-lekki-ikota-lekki-lagos-4PTAQ
8PDVN,Newly Built 4 Bedroom Detached Duplex,270000000.0,"₦ 270,000,000",4.0,4.0,House,Carlton Gate Estate Akobo Ibadan Oyo,Carlton Gate Estate Akobo,Ibadan,Oyo,MrMideOseni Homes,C Of O,19 Feb 2026,https://www.propertypro.ng/property/4-bedroom-house-for-sale-carlton-gate-estate-akobo-ibadan-oyo-8PDVN
5PPET,5 Bedroom Detached Duplex,500000000.0,"₦ 500,000,000",5.0,5.0,House,Lekki Phase 1 Lekki Lagos,Lekki Phase 1,Lekki,Lagos,ITJ REALTOR,,13 May 2026,https://www.propertypro.ng/property/5-bedroom-house-for-sale-lekki-phase-1-lekki-lagos-5PPET
1PMSS,4 Bedroom Semi Detached Duplex,190000000.0,"₦ 190,000,000",4.0,4.0,House,Kado Abuja,Kado,Abuja,Abuja,TZ ESTATE,,30 Apr 2026,https://www.propertypro.ng/property/4-bedroom-house-for-sale-kado-abuja-1PMSS
6PTSX,Newly Built Three Bedroom Terrace House,125000000.0,"₦ 125,000,000",3.0,3.0,House,Ajah Lekki Lagos Ajah Lagos,Ajah Lekki Lagos,Ajah,Lagos,PCL HOMES,,21 Jun 2026,https://www.propertypro.ng/property/3-bedroom-house-for-sale-ajah-lekki-lagos-ajah-lagos-6PTSX
3NRDN,Newly Built 4 Bedroom Fully Detached Duplex,9500000.0,"₦ 9,500,000",4.0,4.0,House,Sangotedo Ajah Lagos,Sangotedo,Ajah,Lagos,Perfect Images,,11 Oct 2025,https://www.propertypro.ng/property/4-bedroom-house-for-sale-sangotedo-ajah-lagos-3NRDN
1PRYP,4 Bedrooms Semi Detached Duplex,200000000.0,"₦ 200,000,000",4.0,4.0,House,Ikota Lekki Lagos,Ikota,Lekki,Lagos,John Boris,,06 Jun 2026,https://www.propertypro.ng/property/4-bedroom-house-for-sale-ikota-lekki-lagos-1PRYP
6PKGS,Land,140000000.0,"₦ 140,000,000",,,Land,Badore Ajah Lagos,Badore,Ajah,Lagos,John Boris,,08 Apr 2026,https://www.propertypro.ng/property/land-for-sale-badore-ajah-lagos-6PKGS
7NUWQ,5 Bedroom Flat,2000000000.0,"₦ 2,000,000,000",5.0,5.0,House,Minister's Hill Maitama Maitama Abuja,Minister's Hill Maitama,Maitama,Abuja,Shedrack Luka,Big Compound; 24 Hours Security; Fast Internet,18 Nov 2025,https://www.propertypro.ng/property/5-bedroom-house-for-sale-ministers-hill-maitama-maitama-abuja-7NUWQ
8PUFP,14573sqm Land,10000000000.0,"₦ 10,000,000,000",,,Land,Off Berger Road Tincan Island Tin Can Apapa Lagos,Off Berger Road Tincan Island Tin Can,Apapa,Lagos,DFHL,,25 Jun 2026,https://www.propertypro.ng/property/land-for-sale-off-berger-road-tincan-island-tin-can-apapa-lagos-8PUFP
2NRPA,Newly Built 4 Bedroom Terraced Duplex With Bq,245000000.0,"₦ 245,000,000",4.0,4.0,House,Gudu Apo Abuja,Gudu,Apo,Abuja,Shedrack Luka,Big Compound; 24 Hours Security; Fast Internet,15 Oct 2025,https://www.propertypro.ng/property/4-bedroom-house-for-sale-gudu-apo-abuja-2NRPA
2PBRE,2 Bedroom Flat,350000000.0,"₦ 350,000,000",2.0,3.0,House,Gwarinpa Abuja,Gwarinpa,Abuja,Abuja,Ademeso olalekan,,30 Jan 2026,https://www.propertypro.ng/property/2-bedroom-house-for-sale-gwarinpa-abuja-2PBRE
1PGYS,Contemporary 4 Bedroom Terrace Duplex,170000000.0,"₦ 170,000,000",4.0,4.0,House,Ajah Lagos,Ajah,Lagos,Lagos,Sunwealth real,Boys Quater; Security; Pop Ceiling,17 Mar 2026,https://www.propertypro.ng/property/4-bedroom-house-for-sale-ajah-lagos-1PGYS
3PMJU,5 Bedroom Terrace Duplex With Bq,250000000.0,"₦ 250,000,000",5.0,5.0,House,Agungi Lekki Lagos,Agungi,Lekki,Lagos,GUDNESS REALITY,Jacuzzi; Pop Ceiling; Drainage System,27 Apr 2026,https://www.propertypro.ng/property/5-bedroom-house-for-sale-agungi-lekki-lagos-3PMJU
3PKQZ,2 Units Of 5 Bedroom Detached Duplex With Bq,2500000000.0,"₦ 2,500,000,000",5.0,,House,Close To United Nations Office Asokoro Abuja,Close To United Nations Office,Asokoro,Abuja,Shedrack Luka,Big Compound; 24 Hours Security; Fast Internet,11 Apr 2026,https://www.propertypro.ng/property/house-for-sale-close-to-united-nations-office-asokoro-abuja-3PKQZ
7NBKU,2 Bedroom Apartment,250000000.0,"₦ 250,000,000",2.0,,Flat / Apartment,Lekki Phase 1 Lekki Lagos,Lekki Phase 1,Lekki,Lagos,Tugaris Realtor,Only on PropertyPro,10 Jun 2025,https://www.propertypro.ng/property/2-bedroom-flat-apartment-for-sale-lekki-phase-1-lekki-lagos-7NBKU
2PFYN,Luxury 5 Bedroom Fully Detached Duplex,380000000.0,"₦ 380,000,000",5.0,5.0,House,Megamound Lekki Lagos,Megamound,Lekki,Lagos,Sunwealth real,Big Compound; 24 Hours Security; Boys Quater,09 Mar 2026,https://www.propertypro.ng/property/5-bedroom-house-for-sale-megamound-lekki-lagos-2PFYN
1PADQ,Newly Built 5 Bedroom Fully Detached Duplex,1100000000.0,"₦ 1,100,000,000",5.0,5.0,House,Ikate Lekki Lagos,Ikate,Lekki,Lagos,Perfect Images,,17 Jan 2026,https://www.propertypro.ng/property/5-bedroom-house-for-sale-ikate-lekki-lagos-1PADQ
8NTVV,Newly Built 2 & 3 Bedroom Apartment,35000000.0,"₦ 35,000,000",3.0,3.0,House,Ajah Lekki Lagos,Ajah,Lekki,Lagos,Perfect Images,,06 Nov 2025,https://www.propertypro.ng/property/3-bedroom-house-for-sale-ajah-lekki-lagos-8NTVV
0PDTQ,4 Bedroom Terrace House,340000000.0,"₦ 340,000,000",4.0,5.0,House,Ikate Lekki Lagos,Ikate,Lekki,Lagos,Chrystal Abodes,Big Compound; Pop Ceiling; Swimming Pool,18 Feb 2026,https://www.propertypro.ng/property/4-bedroom-house-for-sale-ikate-lekki-lagos-0PDTQ
2PDXQ,5 Bedroom Fully Detached Duplex,580000000.0,"₦ 580,000,000",5.0,6.0,House,Ikota Lekki Lagos,Ikota,Lekki,Lagos,Chrystal Abodes,Big Compound; 24 Hours Security; Pop Ceiling,19 Feb 2026,https://www.propertypro.ng/property/5-bedroom-house-for-sale-ikota-lekki-lagos-2PDXQ
8PUMV,3bed,450000000.0,"₦ 450,000,000",3.0,3.0,House,Lekki Phase 1 Lekki Lagos,Lekki Phase 1,Lekki,Lagos,New adventures,,27 Jun 2026,https://www.propertypro.ng/property/3-bedroom-house-for-sale-lekki-phase-1-lekki-lagos-8PUMV
3PFNQ,4 Bedroom Terrace Duplex With Bq,420000000.0,"₦ 420,000,000",4.0,4.0,House,Omole Ikeja Lagos,Omole,Ikeja,Lagos,Besproperties,Big Compound; Pop Ceiling; Mosques Nearby,04 Mar 2026,https://www.propertypro.ng/property/4-bedroom-house-for-sale-omole-ikeja-lagos-3PFNQ
4NTUP,Newly Built 4 Bedroom Fully Detached Duplex,145000000.0,"₦ 145,000,000",4.0,4.0,House,Ajah Lekki Lagos,Ajah,Lekki,Lagos,Perfect Images,,06 Nov 2025,https://www.propertypro.ng/property/4-bedroom-house-for-sale-ajah-lekki-lagos-4NTUP
6PFEM,4 Bedroom Duplex In An Estate,230000000.0,"₦ 230,000,000",4.0,,House,Ikolaba Est Ikolaba Ibadan Oyo,Ikolaba Est Ikolaba,Ibadan,Oyo,Openkeys business,,02 Mar 2026,https://www.propertypro.ng/property/4-bedroom-house-for-sale-ikolaba-est-ikolaba-ibadan-oyo-6PFEM
1PCYX,505sqm Plot Of Land,130000000.0,"₦ 130,000,000",,,Land,Onireke Gra Ibadan North West Ibadan Oyo,Onireke Gra Ibadan North West,Ibadan,Oyo,Openkeys business,,12 Feb 2026,https://www.propertypro.ng/property/land-for-sale-onireke-gra-ibadan-north-west-ibadan-oyo-1PCYX
7PCKZ,Newly Built 4 Bedroom Detached Triplex With Bq/ac,250000000.0,"₦ 250,000,000",4.0,4.0,House,"Kolapo Ishola Gra, Akobo Ibadan Oyo","Kolapo Ishola Gra, Akobo",Ibadan,Oyo,MrMideOseni Homes,Newly Built; Only on PropertyPro,07 Feb 2026,https://www.propertypro.ng/property/4-bedroom-house-for-sale-kolapo-ishola-gra-akobo-ibadan-oyo-7PCKZ
1PCRR,Brand New 2 Bedroom Semi Detached Duplex With Bq,420000000.0,"₦ 420,000,000",4.0,4.0,House,"Oba Otudeko, Jericho Gra, Jericho Ibadan Oyo","Oba Otudeko, Jericho Gra, Jericho",Ibadan,Oyo,Poly property,Boys Quater; Pop Ceiling; C Of O,09 Feb 2026,https://www.propertypro.ng/property/4-bedroom-house-for-sale-oba-otudeko-jericho-gra-jericho-ibadan-oyo-1PCRR
6PHSK,4 Bedroom Duplex + Pool & Security House,270000000.0,"₦ 270,000,000",4.0,4.0,House,Carlton Gate Estate Akobo Ibadan Oyo,Carlton Gate Estate Akobo,Ibadan,Oyo,Poly property,Big Compound; 24 Hours Security; Fast Internet,24 Mar 2026,https://www.propertypro.ng/property/4-bedroom-house-for-sale-carlton-gate-estate-akobo-ibadan-oyo-6PHSK
5NXMH,Distress Sale Of 8 Units Of 2 Bedroom Apartment,650000000.0,"₦ 650,000,000",2.0,2.0,House,Gwarinpa Abuja,Gwarinpa,Abuja,Abuja,Ademeso olalekan,,15 Dec 2025,https://www.propertypro.ng/property/2-bedroom-house-for-sale-gwarinpa-abuja-5NXMH
4PNGV,7024sqm Land,7000000000.0,"₦ 7,000,000,000",,,Land,Ahmadu Bello Way Victoria Island Lagos,Ahmadu Bello Way Victoria,Island,Lagos,-,,06 May 2026,https://www.propertypro.ng/property/land-for-sale-ahmadu-bello-way-victoria-island-lagos-4PNGV
4PPGG,5 Bedroom Detached Duplex,4600000000.0,"₦ 4,600,000,000",5.0,5.0,House,Ikoyi Lagos,Ikoyi,Lagos,Lagos,ITJ REALTOR,,13 May 2026,https://www.propertypro.ng/property/5-bedroom-house-for-sale-ikoyi-lagos-4PPGG
1PPDA,Contemporary 5 Bedroom Detached Duplex,550000000.0,"₦ 550,000,000",5.0,5.0,House,Ikota Lekki Lagos,Ikota,Lekki,Lagos,ITJ REALTOR,,12 May 2026,https://www.propertypro.ng/property/5-bedroom-house-for-sale-ikota-lekki-lagos-1PPDA
8PPDA,Contemporary 5 Bedroom Detached Duplex,660000000.0,"₦ 660,000,000",5.0,5.0,House,Osapa London Lekki Lagos,Osapa London,Lekki,Lagos,ITJ REALTOR,,12 May 2026,https://www.propertypro.ng/property/5-bedroom-house-for-sale-osapa-london-lekki-lagos-8PPDA
2PPFS,4 Bedroom Detached Duplex,250000000.0,"₦ 250,000,000",4.0,4.0,House,Ologolo Lekki Lagos,Ologolo,Lekki,Lagos,ITJ REALTOR,,13 May 2026,https://www.propertypro.ng/property/4-bedroom-house-for-sale-ologolo-lekki-lagos-2PPFS
3PPFA,4 Bedroom Detached Duplex,1200000000.0,"₦ 1,200,000,000",4.0,5.0,House,Lekki Phase 1 Lekki Lagos,Lekki Phase 1,Lekki,Lagos,ITJ REALTOR,,13 May 2026,https://www.propertypro.ng/property/4-bedroom-house-for-sale-lekki-phase-1-lekki-lagos-3PPFA
8PMYC,Mixed Used 600sqm Dry Land,90000000.0,"₦ 90,000,000",10.0,10.0,Land,Sangotedo Ajah Lagos,Sangotedo,Ajah,Lagos,PCL HOMES,Only on PropertyPro,02 May 2026,https://www.propertypro.ng/property/10-bedroom-land-for-sale-sangotedo-ajah-lagos-8PMYC
3NNMH,Land,12000000.0,"₦ 12,000,000",,,Land,Giri Junction Gwagwalada Abuja,Giri Junction,Gwagwalada,Abuja,Besproperties,C Of O,16 Sep 2025,https://www.propertypro.ng/property/land-for-sale-giri-junction-gwagwalada-abuja-3NNMH
9PPCQ,2 Bedroom Apartment,250000000.0,"₦ 250,000,000",2.0,2.0,House,Lekki Lagos,Lekki,Lagos,Lagos,ITJ REALTOR,,12 May 2026,https://www.propertypro.ng/property/2-bedroom-house-for-sale-lekki-lagos-9PPCQ
5PPCS,2 Bedroom Apartment,215000000.0,"₦ 215,000,000",2.0,3.0,House,Ikate Lekki Lagos,Ikate,Lekki,Lagos,ITJ REALTOR,,12 May 2026,https://www.propertypro.ng/property/2-bedroom-house-for-sale-ikate-lekki-lagos-5PPCS
3PPCX,2 Bedroom Apartment,280000000.0,"₦ 280,000,000",2.0,2.0,House,Lekki Lagos,Lekki,Lagos,Lagos,ITJ REALTOR,,12 May 2026,https://www.propertypro.ng/property/2-bedroom-house-for-sale-lekki-lagos-3PPCX
3PNZT,2 Bedroom Apartment,160000000.0,"₦ 160,000,000",2.0,2.0,House,Ikate Lekki Lagos,Ikate,Lekki,Lagos,ITJ REALTOR,,11 May 2026,https://www.propertypro.ng/property/2-bedroom-house-for-sale-ikate-lekki-lagos-3PNZT
8PNZU,5 Bedroom Detached Duplex,300000000.0,"₦ 300,000,000",5.0,5.0,House,General Paint Lekki Lagos,General Paint,Lekki,Lagos,ITJ REALTOR,,11 May 2026,https://www.propertypro.ng/property/5-bedroom-house-for-sale-general-paint-lekki-lagos-8PNZU
1PPCP,2 Bedroom Apartment,165000000.0,"₦ 165,000,000",2.0,2.0,House,Ikate Lekki Lagos,Ikate,Lekki,Lagos,ITJ REALTOR,,12 May 2026,https://www.propertypro.ng/property/2-bedroom-house-for-sale-ikate-lekki-lagos-1PPCP
9PTND,3bed,330000000.0,"₦ 330,000,000",3.0,3.0,House,Lekki Phase 1 Lekki Lagos,Lekki Phase 1,Lekki,Lagos,New adventures,,19 Jun 2026,https://www.propertypro.ng/property/3-bedroom-house-for-sale-lekki-phase-1-lekki-lagos-9PTND
4PECU,4 Bedroom Semi Detached Duplex,130000000.0,"₦ 130,000,000",4.0,4.0,House,Life Camp Abuja,Life,Camp,Abuja,TZ ESTATE,,21 Feb 2026,https://www.propertypro.ng/property/4-bedroom-house-for-sale-life-camp-abuja-4PECU
6PLWW,5 Bedroom Fully Detached Duplex,700000000.0,"₦ 700,000,000",5.0,,House,Ikota Lekki Lagos,Ikota,Lekki,Lagos,Chrystal Abodes,,22 Apr 2026,https://www.propertypro.ng/property/house-for-sale-ikota-lekki-lagos-6PLWW
3PMHF,15 Contiguous Plots,17500000000.0,"₦ 17,500,000,000",,,Land,Ilasan Lekki Lagos,Ilasan,Lekki,Lagos,Chrystal Abodes,C Of O,26 Apr 2026,https://www.propertypro.ng/property/land-for-sale-ilasan-lekki-lagos-3PMHF
4PBPJ,Private 4 Bedroom Detached Home,950000000.0,"₦ 950,000,000",4.0,4.0,House,Ikate Lekki Lagos,Ikate,Lekki,Lagos,First Colony,Only on PropertyPro,30 Jan 2026,https://www.propertypro.ng/property/4-bedroom-house-for-sale-ikate-lekki-lagos-4PBPJ
1NRWY,Newly Built 5 Bedroom Fully Detached Duplex With Bq,195000000.0,"₦ 195,000,000",5.0,5.0,House,Ajah Lekki Lagos,Ajah,Lekki,Lagos,Perfect Images,,17 Oct 2025,https://www.propertypro.ng/property/5-bedroom-house-for-sale-ajah-lekki-lagos-1NRWY
9NRZX,Newly Built 4 Bedroom Semi Detached Duplex,145000000.0,"₦ 145,000,000",4.0,4.0,House,Ajah Lekki Lagos,Ajah,Lekki,Lagos,Perfect Images,,19 Oct 2025,https://www.propertypro.ng/property/4-bedroom-house-for-sale-ajah-lekki-lagos-9NRZX
2NTJE,Newly Built 4 Bedroom Semi Detached Duplex,150000000.0,"₦ 150,000,000",4.0,4.0,House,Ajah Lekki Lagos,Ajah,Lekki,Lagos,Perfect Images,,01 Nov 2025,https://www.propertypro.ng/property/4-bedroom-house-for-sale-ajah-lekki-lagos-2NTJE
3NTHZ,4 Bedroom Semi Detached Duplex,150000000.0,"₦ 150,000,000",4.0,4.0,House,Ajah Lekki Lagos,Ajah,Lekki,Lagos,Perfect Images,,01 Nov 2025,https://www.propertypro.ng/property/4-bedroom-house-for-sale-ajah-lekki-lagos-3NTHZ
2NQQJ,Spacious 4 Bedroom Terraced Duplex,140000000.0,"₦ 140,000,000",4.0,4.0,House,Orchid Lekki Lagos,Orchid,Lekki,Lagos,Perfect Images,,06 Oct 2025,https://www.propertypro.ng/property/4-bedroom-house-for-sale-orchid-lekki-lagos-2NQQJ
3PKCE,"2,300 Sqms Of Land",700000000.0,"₦ 700,000,000",,,Land,Secretariat Road Opposite Uch Ibadan Oyo,Secretariat Road Opposite Uch,Ibadan,Oyo,MrMideOseni Homes,,07 Apr 2026,https://www.propertypro.ng/property/land-for-sale-secretariat-road-opposite-uch-ibadan-oyo-3PKCE
5NKTV,Pre Finished 4 Bedroom Terrace Duplex,300000000.0,"₦ 300,000,000",4.0,4.0,House,Guzape Guzape Abuja,Guzape,Guzape,Abuja,TZ ESTATE,,22 Aug 2025,https://www.propertypro.ng/property/4-bedroom-house-for-sale-guzape-guzape-abuja-5NKTV
2PNFT,4 Bedroom Terrace Duplex With Bq,700000000.0,"₦ 700,000,000",4.0,,House,Near Edet House Asokoro Abuja,Near Edet House,Asokoro,Abuja,TZ ESTATE,Boys Quater; Pop Ceiling; Water Treatment,05 May 2026,https://www.propertypro.ng/property/house-for-sale-near-edet-house-asokoro-abuja-2PNFT
6NMQM,4 Bedroom Maisonette,400000000.0,"₦ 400,000,000",4.0,,House,Lekki Phase 1 Lekki Lagos,Lekki Phase 1,Lekki,Lagos,Tugaris Realtor,Only on PropertyPro,08 Sep 2025,https://www.propertypro.ng/property/4-bedroom-house-for-sale-lekki-phase-1-lekki-lagos-6NMQM
8PNFV,4 Bedroom Terrace Duplex With Bq,350000000.0,"₦ 350,000,000",4.0,4.0,House,Opposite Maitama Katampe Main Abuja,Opposite Maitama Katampe,Main,Abuja,TZ ESTATE,,06 May 2026,https://www.propertypro.ng/property/4-bedroom-house-for-sale-opposite-maitama-katampe-main-abuja-8PNFV
2PHQY,5 Bedroom Fully Detached Duplex,900000000.0,"₦ 900,000,000",5.0,6.0,House,Lekki Phase 1 Lekki Lagos,Lekki Phase 1,Lekki,Lagos,Chrystal Abodes,24 Hours Security; Swimming Pool; Mosques Nearby,24 Mar 2026,https://www.propertypro.ng/property/5-bedroom-house-for-sale-lekki-phase-1-lekki-lagos-2PHQY
0PGFS,1 Bedroom Apartment,170000000.0,"₦ 170,000,000",1.0,2.0,Flat Apartment,Lekki Phase 1 Lekki Lagos,Lekki Phase 1,Lekki,Lagos,Chrystal Abodes,Big Compound; 24 Hours Security; Pop Ceiling,11 Mar 2026,https://www.propertypro.ng/property/1-bedroom-flat-apartment-for-sale-lekki-phase-1-lekki-lagos-0PGFS
4PSFT,5 Bedroom Fully Detached Duplex With Swimming Pool,300000000.0,"₦ 300,000,000",5.0,5.0,House,Ikota Lekki Lagos,Ikota,Lekki,Lagos,OUTSTANDING REAL,Big Compound; 24 Hours Security; Fast Internet,09 Jun 2026,https://www.propertypro.ng/property/5-bedroom-house-for-sale-ikota-lekki-lagos-4PSFT
4PRTZ,3 Bedroom Apartment With Bq,200000000.0,"₦ 200,000,000",3.0,3.0,Flat Apartment,Prime Waters Garden 2 Lekki Lagos Lekki Lagos,Prime Waters Garden 2 Lekki Lagos,Lekki,Lagos,OUTSTANDING REAL,Big Compound; Boys Quater; Water Treatment,05 Jun 2026,https://www.propertypro.ng/property/3-bedroom-flat-apartment-for-sale-prime-waters-garden-2-lekki-lagos-lekki-lagos-4PRTZ
1PKBQ,500sqm Residential Land,35000000.0,"₦ 35,000,000",,,Land,Eleranigbe Ibeju Lekki Lagos,Eleranigbe Ibeju,Lekki,Lagos,Besproperties,,06 Apr 2026,https://www.propertypro.ng/property/land-for-sale-eleranigbe-ibeju-lekki-lagos-1PKBQ
6PMQY,3 Bedroom Penthouse With Bq,140000000.0,"₦ 140,000,000",3.0,3.0,House,Ikota Lekki Lagos,Ikota,Lekki,Lagos,GUDNESS REALITY,Pop Ceiling; Parking Space; Governor's Consent,29 Apr 2026,https://www.propertypro.ng/property/3-bedroom-house-for-sale-ikota-lekki-lagos-6PMQY
9PKDC,18 Classroom Functional School,600000000.0,"₦ 600,000,000",,,Commercial Property,"Aromolaran, Old Ife Road Old Iyanru Ijanagang Ibadan Oyo","Aromolaran, Old Ife Road Old Iyanru Ijanagang",Ibadan,Oyo,Openkeys business,,07 Apr 2026,https://www.propertypro.ng/property/commercial-property-for-sale-aromolaran-old-ife-road-old-iyanru-ijanagang-ibadan-oyo-9PKDC
0PKJB,A Modernly Structured 3 Bedroom Bungalow,80000000.0,"₦ 80,000,000",3.0,,House,"Succes Est, Akuru Elebu Akala Express Ibadan Oyo","Succes Est, Akuru Elebu Akala Express",Ibadan,Oyo,Openkeys business,,09 Apr 2026,https://www.propertypro.ng/property/3-bedroom-house-for-sale-succes-est-akuru-elebu-akala-express-ibadan-oyo-0PKJB
7PSKL,A Juicy Industrial Deal Of 120 Acres Of Land,30000000.0,"₦ 30,000,000",,,Land,"Opposite Chi Farm ,ajanla,lagos/ibadan Expressway Ibadan Oyo","Opposite Chi Farm ,ajanla,lagos/ibadan Expressway",Ibadan,Oyo,Openkeys business,,10 Jun 2026,https://www.propertypro.ng/property/land-for-sale-opposite-chi-farm-ajanlalagos-ibadan-expressway-ibadan-oyo-7PSKL
8NXYE,4 Units Of 3 Bedroom & 2 Units Of 2 Bedroom With Bq,3500000000.0,"₦ 3,500,000,000",3.0,,House,Close To Lake View Jabi Abuja,Close To Lake View,Jabi,Abuja,Shedrack Luka,Big Compound; 24 Hours Security; Fast Internet,19 Dec 2025,https://www.propertypro.ng/property/house-for-sale-close-to-lake-view-jabi-abuja-8NXYE
2NYRM,4 Bedroom Detached Bungalow With Bq,145000000.0,"₦ 145,000,000",4.0,4.0,House,By Cedar Crest Hospital Apo Abuja,By Cedar Crest Hospital,Apo,Abuja,Shedrack Luka,Big Compound; 24 Hours Security; Fast Internet,02 Jan 2026,https://www.propertypro.ng/property/4-bedroom-house-for-sale-by-cedar-crest-hospital-apo-abuja-2NYRM
2PBBH,4 Bedroom Terraced Duplex,900000000.0,"₦ 900,000,000",4.0,4.0,House,Off Amazon Maitama Abuja,Off Amazon,Maitama,Abuja,Shedrack Luka,Big Compound; 24 Hours Security; Fast Internet,25 Jan 2026,https://www.propertypro.ng/property/4-bedroom-house-for-sale-off-amazon-maitama-abuja-2PBBH
5PBBJ,5 Bedroom Semi Detached Duplex + Bq,350000000.0,"₦ 350,000,000",5.0,5.0,House,Close To Wuye Market Wuye Abuja,Close To Wuye Market,Wuye,Abuja,Shedrack Luka,Big Compound; Printing Service; 24 Hours Security,25 Jan 2026,https://www.propertypro.ng/property/5-bedroom-house-for-sale-close-to-wuye-market-wuye-abuja-5PBBJ
8PJSG,4 Bedroom Detached Duplex +2rooms Bq,295000000.0,"₦ 295,000,000",4.0,5.0,House,Gadimawa Galadimawa Abuja,Gadimawa,Galadimawa,Abuja,Shedrack Luka,Big Compound; 24 Hours Security; Fast Internet,02 Apr 2026,https://www.propertypro.ng/property/4-bedroom-house-for-sale-gadimawa-galadimawa-abuja-8PJSG
6PJUA,Newly Built 4 Bedroom Detached Duplex,255000000.0,"₦ 255,000,000",4.0,4.0,House,Apo Wumba Abuja,Apo,Wumba,Abuja,Shedrack Luka,Big Compound; 24 Hours Security; Fast Internet,03 Apr 2026,https://www.propertypro.ng/property/4-bedroom-house-for-sale-apo-wumba-abuja-6PJUA
4NYZM,5 Bedroom Detached Duplex With 1 Bq,475000000.0,"₦ 475,000,000",5.0,5.0,House,"Close To Sunnyvale, Lokogoma Abuja","Close To Sunnyvale,",Lokogoma,Abuja,Shedrack Luka,Big Compound; 24 Hours Security; Fast Internet,06 Jan 2026,https://www.propertypro.ng/property/5-bedroom-house-for-sale-close-to-sunnyvale-lokogoma-abuja-4NYZM
6NZER,7 Units Of 3 Bedroom Terraced Duplex With Bq,1600000000.0,"₦ 1,600,000,000",3.0,,House,"Diplomatic Zone, Katampe Extension Katampe Abuja","Diplomatic Zone, Katampe Extension",Katampe,Abuja,Shedrack Luka,Big Compound; 24 Hours Security; Fast Internet,09 Jan 2026,https://www.propertypro.ng/property/house-for-sale-diplomatic-zone-katampe-extension-katampe-abuja-6NZER
0NRPE,Pre Finished 3 Bedroom Flat,85000000.0,"₦ 85,000,000",3.0,3.0,House,Main Jabi Abuja,Main,Jabi,Abuja,Shedrack Luka,Free Wifi; Big Compound; 24 Hours Security,15 Oct 2025,https://www.propertypro.ng/property/3-bedroom-house-for-sale-main-jabi-abuja-0NRPE
0NPSS,4 Bedroom Semi Detached Duplex,200000000.0,"₦ 200,000,000",4.0,5.0,House,Main Katampe Main Abuja,Main Katampe,Main,Abuja,Shedrack Luka,Free Wifi; Big Compound; 24 Hours Security,28 Sep 2025,https://www.propertypro.ng/property/4-bedroom-house-for-sale-main-katampe-main-abuja-0NPSS
2PFNQ,2 Bedroom Apartment With Bq,250000000.0,"₦ 250,000,000",2.0,2.0,House,Omole Ikeja Lagos,Omole,Ikeja,Lagos,Besproperties,Big Compound; 24 Hours Security; Pop Ceiling,04 Mar 2026,https://www.propertypro.ng/property/2-bedroom-house-for-sale-omole-ikeja-lagos-2PFNQ
3PKBK,5 Bedroom Semi Detached Duplex,350000000.0,"₦ 350,000,000",5.0,5.0,House,7th Avenue Gwarinpa Abuja,7th Avenue,Gwarinpa,Abuja,Besproperties,Big Compound; 24 Hours Security; Pop Ceiling,06 Apr 2026,https://www.propertypro.ng/property/5-bedroom-house-for-sale-7th-avenue-gwarinpa-abuja-3PKBK
2PFNP,2 Bedroom Apartment,160000000.0,"₦ 160,000,000",2.0,2.0,House,"Ikeja, Maryland Lagos","Ikeja,",Maryland,Lagos,Besproperties,Big Compound; Pop Ceiling; C Of O,04 Mar 2026,https://www.propertypro.ng/property/2-bedroom-house-for-sale-ikeja-maryland-lagos-2PFNP
2PNPV,Luxury 4 Bedroom Detached Duplex With Bq,270000000.0,"₦ 270,000,000",4.0,4.0,House,Ajah Lagos,Ajah,Lagos,Lagos,Sanrealtor,,08 May 2026,https://www.propertypro.ng/property/4-bedroom-house-for-sale-ajah-lagos-2PNPV
5PNPQ,4 Bedroom Semi Detached Duplex With Bq,230000000.0,"₦ 230,000,000",4.0,4.0,House,Ikota Lekki Lagos,Ikota,Lekki,Lagos,Sanrealtor,,08 May 2026,https://www.propertypro.ng/property/4-bedroom-house-for-sale-ikota-lekki-lagos-5PNPQ
3PNWC,5 Bedroom Semi Detaached Duplex,700000000.0,"₦ 700,000,000",5.0,5.0,House,Osapa London Lekki Lagos,Osapa London,Lekki,Lagos,Sanrealtor,,10 May 2026,https://www.propertypro.ng/property/5-bedroom-house-for-sale-osapa-london-lekki-lagos-3PNWC
9PNWC,4 Bedroom Detached Duplex With Bq,320000000.0,"₦ 320,000,000",4.0,4.0,House,Orchid Lekki Lagos,Orchid,Lekki,Lagos,Sanrealtor,,10 May 2026,https://www.propertypro.ng/property/4-bedroom-house-for-sale-orchid-lekki-lagos-9PNWC
7PNWH,5 Bedroom Detached Duplex With Bq,7000000000.0,"₦ 7,000,000,000",5.0,5.0,House,Ikoyi Lagos,Ikoyi,Lagos,Lagos,Sanrealtor,,11 May 2026,https://www.propertypro.ng/property/5-bedroom-house-for-sale-ikoyi-lagos-7PNWH
5PNPW,3 Bedroom Terrace Duplex,600000000.0,"₦ 600,000,000",3.0,3.0,House,Lekki Phase 1 Lekki Lagos,Lekki Phase 1,Lekki,Lagos,Sanrealtor,,08 May 2026,https://www.propertypro.ng/property/3-bedroom-house-for-sale-lekki-phase-1-lekki-lagos-5PNPW
2PNZC,5 Bedroom Semi Detached Duplex With Bq,1300000000.0,"₦ 1,300,000,000",5.0,5.0,House,Ikate Lekki Lagos,Ikate,Lekki,Lagos,Sanrealtor,,11 May 2026,https://www.propertypro.ng/property/5-bedroom-house-for-sale-ikate-lekki-lagos-2PNZC
8PNZJ,5 Bedroom Detached Duplex,620000000.0,"₦ 620,000,000",5.0,5.0,House,Osapa London Lekki Lagos,Osapa London,Lekki,Lagos,Sanrealtor,,11 May 2026,https://www.propertypro.ng/property/5-bedroom-house-for-sale-osapa-london-lekki-lagos-8PNZJ
4PMMH,2bed Apartment..,350000000.0,"₦ 350,000,000",2.0,3.0,Flat / Apartment,Shonibare Estate Maryland Lagos,Shonibare Estate,Maryland,Lagos,Dollyrealty,Only on PropertyPro,28 Apr 2026,https://www.propertypro.ng/property/2-bedroom-flat-apartment-for-sale-shonibare-estate-maryland-lagos-4PMMH
4PFAS,Contemporary 5 Bedroom Detached Duplex,450000000.0,"₦ 450,000,000",5.0,5.0,House,Chevron Lekki Lagos,Chevron,Lekki,Lagos,Sunwealth real,Big Compound; 24 Hours Security; Boys Quater,01 Mar 2026,https://www.propertypro.ng/property/5-bedroom-house-for-sale-chevron-lekki-lagos-4PFAS
4PFCH,3 Bedroom Apartment,250000000.0,"₦ 250,000,000",3.0,3.0,Flat Apartment,Ikate Lekki Lagos,Ikate,Lekki,Lagos,Sunwealth real,,01 Mar 2026,https://www.propertypro.ng/property/3-bedroom-flat-apartment-for-sale-ikate-lekki-lagos-4PFCH
6PJKN,Contemporary 4 Bedroom Semi Detached Duplex,220000000.0,"₦ 220,000,000",4.0,4.0,House,Ikota Lekki Lagos,Ikota,Lekki,Lagos,Sunwealth real,Big Compound; Boys Quater; Pop Ceiling,31 Mar 2026,https://www.propertypro.ng/property/4-bedroom-house-for-sale-ikota-lekki-lagos-6PJKN
8PPFW,3 Bedroom Apartment,260000000.0,"₦ 260,000,000",3.0,3.0,House,Oniru Victoria Island Lagos,Oniru Victoria,Island,Lagos,ITJ REALTOR,,13 May 2026,https://www.propertypro.ng/property/3-bedroom-house-for-sale-oniru-victoria-island-lagos-8PPFW
5PJFS,Newly Built 5 Bedroom Detached Duplex With Bq,650000000.0,"₦ 650,000,000",5.0,5.0,House,Gaduwa District Gaduwa Abuja,Gaduwa District,Gaduwa,Abuja,Ademeso olalekan,,30 Mar 2026,https://www.propertypro.ng/property/5-bedroom-house-for-sale-gaduwa-district-gaduwa-abuja-5PJFS
1PGNN,Dry Land Mesuring 600.575sqm,620000000.0,"₦ 620,000,000",,,Land,Pinnock Beach Estate Osapa London Lekki Lagos,Pinnock Beach Estate Osapa London,Lekki,Lagos,OUTSTANDING REAL,,13 Mar 2026,https://www.propertypro.ng/property/land-for-sale-pinnock-beach-estate-osapa-london-lekki-lagos-1PGNN
0PHHR,5 Bedroom Fully Detached Duplex,750000000.0,"₦ 750,000,000",5.0,5.0,House,Lekki Phase 1 Lekki Lagos,Lekki Phase 1,Lekki,Lagos,OUTSTANDING REAL,,20 Mar 2026,https://www.propertypro.ng/property/5-bedroom-house-for-sale-lekki-phase-1-lekki-lagos-0PHHR
9PEGT,5 Bedroom Detached Duplex,340000000.0,"₦ 340,000,000",5.0,,House,"Olapade Agoro, Sharp Corner Oluyole Estate Ibadan Oyo","Olapade Agoro, Sharp Corner Oluyole Estate",Ibadan,Oyo,Openkeys business,,23 Feb 2026,https://www.propertypro.ng/property/5-bedroom-house-for-sale-olapade-agoro-sharp-corner-oluyole-estate-ibadan-oyo-9PEGT
5PNFU,4 Bedroom Terrace Duplex With Basement Shell,250000000.0,"₦ 250,000,000",4.0,4.0,House,Near Cubana House And Guzape Mosque Guzape Abuja,Near Cubana House And Guzape Mosque,Guzape,Abuja,TZ ESTATE,,06 May 2026,https://www.propertypro.ng/property/4-bedroom-house-for-sale-near-cubana-house-and-guzape-mosque-guzape-abuja-5PNFU
0PAAY,A Flat Land,450000000.0,"₦ 450,000,000",,,Land,69road Gwarinpa Abuja,69road,Gwarinpa,Abuja,Ademeso olalekan,,16 Jan 2026,https://www.propertypro.ng/property/land-for-sale-69road-gwarinpa-abuja-0PAAY
7PCCC,Flat And Fenced Commercial Land,650000000.0,"₦ 650,000,000",,,Land,Jahi Abuja,Jahi,Abuja,Abuja,Ademeso olalekan,,04 Feb 2026,https://www.propertypro.ng/property/land-for-sale-jahi-abuja-7PCCC
1PKCX,4 Bedroom Detached Duplex,110000000.0,"₦ 110,000,000",4.0,,House,"Agara Estate, Tipper Garage Akala Express Ibadan Oyo","Agara Estate, Tipper Garage Akala Express",Ibadan,Oyo,Openkeys business,,07 Apr 2026,https://www.propertypro.ng/property/4-bedroom-house-for-sale-agara-estate-tipper-garage-akala-express-ibadan-oyo-1PKCX
0PHYE,A Newly Built 4 Bedroom Detached Duplex,180000000.0,"₦ 180,000,000",4.0,,House,Adeyi Bodija Ibadan Oyo,Adeyi Bodija,Ibadan,Oyo,Openkeys business,,26 Mar 2026,https://www.propertypro.ng/property/4-bedroom-house-for-sale-adeyi-bodija-ibadan-oyo-0PHYE
7PDCH,3160sqm Land,600000000.0,"₦ 600,000,000",,,Land,Oluyole Estate Ibadan Oyo,Oluyole Estate,Ibadan,Oyo,Openkeys business,,13 Feb 2026,https://www.propertypro.ng/property/land-for-sale-oluyole-estate-ibadan-oyo-7PDCH
1PNLH,4 Bedroom Detached Duplex With Bq,300000000.0,"₦ 300,000,000",4.0,4.0,House,Vgc Lekki Lagos,Vgc,Lekki,Lagos,Sanrealtor,,07 May 2026,https://www.propertypro.ng/property/4-bedroom-house-for-sale-vgc-lekki-lagos-1PNLH
0PFBH,Newly Built 5 Bedroom Bungalow,130000000.0,"₦ 130,000,000",5.0,,House,Ayegoro By Carlton Gate Akobo Ibadan Oyo,Ayegoro By Carlton Gate Akobo,Ibadan,Oyo,Openkeys business,,01 Mar 2026,https://www.propertypro.ng/property/5-bedroom-house-for-sale-ayegoro-by-carlton-gate-akobo-ibadan-oyo-0PFBH
2PEZD,4 Bedroom Terraced Duplex With Bq,420000000.0,"₦ 420,000,000",5.0,5.0,House,"Opposite Games Village, Kukwaba Abuja","Opposite Games Village,",Kukwaba,Abuja,Besproperties,Big Compound; 24 Hours Security; C Of O,28 Feb 2026,https://www.propertypro.ng/property/5-bedroom-house-for-sale-opposite-games-village-kukwaba-abuja-2PEZD
4PUKL,4bed,320000000.0,"₦ 320,000,000",4.0,4.0,House,Chevron Lekki Lagos,Chevron,Lekki,Lagos,New adventures,,26 Jun 2026,https://www.propertypro.ng/property/4-bedroom-house-for-sale-chevron-lekki-lagos-4PUKL
4PEZH,3 Bedroom Apartment With Bq,85000000.0,"₦ 85,000,000",3.0,3.0,Flat Apartment,Mbora (nbora) Abuja,Mbora,(nbora),Abuja,Besproperties,Big Compound; C Of O; Mosques Nearby,28 Feb 2026,https://www.propertypro.ng/property/3-bedroom-flat-apartment-for-sale-mbora-nbora-abuja-4PEZH
7PKQE,1 Bedroom Apartment,125000000.0,"₦ 125,000,000",1.0,1.0,House,Jahi Abuja,Jahi,Abuja,Abuja,Ademeso olalekan,,11 Apr 2026,https://www.propertypro.ng/property/1-bedroom-house-for-sale-jahi-abuja-7PKQE
2NZAC,7bed Detached+bq,2200000000.0,"₦ 2,200,000,000",7.0,8.0,House,Ikeja Gra Ikeja Lagos,Ikeja Gra,Ikeja,Lagos,Dollyrealty,Newly Built; Only on PropertyPro,07 Jan 2026,https://www.propertypro.ng/property/7-bedroom-house-for-sale-ikeja-gra-ikeja-lagos-2NZAC
0PLDF,Newly Built 4 Bedroom Terrace Duplex,400000000.0,"₦ 400,000,000",4.0,4.0,House,Apo Legislative (national Assembly Quarters) Apo Abuja,Apo Legislative (national Assembly Quarters),Apo,Abuja,Ademeso olalekan,,16 Apr 2026,https://www.propertypro.ng/property/4-bedroom-house-for-sale-apo-legislative-national-assembly-quarters-apo-abuja-0PLDF
2PMGM,Newly Built 4 Bedroom Terraced Duplex With Bq,750000000.0,"₦ 750,000,000",4.0,4.0,House,Utako Abuja,Utako,Abuja,Abuja,Ademeso olalekan,,26 Apr 2026,https://www.propertypro.ng/property/4-bedroom-house-for-sale-utako-abuja-2PMGM
1PFZJ,5 Bedroom Detached Duplex,1900000000.0,"₦ 1,900,000,000",5.0,5.0,House,Osapa London Lekki Lagos,Osapa London,Lekki,Lagos,Sunwealth real,Big Compound; 24 Hours Security; Fast Internet,09 Mar 2026,https://www.propertypro.ng/property/5-bedroom-house-for-sale-osapa-london-lekki-lagos-1PFZJ
3PFSW,5 Bedroom Detached Duplex,550000000.0,"₦ 550,000,000",5.0,5.0,House,Chevron Lekki Lagos,Chevron,Lekki,Lagos,Sunwealth real,Big Compound; 24 Hours Security; Boys Quater,06 Mar 2026,https://www.propertypro.ng/property/5-bedroom-house-for-sale-chevron-lekki-lagos-3PFSW
8PLXT,14 Units Of 4 Bedroom Terrace Duplex Mini Estate,2520000000.0,"₦ 2,520,000,000",4.0,4.0,House,Ologolo Lekki Lagos,Ologolo,Lekki,Lagos,OUTSTANDING REAL,Big Compound; 24 Hours Security; Boys Quater,23 Apr 2026,https://www.propertypro.ng/property/4-bedroom-house-for-sale-ologolo-lekki-lagos-8PLXT
9PJCA,Luxury 5 Bedroom Fully Detached Duplex,1200000000.0,"₦ 1,200,000,000",5.0,5.0,House,Lekki Phase 1 Lekki Lagos,Lekki Phase 1,Lekki,Lagos,OUTSTANDING REAL,,27 Mar 2026,https://www.propertypro.ng/property/5-bedroom-house-for-sale-lekki-phase-1-lekki-lagos-9PJCA
7PHJW,Luxury 2 Bedroom Apartment With Elevator,200000000.0,"₦ 200,000,000",2.0,2.0,House,Lekki Phase 1 Lekki Lagos,Lekki Phase 1,Lekki,Lagos,OUTSTANDING REAL,,21 Mar 2026,https://www.propertypro.ng/property/2-bedroom-house-for-sale-lekki-phase-1-lekki-lagos-7PHJW
1PKKM,Fully Serviced 4 Bedroom Terraced Duplex,550000000.0,"₦ 550,000,000",4.0,4.0,House,Lekki Phase 1 Lekki Lagos,Lekki Phase 1,Lekki,Lagos,OUTSTANDING REAL,Big Compound; 24 Hours Security; Boys Quater,09 Apr 2026,https://www.propertypro.ng/property/4-bedroom-house-for-sale-lekki-phase-1-lekki-lagos-1PKKM
2PHJW,Spacious 2 Bedroom Flat With Bq/elevator/pool,250000000.0,"₦ 250,000,000",2.0,2.0,House,Lekki Phase 1 Lekki Lagos,Lekki Phase 1,Lekki,Lagos,OUTSTANDING REAL,,21 Mar 2026,https://www.propertypro.ng/property/2-bedroom-house-for-sale-lekki-phase-1-lekki-lagos-2PHJW
1PEZD,4 Bedroom Terraced Duplex With Bq,215000000.0,"₦ 215,000,000",4.0,4.0,House,"Opposite Games Village, Kukwaba Abuja","Opposite Games Village,",Kukwaba,Abuja,Besproperties,Big Compound; 24 Hours Security; Security,28 Feb 2026,https://www.propertypro.ng/property/4-bedroom-house-for-sale-opposite-games-village-kukwaba-abuja-1PEZD
1PEZE,4 Bedroom Terraced Duplex With Bq,120000000.0,"₦ 120,000,000",4.0,5.0,House,"By The Turkish Hospital, Mbora (nbora) Abuja","By The Turkish Hospital, Mbora",(nbora),Abuja,Besproperties,Big Compound; 24 Hours Security; Pop Ceiling,28 Feb 2026,https://www.propertypro.ng/property/4-bedroom-house-for-sale-by-the-turkish-hospital-mbora-nbora-abuja-1PEZE
9PEZC,3 Bedroom Apartment With Bq,195000000.0,"₦ 195,000,000",3.0,3.0,House,Behind Coza Guzape Abuja,Behind Coza,Guzape,Abuja,Besproperties,Big Compound; 24 Hours Security; Pop Ceiling,28 Feb 2026,https://www.propertypro.ng/property/3-bedroom-house-for-sale-behind-coza-guzape-abuja-9PEZC
8PNLH,5 Bedroom Terraced Home With Bq,1500000000.0,"₦ 1,500,000,000",5.0,5.0,House,Ikoyi Lagos,Ikoyi,Lagos,Lagos,Sanrealtor,,07 May 2026,https://www.propertypro.ng/property/5-bedroom-house-for-sale-ikoyi-lagos-8PNLH
1PNGF,4 Bedroom Semi Detached Duplex With Bq,1550000000.0,"₦ 1,550,000,000",4.0,4.0,House,Ikoyi Lagos,Ikoyi,Lagos,Lagos,Sanrealtor,,06 May 2026,https://www.propertypro.ng/property/4-bedroom-house-for-sale-ikoyi-lagos-1PNGF
5PNGF,4 Bedroom Fully Detached Duplex With Bq,320000000.0,"₦ 320,000,000",4.0,4.0,House,Orchid Lekki Lagos,Orchid,Lekki,Lagos,Sanrealtor,,06 May 2026,https://www.propertypro.ng/property/4-bedroom-house-for-sale-orchid-lekki-lagos-5PNGF
6PNGE,Luxury 5 Bedroom Detatched Duplex With Bq,1850000000.0,"₦ 1,850,000,000",5.0,5.0,House,Ikoyi Lagos,Ikoyi,Lagos,Lagos,Sanrealtor,,06 May 2026,https://www.propertypro.ng/property/5-bedroom-house-for-sale-ikoyi-lagos-6PNGE
0PNLN,5 Bedroom Detatched Duplex With Bq,450000000.0,"₦ 450,000,000",5.0,5.0,House,Chevron Lekki Lagos,Chevron,Lekki,Lagos,Sanrealtor,,07 May 2026,https://www.propertypro.ng/property/5-bedroom-house-for-sale-chevron-lekki-lagos-0PNLN
5PNGH,Luxury 5 Bedroom Detatched Duplex With Bq,280000000.0,"₦ 280,000,000",5.0,5.0,House,Ikota Lekki Lagos,Ikota,Lekki,Lagos,Sanrealtor,,06 May 2026,https://www.propertypro.ng/property/5-bedroom-house-for-sale-ikota-lekki-lagos-5PNGH
6PLGN,4 Bedroom Fully Detached Duplex,250000000.0,"₦ 250,000,000",4.0,4.0,House,"Kola Lawal Estate, Akobo Ibadan Oyo","Kola Lawal Estate, Akobo",Ibadan,Oyo,Poly property,,17 Apr 2026,https://www.propertypro.ng/property/4-bedroom-house-for-sale-kola-lawal-estate-akobo-ibadan-oyo-6PLGN
0PFKF,1 Bedroom Apartment,52080376.0,"₦ 52,080,376",1.0,1.0,House,"Airport Road Before Centenary City, Lugbe Abuja","Airport Road Before Centenary City,",Lugbe,Abuja,Besproperties,C Of O; Mosques Nearby; All Room Ensuit,03 Mar 2026,https://www.propertypro.ng/property/1-bedroom-house-for-sale-airport-road-before-centenary-city-lugbe-abuja-0PFKF
8PRTG,Newly Built 5 Bedroom Detached Duplex With Bq,550000000.0,"₦ 550,000,000",5.0,5.0,House,Vgc Lekki Lagos,Vgc,Lekki,Lagos,Sanrealtor,Only on PropertyPro,04 Jun 2026,https://www.propertypro.ng/property/5-bedroom-house-for-sale-vgc-lekki-lagos-8PRTG
4PRWH,Nicely Built Twin Bungalow Of 3 Bedroom Flats,38000000.0,"₦ 38,000,000",3.0,,House,Olorunda Aba Akobo Ibadan Oyo,Olorunda Aba Akobo,Ibadan,Oyo,Openkeys business,,05 Jun 2026,https://www.propertypro.ng/property/3-bedroom-house-for-sale-olorunda-aba-akobo-ibadan-oyo-4PRWH
9NSUK,500sqm Estate Plots Of Land N40m,40000000.0,"₦ 40,000,000",5.0,5.0,Land,Galadimawa Abuja,Galadimawa,Abuja,Abuja,TZ ESTATE,,26 Oct 2025,https://www.propertypro.ng/property/5-bedroom-land-for-sale-galadimawa-abuja-9NSUK
8PHXH,"2,300sqm Plots Of Land",500000000.0,"₦ 500,000,000",,,Land,"Awosika Avenue, Old Bodija, Ibadan Oyo","Awosika Avenue, Old Bodija,",Ibadan,Oyo,MrMideOseni Homes,C Of O,26 Mar 2026,https://www.propertypro.ng/property/land-for-sale-awosika-avenue-old-bodija-ibadan-oyo-8PHXH
2PFCA,4 Bedroom Terrace Duplex With Bq,280000000.0,"₦ 280,000,000",4.0,4.0,House,Main Gwarinpa Abuja,Main,Gwarinpa,Abuja,Shedrack Luka,Printing Service; Fast Internet; Pop Ceiling,01 Mar 2026,https://www.propertypro.ng/property/4-bedroom-house-for-sale-main-gwarinpa-abuja-2PFCA
9PKBP,300sqm Residential Land,21200000.0,"₦ 21,200,000",,,Land,Elerangbe Ibeju Lekki Lagos,Elerangbe Ibeju,Lekki,Lagos,Besproperties,,06 Apr 2026,https://www.propertypro.ng/property/land-for-sale-elerangbe-ibeju-lekki-lagos-9PKBP
3PPCL,5 Bedroom Duplex + Bq,420000000.0,"₦ 420,000,000",5.0,5.0,House,Ikota Lekki Lagos,Ikota,Lekki,Lagos,ITJ REALTOR,,12 May 2026,https://www.propertypro.ng/property/5-bedroom-house-for-sale-ikota-lekki-lagos-3PPCL
7PFNP,3 Bedroom Penthouse +bq,275000000.0,"₦ 275,000,000",3.0,3.0,House,Ikeja Maryland Lagos,Ikeja,Maryland,Lagos,Besproperties,Big Compound; C Of O; Swimming Pool,04 Mar 2026,https://www.propertypro.ng/property/3-bedroom-house-for-sale-ikeja-maryland-lagos-7PFNP
9PUJT,4bed,320000000.0,"₦ 320,000,000",4.0,4.0,House,Orchid Lekki Lagos,Orchid,Lekki,Lagos,New adventures,,26 Jun 2026,https://www.propertypro.ng/property/4-bedroom-house-for-sale-orchid-lekki-lagos-9PUJT
7NRNZ,Newly Built 4 Bedroom Terraced Duplex With Bq,250000000.0,"₦ 250,000,000",4.0,4.0,House,"Gilmore, Jahi Abuja","Gilmore,",Jahi,Abuja,Shedrack Luka,Big Compound; 24 Hours Security; Fast Internet,15 Oct 2025,https://www.propertypro.ng/property/4-bedroom-house-for-sale-gilmore-jahi-abuja-7NRNZ
0PNSV,Luxury 5 Bedroom Fully Detached Duplex With Bq,700000000.0,"₦ 700,000,000",5.0,5.0,House,Ikota Lekki Lagos,Ikota,Lekki,Lagos,Sanrealtor,,09 May 2026,https://www.propertypro.ng/property/5-bedroom-house-for-sale-ikota-lekki-lagos-0PNSV
3PNSV,5 Bedroom Detached Duplex With Bq,420000000.0,"₦ 420,000,000",5.0,5.0,House,Ikota Lekki Lagos,Ikota,Lekki,Lagos,Sanrealtor,,09 May 2026,https://www.propertypro.ng/property/5-bedroom-house-for-sale-ikota-lekki-lagos-3PNSV
6PPNJ,5 Bedroom Fully Detached Duplex,550000000.0,"₦ 550,000,000",5.0,5.0,House,Alpha Beach Road Lekki Lagos,Alpha Beach Road,Lekki,Lagos,John Boris,,15 May 2026,https://www.propertypro.ng/property/5-bedroom-house-for-sale-alpha-beach-road-lekki-lagos-6PPNJ
8PGNZ,5 Bedroom Detached Duplex,1600000000.0,"₦ 1,600,000,000",5.0,5.0,House,Lekki Phase 1 Lekki Lagos,Lekki Phase 1,Lekki,Lagos,Perfect Images,,13 Mar 2026,https://www.propertypro.ng/property/5-bedroom-house-for-sale-lekki-phase-1-lekki-lagos-8PGNZ
7PQSL,4 Bedroom Semi Detached Duplex With Bq,250000000.0,"₦ 250,000,000",4.0,4.0,House,Chevron Alternative Route Lekki Lagos,Chevron Alternative Route,Lekki,Lagos,GUDNESS REALITY,Jacuzzi; Security; Pop Ceiling,26 May 2026,https://www.propertypro.ng/property/4-bedroom-house-for-sale-chevron-alternative-route-lekki-lagos-7PQSL
2PFCH,2 Bedroom Apartment,215000000.0,"₦ 215,000,000",2.0,2.0,Flat Apartment,Ikate Lekki Lagos,Ikate,Lekki,Lagos,Sunwealth real,,01 Mar 2026,https://www.propertypro.ng/property/2-bedroom-flat-apartment-for-sale-ikate-lekki-lagos-2PFCH
2PJSG,2.2h Residential Plot,3800000000.0,"₦ 3,800,000,000",,,Land,Close To Urban Shelter Estate. Katampe Main Abuja,Close To Urban Shelter Estate. Katampe,Main,Abuja,Shedrack Luka,C Of O,02 Apr 2026,https://www.propertypro.ng/property/land-for-sale-close-to-urban-shelter-estate-katampe-main-abuja-2PJSG
0NZUR,4 Bedroom Terraced Duplex,150000000.0,"₦ 150,000,000",4.0,4.0,House,Gwarinpa Abuja,Gwarinpa,Abuja,Abuja,Besproperties,Big Compound; Pop Ceiling; Supermarket Nearby,14 Jan 2026,https://www.propertypro.ng/property/4-bedroom-house-for-sale-gwarinpa-abuja-0NZUR
3PFCZ,3 Bedroom Apartment,650000000.0,"₦ 650,000,000",3.0,3.0,Flat Apartment,Victoria Island Lagos,Victoria,Island,Lagos,Sunwealth real,,02 Mar 2026,https://www.propertypro.ng/property/3-bedroom-flat-apartment-for-sale-victoria-island-lagos-3PFCZ
8PCRT,New Fully Detached 3 Bedroom Bungalow With Bq,75000000.0,"₦ 75,000,000",3.0,3.0,House,"Olushetan Street Elebu, Jericho Ibadan Oyo","Olushetan Street Elebu, Jericho",Ibadan,Oyo,Poly property,Big Compound; Boys Quater; Pop Ceiling,09 Feb 2026,https://www.propertypro.ng/property/3-bedroom-house-for-sale-olushetan-street-elebu-jericho-ibadan-oyo-8PCRT
9PJFW,"Commercial Land Of 13,000sqm",5000000000.0,"₦ 5,000,000,000",,,Land,Amuwo Odofin Lagos,Amuwo,Odofin,Lagos,Chrystal Abodes,,30 Mar 2026,https://www.propertypro.ng/property/land-for-sale-amuwo-odofin-lagos-9PJFW
6NUNF,5bed+ Bq..,2200000000.0,"₦ 2,200,000,000",5.0,6.0,House,Ikeja Gra Ikeja Lagos,Ikeja Gra,Ikeja,Lagos,Dollyrealty,Newly Built; Only on PropertyPro,14 Nov 2025,https://www.propertypro.ng/property/5-bedroom-house-for-sale-ikeja-gra-ikeja-lagos-6NUNF
4PPAT,Luxury 5 Bedroom Fully Detached Duplex With Bq,370000000.0,"₦ 370,000,000",5.0,5.0,House,Ajah Lagos,Ajah,Lagos,Lagos,OUTSTANDING REAL,,12 May 2026,https://www.propertypro.ng/property/5-bedroom-house-for-sale-ajah-lagos-4PPAT
9PJPG,Newly Built 5 Bedroom Detached Duplex With Bq,580000000.0,"₦ 580,000,000",5.0,5.0,House,Life Camp Abuja,Life,Camp,Abuja,Ademeso olalekan,,01 Apr 2026,https://www.propertypro.ng/property/5-bedroom-house-for-sale-life-camp-abuja-9PJPG
7PCYZ,Land Measuring 600sqm,120000000.0,"₦ 120,000,000",,,Land,Jare Alade Close Jericho Ibadan Oyo,Jare Alade Close Jericho,Ibadan,Oyo,Openkeys business,,12 Feb 2026,https://www.propertypro.ng/property/land-for-sale-jare-alade-close-jericho-ibadan-oyo-7PCYZ
5PFJA,Modern 4 Bedroom Terraced Duplex,400000000.0,"₦ 400,000,000",4.0,4.0,House,Ikate Lekki Lagos,Ikate,Lekki,Lagos,Sunwealth real,Big Compound; Boys Quater; All Room Ensuit,03 Mar 2026,https://www.propertypro.ng/property/4-bedroom-house-for-sale-ikate-lekki-lagos-5PFJA
8PMWX,Exquisite Luxurious 5 Bedroom Detached Duplex,1500000000.0,"₦ 1,500,000,000",5.0,5.0,House,Katampe Extension Katampe Abuja,Katampe Extension,Katampe,Abuja,Ademeso olalekan,,02 May 2026,https://www.propertypro.ng/property/5-bedroom-house-for-sale-katampe-extension-katampe-abuja-8PMWX
6PMWW,Luxury 5 Bedroom Detached Duplex,390000000.0,"₦ 390,000,000",5.0,5.0,House,Ikota Lekki Lagos,Ikota,Lekki,Lagos,OUTSTANDING REAL,Big Compound; Boys Quater; Drainage System,02 May 2026,https://www.propertypro.ng/property/5-bedroom-house-for-sale-ikota-lekki-lagos-6PMWW
3PJKW,Contemporary 4 Bedroom Semi Detached Duplex,150000000.0,"₦ 150,000,000",4.0,4.0,House,Ikota Lekki Lagos,Ikota,Lekki,Lagos,Sunwealth real,Big Compound; 24 Hours Security; Boys Quater,31 Mar 2026,https://www.propertypro.ng/property/4-bedroom-house-for-sale-ikota-lekki-lagos-3PJKW
2PKUM,8 Units Of 3 Bedroom Flat,75000000.0,"₦ 75,000,000",3.0,,House,Eyin Grammar Molete Ibadan Oyo,Eyin Grammar Molete,Ibadan,Oyo,Openkeys business,,13 Apr 2026,https://www.propertypro.ng/property/3-bedroom-house-for-sale-eyin-grammar-molete-ibadan-oyo-2PKUM
7PNPR,Newly Built 4 Bedroom Detached Duplex With Bq,350000000.0,"₦ 350,000,000",4.0,4.0,House,Lekki Lagos,Lekki,Lagos,Lagos,Sanrealtor,,08 May 2026,https://www.propertypro.ng/property/4-bedroom-house-for-sale-lekki-lagos-7PNPR
5NSUM,4 Bedroom Terraced Duplex With Bq,300000000.0,"₦ 300,000,000",4.0,4.0,House,Guzape Abuja,Guzape,Abuja,Abuja,TZ ESTATE,,26 Oct 2025,https://www.propertypro.ng/property/4-bedroom-house-for-sale-guzape-abuja-5NSUM
3PMGL,Newly Built 4 Bedroom Terraced Duplex With Bq,400000000.0,"₦ 400,000,000",4.0,4.0,House,Jabi Abuja,Jabi,Abuja,Abuja,Ademeso olalekan,,26 Apr 2026,https://www.propertypro.ng/property/4-bedroom-house-for-sale-jabi-abuja-3PMGL
9NRNX,4.40hactares Of Housing Estate Land,550000000.0,"₦ 550,000,000",,,Land,Apo Wasa Apo Abuja,Apo Wasa,Apo,Abuja,Shedrack Luka,C Of O; Drainage System,15 Oct 2025,https://www.propertypro.ng/property/land-for-sale-apo-wasa-apo-abuja-9NRNX
4PKBP,500sqm Commercial Land,50000000.0,"₦ 50,000,000",,,Land,Okeogun Lekki Epe Expressway Along Lekki Expressway Lekki Lagos,Okeogun Lekki Epe Expressway Along Lekki Expressway,Lekki,Lagos,Besproperties,,06 Apr 2026,https://www.propertypro.ng/property/land-for-sale-okeogun-lekki-epe-expressway-along-lekki-expressway-lekki-lagos-4PKBP
9PKUZ,Twin 2 Bedroom Apartment,25000000.0,"₦ 25,000,000",2.0,,House,Elewuro Akobo Ibadan Oyo,Elewuro Akobo,Ibadan,Oyo,Openkeys business,,13 Apr 2026,https://www.propertypro.ng/property/2-bedroom-house-for-sale-elewuro-akobo-ibadan-oyo-9PKUZ
1PUDT,Clean & Spacious 3bedroom Terrace Duplex Corner Piece,150000000.0,"₦ 150,000,000",3.0,3.0,House,Apo Wumba Wumba Abuja,Apo Wumba,Wumba,Abuja,Shedrack Luka,Big Compound; 24 Hours Security; Pop Ceiling,24 Jun 2026,https://www.propertypro.ng/property/3-bedroom-house-for-sale-apo-wumba-wumba-abuja-1PUDT
1PUKK,5bed,750000000.0,"₦ 750,000,000",5.0,5.0,House,Lekki Phase 2 Lekki Lagos,Lekki Phase 2,Lekki,Lagos,New adventures,,26 Jun 2026,https://www.propertypro.ng/property/5-bedroom-house-for-sale-lekki-phase-2-lekki-lagos-1PUKK
6PNZX,2 Bedroom Apartment,350000000.0,"₦ 350,000,000",2.0,2.0,House,Lekki Phase 1 Lekki Lagos,Lekki Phase 1,Lekki,Lagos,ITJ REALTOR,Big Compound; Fast Internet; C Of O,11 May 2026,https://www.propertypro.ng/property/2-bedroom-house-for-sale-lekki-phase-1-lekki-lagos-6PNZX
9PNZU,5 Bedroom Detached Duplex,300000000.0,"₦ 300,000,000",5.0,5.0,House,General Paint Lekki Lagos,General Paint,Lekki,Lagos,ITJ REALTOR,,11 May 2026,https://www.propertypro.ng/property/5-bedroom-house-for-sale-general-paint-lekki-lagos-9PNZU
9PNMM,5 Bedroom Semi Detached Duplex,950000000.0,"₦ 950,000,000",5.0,5.0,House,Cowrie Creek Estate Ikate Ikate Lekki Lagos,Cowrie Creek Estate Ikate Ikate,Lekki,Lagos,OUTSTANDING REAL,,07 May 2026,https://www.propertypro.ng/property/5-bedroom-house-for-sale-cowrie-creek-estate-ikate-ikate-lekki-lagos-9PNMM
8PHXS,Fully Detached 4 Bedroom Duplex,270000000.0,"₦ 270,000,000",4.0,4.0,House,"Carlton Gate Estate, Akobo Ibadan Oyo","Carlton Gate Estate, Akobo",Ibadan,Oyo,Poly property,Big Compound; Security; Pop Ceiling,26 Mar 2026,https://www.propertypro.ng/property/4-bedroom-house-for-sale-carlton-gate-estate-akobo-ibadan-oyo-8PHXS
7PMSQ,4 Bedroom Terrace Duplex With Bq,270000000.0,"₦ 270,000,000",4.0,4.0,House,Gilmore Jahi Abuja,Gilmore,Jahi,Abuja,TZ ESTATE,,30 Apr 2026,https://www.propertypro.ng/property/4-bedroom-house-for-sale-gilmore-jahi-abuja-7PMSQ
0PLQF,4 Bedroom Terrace Duplex,170000000.0,"₦ 170,000,000",4.0,4.0,House,Chevron Toll Gate Lekki Lagos,Chevron Toll Gate,Lekki,Lagos,OUTSTANDING REAL,,20 Apr 2026,https://www.propertypro.ng/property/4-bedroom-house-for-sale-chevron-toll-gate-lekki-lagos-0PLQF
0PKLW,4 Bedroom Duplex,250000000.0,"₦ 250,000,000",4.0,,House,Alalubosa Gra Alalubosa Ibadan Oyo,Alalubosa Gra Alalubosa,Ibadan,Oyo,Openkeys business,,10 Apr 2026,https://www.propertypro.ng/property/4-bedroom-house-for-sale-alalubosa-gra-alalubosa-ibadan-oyo-0PKLW
2PDMS,Spacious 5 Bedroom Fully Detached Duplex,1550000000.0,"₦ 1,550,000,000",5.0,6.0,House,Osapa London Lekki Lagos,Osapa London,Lekki,Lagos,Chrystal Abodes,Pop Ceiling; Swimming Pool; Children Play Ground,17 Feb 2026,https://www.propertypro.ng/property/5-bedroom-house-for-sale-osapa-london-lekki-lagos-2PDMS
1NWSC,Land,4500000000.0,"₦ 4,500,000,000",,,Land,Close To Nnpc Estate Wuye Abuja,Close To Nnpc Estate,Wuye,Abuja,Shedrack Luka,Big Compound; Fast Internet; C Of O,05 Dec 2025,https://www.propertypro.ng/property/land-for-sale-close-to-nnpc-estate-wuye-abuja-1NWSC
3PHZK,4 Units Of 3 Bedroom Flat,500000000.0,"₦ 500,000,000",3.0,3.0,House,"Off Toyin Street, Ikeja Lagos","Off Toyin Street,",Ikeja,Lagos,DFHL,,26 Mar 2026,https://www.propertypro.ng/property/3-bedroom-house-for-sale-off-toyin-street-ikeja-lagos-3PHZK
1PGFS,Contemporary 4 Bedroom Semi Detached Duplex,300000000.0,"₦ 300,000,000",4.0,4.0,House,Chevron Axis 2nd Toll Gate Lekki Lagos,Chevron Axis 2nd Toll Gate,Lekki,Lagos,OUTSTANDING REAL,,11 Mar 2026,https://www.propertypro.ng/property/4-bedroom-house-for-sale-chevron-axis-2nd-toll-gate-lekki-lagos-1PGFS
0PKLV,5 Bedroom Duplex,150000000.0,"₦ 150,000,000",5.0,,House,Custom Gate Oluyole Estate Ibadan Oyo,Custom Gate Oluyole Estate,Ibadan,Oyo,Openkeys business,,10 Apr 2026,https://www.propertypro.ng/property/house-for-sale-custom-gate-oluyole-estate-ibadan-oyo-0PKLV
0PPBX,5 Bedroom Detached Duplex,700000000.0,"₦ 700,000,000",5.0,5.0,House,Chevron Drive Lekki Lagos,Chevron Drive,Lekki,Lagos,ITJ REALTOR,,12 May 2026,https://www.propertypro.ng/property/5-bedroom-house-for-sale-chevron-drive-lekki-lagos-0PPBX
8NWUQ,5 Bedroom Detached Duplex +bq,500000000.0,"₦ 500,000,000",5.0,6.0,House,Close To Next Cash And Carry Mabushi Abuja,Close To Next Cash And Carry,Mabushi,Abuja,Shedrack Luka,Big Compound; 24 Hours Security; Fast Internet,07 Dec 2025,https://www.propertypro.ng/property/5-bedroom-house-for-sale-close-to-next-cash-and-carry-mabushi-abuja-8NWUQ
8PMSR,4 Bedroom Semi Detached Duplex,180000000.0,"₦ 180,000,000",4.0,4.0,House,Porsche Estate Karmo Abuja,Porsche Estate,Karmo,Abuja,TZ ESTATE,,30 Apr 2026,https://www.propertypro.ng/property/4-bedroom-house-for-sale-porsche-estate-karmo-abuja-8PMSR
9PCQG,Luxurious 6 Bedroom Detached Duplex With Bq,750000000.0,"₦ 750,000,000",6.0,6.0,House,"Katampe Ext Diplomatic Zone, Katampe Extension Katampe Abuja","Katampe Ext Diplomatic Zone, Katampe Extension",Katampe,Abuja,Ademeso olalekan,,09 Feb 2026,https://www.propertypro.ng/property/6-bedroom-house-for-sale-katampe-ext-diplomatic-zone-katampe-extension-katampe-abuja-9PCQG
7PJEN,6 Plot Of Land,25000000.0,"₦ 25,000,000",,,Land,"Poka, Epe Lagos","Poka,",Epe,Lagos,DFHL,,29 Mar 2026,https://www.propertypro.ng/property/land-for-sale-poka-epe-lagos-7PJEN
0PNHZ,2 & 3 Bedroom Apartment,250000000.0,"₦ 250,000,000",3.0,,House,1st Roundabout Lekki Lagos,1st Roundabout,Lekki,Lagos,-,,06 May 2026,https://www.propertypro.ng/property/house-for-sale-1st-roundabout-lekki-lagos-0PNHZ
8PLQQ,4 Bedroom Semi Detached Duplex,170000000.0,"₦ 170,000,000",4.0,4.0,House,Chevron Toll Gate Lekki Lagos,Chevron Toll Gate,Lekki,Lagos,OUTSTANDING REAL,,20 Apr 2026,https://www.propertypro.ng/property/4-bedroom-house-for-sale-chevron-toll-gate-lekki-lagos-8PLQQ
2PPCZ,Newly Built 5 Bedroom Detached Duplex,300000000.0,"₦ 300,000,000",5.0,5.0,House,General Paint Lekki Lagos,General Paint,Lekki,Lagos,ITJ REALTOR,,12 May 2026,https://www.propertypro.ng/property/5-bedroom-house-for-sale-general-paint-lekki-lagos-2PPCZ
3NYLQ,4 Bedroom Terrace Duplex With Bq,370000000.0,"₦ 370,000,000",4.0,4.0,House,Close To Fairview School Guzape Abuja,Close To Fairview School,Guzape,Abuja,Shedrack Luka,Free Wifi; Big Compound; 24 Hours Security,29 Dec 2025,https://www.propertypro.ng/property/4-bedroom-house-for-sale-close-to-fairview-school-guzape-abuja-3NYLQ
7PNFU,Luxury 4 Bedroom Terrace Duplex With Bq,430000000.0,"₦ 430,000,000",5.0,5.0,House,Jahi Abuja,Jahi,Abuja,Abuja,TZ ESTATE,,06 May 2026,https://www.propertypro.ng/property/5-bedroom-house-for-sale-jahi-abuja-7PNFU
7PNGX,Commercial Building On 3 Floors,8500000000.0,"₦ 8,500,000,000",,,Commercial Property,Ahmadu Bello Way Victoria Island Lagos,Ahmadu Bello Way Victoria,Island,Lagos,-,,06 May 2026,https://www.propertypro.ng/property/commercial-property-for-sale-ahmadu-bello-way-victoria-island-lagos-7PNGX
5PHXV,Units Of Terraced Duplex,150000000.0,"₦ 150,000,000",,,House,"By Majerita Hotel, Adeoyo Ibadan Oyo","By Majerita Hotel, Adeoyo",Ibadan,Oyo,Openkeys business,,26 Mar 2026,https://www.propertypro.ng/property/house-for-sale-by-majerita-hotel-adeoyo-ibadan-oyo-5PHXV
8NSUH,1000sqm Land,65000000.0,"₦ 65,000,000",6.0,6.0,Land,Karsana Abuja,Karsana,Abuja,Abuja,TZ ESTATE,,26 Oct 2025,https://www.propertypro.ng/property/6-bedroom-land-for-sale-karsana-abuja-8NSUH
5PNFX,6 Units Of 4 Bedroom Terrace Duplex,260000000.0,"₦ 260,000,000",4.0,4.0,House,Near Naval Qtrs Kado Abuja,Near Naval Qtrs,Kado,Abuja,TZ ESTATE,,06 May 2026,https://www.propertypro.ng/property/4-bedroom-house-for-sale-near-naval-qtrs-kado-abuja-5PNFX
6PFKJ,4 Bedroom Terrace Duplex,96000000.0,"₦ 96,000,000",4.0,4.0,House,Karsana Abuja,Karsana,Abuja,Abuja,Besproperties,Big Compound; Pop Ceiling; C Of O,04 Mar 2026,https://www.propertypro.ng/property/4-bedroom-house-for-sale-karsana-abuja-6PFKJ
8PECU,Offplan 2 Bedroom Apartment,90000000.0,"₦ 90,000,000",2.0,2.0,House,Apo Dutse Abuja,Apo,Dutse,Abuja,TZ ESTATE,,21 Feb 2026,https://www.propertypro.ng/property/2-bedroom-house-for-sale-apo-dutse-abuja-8PECU
4PJPN,Land Measuring 1000sqm,950000000.0,"₦ 950,000,000",,,Land,Pinnock Beach Estate Osapa London Lekki Lagos,Pinnock Beach Estate Osapa London,Lekki,Lagos,DFHL,C Of O,01 Apr 2026,https://www.propertypro.ng/property/land-for-sale-pinnock-beach-estate-osapa-london-lekki-lagos-4PJPN
6PKQX,5 Bedroom Semi Detached Duplex,850000000.0,"₦ 850,000,000",5.0,5.0,House,Ikate Lekki Lagos,Ikate,Lekki,Lagos,Chrystal Abodes,,11 Apr 2026,https://www.propertypro.ng/property/5-bedroom-house-for-sale-ikate-lekki-lagos-6PKQX
9PRXJ,Grandiose 6 Bedroom Maisonette,3600000000.0,"₦ 3,600,000,000",6.0,6.0,Flat Apartment,Old Ikoyi Ikoyi Lagos,Old Ikoyi,Ikoyi,Lagos,First Colony,,06 Jun 2026,https://www.propertypro.ng/property/6-bedroom-flat-apartment-for-sale-old-ikoyi-ikoyi-lagos-9PRXJ
7PNGC,3 Bedroom Apartment,85000000.0,"₦ 85,000,000",3.0,3.0,House,Kaura After Prince And Princess Kaura (games Village) Abuja,Kaura After Prince And Princess Kaura (games,Village),Abuja,TZ ESTATE,,06 May 2026,https://www.propertypro.ng/property/3-bedroom-house-for-sale-kaura-after-prince-and-princess-kaura-games-village-abuja-7PNGC
1PUBA,90% Completed Luxury 3 Bedroom With Bq,2000000000.0,"₦ 2,000,000,000",3.0,3.0,House,Probyn Road Old Ikoyi Old Ikoyi Ikoyi Lagos,Probyn Road Old Ikoyi Old Ikoyi,Ikoyi,Lagos,DFHL,,23 Jun 2026,https://www.propertypro.ng/property/3-bedroom-house-for-sale-probyn-road-old-ikoyi-old-ikoyi-ikoyi-lagos-1PUBA
3PMGT,Detached 3 Bedroom Bungalow With Bq,85000000.0,"₦ 85,000,000",3.0,3.0,House,"Success Estate , Akuru Elebu, Ibadan Oyo","Success Estate , Akuru Elebu,",Ibadan,Oyo,Poly property,Boys Quater,26 Apr 2026,https://www.propertypro.ng/property/3-bedroom-house-for-sale-success-estate-akuru-elebu-ibadan-oyo-3PMGT
7PDMS,Automated 6 Bedroom Fully Detached Duplex,1300000000.0,"₦ 1,300,000,000",6.0,7.0,House,Osapa London Lekki Lagos,Osapa London,Lekki,Lagos,Chrystal Abodes,Pop Ceiling; Swimming Pool; Mosques Nearby,17 Feb 2026,https://www.propertypro.ng/property/6-bedroom-house-for-sale-osapa-london-lekki-lagos-7PDMS
2PULR,5bed,980000000.0,"₦ 980,000,000",5.0,5.0,House,Ikate Lekki Lagos,Ikate,Lekki,Lagos,New adventures,,27 Jun 2026,https://www.propertypro.ng/property/5-bedroom-house-for-sale-ikate-lekki-lagos-2PULR
2NRMM,4 Bedroom Terraced Duplex,120000000.0,"₦ 120,000,000",4.0,4.0,House,"Road 39, Gwarinpa Abuja","Road 39,",Gwarinpa,Abuja,Besproperties,Big Compound; 24 Hours Security; Mosques Nearby,14 Oct 2025,https://www.propertypro.ng/property/4-bedroom-house-for-sale-road-39-gwarinpa-abuja-2NRMM
9NZSA,3 Bedroom Terrace Duplex,120000000.0,"₦ 120,000,000",3.0,,Flat Apartment,Ikota Extension Lekki Lagos,Ikota Extension,Lekki,Lagos,Purple Ribbon,,13 Jan 2026,https://www.propertypro.ng/property/3-bedroom-flat-apartment-for-sale-ikota-extension-lekki-lagos-9NZSA
3PMSS,4 Bedroom Semi Detached Duplex,220000000.0,"₦ 220,000,000",4.0,4.0,House,Riverpark Estate Lugbe Abuja,Riverpark Estate,Lugbe,Abuja,TZ ESTATE,,30 Apr 2026,https://www.propertypro.ng/property/4-bedroom-house-for-sale-riverpark-estate-lugbe-abuja-3PMSS
5PFES,Land,75000000.0,"₦ 75,000,000",,,Land,Ikolaba Est Agodi Ibadan Oyo,Ikolaba Est Agodi,Ibadan,Oyo,Openkeys business,,02 Mar 2026,https://www.propertypro.ng/property/land-for-sale-ikolaba-est-agodi-ibadan-oyo-5PFES
1PGUU,4 Bedroom Fully Detached Duplex With Bq,315000000.0,"₦ 315,000,000",4.0,4.0,House,"Carlton Gate Estate, Akobo Ibadan Oyo","Carlton Gate Estate, Akobo",Ibadan,Oyo,Poly property,Big Compound; 24 Hours Security; Fast Internet,16 Mar 2026,https://www.propertypro.ng/property/4-bedroom-house-for-sale-carlton-gate-estate-akobo-ibadan-oyo-1PGUU
3NWWP,Land,9300000.0,"₦ 9,300,000",,,Land,Ontario Estate Epe Epe Lagos,Ontario Estate Epe,Epe,Lagos,Purple Ribbon,,08 Dec 2025,https://www.propertypro.ng/property/land-for-sale-ontario-estate-epe-epe-lagos-3NWWP
4PPBF,Newly Built 5 Bedroom Detached Duplex With Bq,850000000.0,"₦ 850,000,000",5.0,5.0,House,Omole Phase 1 Ojodu Lagos,Omole Phase 1,Ojodu,Lagos,Sanrealtor,,12 May 2026,https://www.propertypro.ng/property/5-bedroom-house-for-sale-omole-phase-1-ojodu-lagos-4PPBF
4PNLH,5 Bedroom Detatched Duplex,320000000.0,"₦ 320,000,000",5.0,5.0,House,Vgc Lekki Lagos,Vgc,Lekki,Lagos,Sanrealtor,,07 May 2026,https://www.propertypro.ng/property/5-bedroom-house-for-sale-vgc-lekki-lagos-4PNLH
3PFKF,250sqm Estate Land,9975000.0,"₦ 9,975,000",,,Land,"Airport Road Before Centenary City, Lugbe Abuja","Airport Road Before Centenary City,",Lugbe,Abuja,Besproperties,Big Compound; C Of O; Swimming Pool,03 Mar 2026,https://www.propertypro.ng/property/land-for-sale-airport-road-before-centenary-city-lugbe-abuja-3PFKF
0PPFT,3 Bedroom Apartment,780000000.0,"₦ 780,000,000",3.0,3.0,House,Victoria Island Lagos,Victoria,Island,Lagos,ITJ REALTOR,,13 May 2026,https://www.propertypro.ng/property/3-bedroom-house-for-sale-victoria-island-lagos-0PPFT
4PHVL,4 Bedroom Duplex In An Estate,300000000.0,"₦ 300,000,000",4.0,,House,Carlton Gate Estate Akobo Ibadan Oyo,Carlton Gate Estate Akobo,Ibadan,Oyo,Openkeys business,,25 Mar 2026,https://www.propertypro.ng/property/4-bedroom-house-for-sale-carlton-gate-estate-akobo-ibadan-oyo-4PHVL
3PJVA,3 Bedroom Apartment,650000000.0,"₦ 650,000,000",3.0,3.0,Flat Apartment,Victoria Island Lagos,Victoria,Island,Lagos,First Colony,,03 Apr 2026,https://www.propertypro.ng/property/3-bedroom-flat-apartment-for-sale-victoria-island-lagos-3PJVA
8PJYM,Studio Apartment,60000000.0,"₦ 60,000,000",1.0,1.0,Flat Apartment,Yaba Lagos,Yaba,Lagos,Lagos,Besproperties,Big Compound; Fast Internet; Pop Ceiling,04 Apr 2026,https://www.propertypro.ng/property/1-bedroom-flat-apartment-for-sale-yaba-lagos-8PJYM
6PUCY,Brand New 4 Bedroom Penthouse,280000000.0,"₦ 280,000,000",4.0,4.0,House,Ikate Elegushi Lekki Lagos Ikate Lekki Lagos,Ikate Elegushi Lekki Lagos Ikate,Lekki,Lagos,DFHL,,24 Jun 2026,https://www.propertypro.ng/property/4-bedroom-house-for-sale-ikate-elegushi-lekki-lagos-ikate-lekki-lagos-6PUCY
4PPNK,4 Bedroom Fully Detached Duplex,120000000.0,"₦ 120,000,000",4.0,4.0,House,Bogije Sangotedo Ajah Lagos,Bogije Sangotedo,Ajah,Lagos,John Boris,,15 May 2026,https://www.propertypro.ng/property/4-bedroom-house-for-sale-bogije-sangotedo-ajah-lagos-4PPNK
2PSWL,2bed,180000000.0,"₦ 180,000,000",2.0,2.0,House,Osapa London Lekki Lagos,Osapa London,Lekki,Lagos,New adventures,,15 Jun 2026,https://www.propertypro.ng/property/2-bedroom-house-for-sale-osapa-london-lekki-lagos-2PSWL
9PNZG,Newly Built 5 Bedroom Semi Detached Duplex,850000000.0,"₦ 850,000,000",5.0,5.0,House,Ikate Lekki Lagos,Ikate,Lekki,Lagos,Sanrealtor,,11 May 2026,https://www.propertypro.ng/property/5-bedroom-house-for-sale-ikate-lekki-lagos-9PNZG
2PNXQ,5 Bedroom Terrace Duplex,600000000.0,"₦ 600,000,000",5.0,5.0,House,Lekki Phase 1 Lekki Lagos,Lekki Phase 1,Lekki,Lagos,Sanrealtor,,11 May 2026,https://www.propertypro.ng/property/5-bedroom-house-for-sale-lekki-phase-1-lekki-lagos-2PNXQ
9PNZA,5 Bedroom Detached Duplex With Bq,700000000.0,"₦ 700,000,000",5.0,5.0,House,Ikota Lekki Lagos,Ikota,Lekki,Lagos,Sanrealtor,,11 May 2026,https://www.propertypro.ng/property/5-bedroom-house-for-sale-ikota-lekki-lagos-9PNZA
7PNPW,Luxuriously Built 4 Bedroom Terrace Duplex,650000000.0,"₦ 650,000,000",4.0,4.0,House,Lekki Phase 1 Lekki Lagos,Lekki Phase 1,Lekki,Lagos,Sanrealtor,,08 May 2026,https://www.propertypro.ng/property/4-bedroom-house-for-sale-lekki-phase-1-lekki-lagos-7PNPW
7PFZW,Luxury 5 Bedroom Fully Detached Duplex,1500000000.0,"₦ 1,500,000,000",5.0,5.0,House,Ikoyi Lagos,Ikoyi,Lagos,Lagos,Sunwealth real,Big Compound; 24 Hours Security; Boys Quater,09 Mar 2026,https://www.propertypro.ng/property/5-bedroom-house-for-sale-ikoyi-lagos-7PFZW
7NVLX,Premium 4 Bedroom Terrace Duplex With Bq,1400000000.0,"₦ 1,400,000,000",4.0,4.0,House,Banana Island Ikoyi Lagos,Banana Island,Ikoyi,Lagos,PRINCE ADEMOLA,Serviced; Only on PropertyPro,24 Nov 2025,https://www.propertypro.ng/property/4-bedroom-house-for-sale-banana-island-ikoyi-lagos-7NVLX
8PFYQ,5 Bedroom Detached Duplex,580000000.0,"₦ 580,000,000",5.0,5.0,House,Megamound Estate Lekki Lagos,Megamound Estate,Lekki,Lagos,Sunwealth real,Big Compound; 24 Hours Security; Boys Quater,09 Mar 2026,https://www.propertypro.ng/property/5-bedroom-house-for-sale-megamound-estate-lekki-lagos-8PFYQ
3PFSY,3 Apartment,330000000.0,"₦ 330,000,000",3.0,3.0,Flat Apartment,Lekki Phase 1 Lekki Lagos,Lekki Phase 1,Lekki,Lagos,Sunwealth real,,06 Mar 2026,https://www.propertypro.ng/property/3-bedroom-flat-apartment-for-sale-lekki-phase-1-lekki-lagos-3PFSY
4PFQJ,Luxury 5 Bedroom Detached Duplex,350000000.0,"₦ 350,000,000",5.0,5.0,House,Chevron Lekki Lagos,Chevron,Lekki,Lagos,Sunwealth real,Big Compound; 24 Hours Security; Boys Quater,05 Mar 2026,https://www.propertypro.ng/property/5-bedroom-house-for-sale-chevron-lekki-lagos-4PFQJ
5PJKR,Contemporary 4 Bedroom Semi Detached Duplex,200000000.0,"₦ 200,000,000",4.0,4.0,House,Ikota Lekki Lagos,Ikota,Lekki,Lagos,Sunwealth real,Big Compound; Boys Quater; Pop Ceiling,31 Mar 2026,https://www.propertypro.ng/property/4-bedroom-house-for-sale-ikota-lekki-lagos-5PJKR
1PHNT,Contemporary 5 Bedroom Detached Duplex,300000000.0,"₦ 300,000,000",5.0,5.0,House,Ajah Lagos,Ajah,Lagos,Lagos,Sunwealth real,Big Compound; Boys Quater; Pop Ceiling,23 Mar 2026,https://www.propertypro.ng/property/5-bedroom-house-for-sale-ajah-lagos-1PHNT
1PPVT,5 Bedroom Fully Detached Duplex,1650000000.0,"₦ 1,650,000,000",5.0,5.0,House,Ikoyi Lagos,Ikoyi,Lagos,Lagos,Sunwealth real,Big Compound; 24 Hours Security; Boys Quater,19 May 2026,https://www.propertypro.ng/property/5-bedroom-house-for-sale-ikoyi-lagos-1PPVT
5PHSD,4 Bedroom Terrace Duplex,730000000.0,"₦ 730,000,000",4.0,4.0,House,Victoria Island Lagos,Victoria,Island,Lagos,Sunwealth real,,24 Mar 2026,https://www.propertypro.ng/property/4-bedroom-house-for-sale-victoria-island-lagos-5PHSD
8PGYT,Luxury 5 Bedroom Detached Duplex,510000000.0,"₦ 510,000,000",5.0,5.0,House,Royal Garden Ajah Lagos,Royal Garden,Ajah,Lagos,Sunwealth real,Boys Quater; All Room Ensuit,17 Mar 2026,https://www.propertypro.ng/property/5-bedroom-house-for-sale-royal-garden-ajah-lagos-8PGYT
8PLGD,Luxury 3 Bedroom Apartment,400000000.0,"₦ 400,000,000",3.0,3.0,Flat Apartment,Lekki Phase 1 Lekki Lagos,Lekki Phase 1,Lekki,Lagos,Sunwealth real,24 Hours Security; Pop Ceiling; Gym,17 Apr 2026,https://www.propertypro.ng/property/3-bedroom-flat-apartment-for-sale-lekki-phase-1-lekki-lagos-8PLGD
8PJGM,Contemporary 4 Bedroom Semi Detached Duplex,170000000.0,"₦ 170,000,000",4.0,4.0,House,Ikota Lekki Lagos,Ikota,Lekki,Lagos,Sunwealth real,Big Compound; Boys Quater; Pop Ceiling,30 Mar 2026,https://www.propertypro.ng/property/4-bedroom-house-for-sale-ikota-lekki-lagos-8PJGM
0PUCW,"4 Bed Apartment, 4 Room Maissonaite With 2 Rm Bq",2000000000.0,"₦ 2,000,000,000",8.0,8.0,House,Old Ikoyi Old Ikoyi Ikoyi Lagos,Old Ikoyi Old Ikoyi,Ikoyi,Lagos,DFHL,,24 Jun 2026,https://www.propertypro.ng/property/8-bedroom-house-for-sale-old-ikoyi-old-ikoyi-ikoyi-lagos-0PUCW
5PAWY,4 Bedroom Maisonette,1800000000.0,"₦ 1,800,000,000",4.0,4.0,Co Working Space,Mojisola Onikoyi Estate Ikoyi Lagos,Mojisola Onikoyi Estate,Ikoyi,Lagos,Perfect Images,,23 Jan 2026,https://www.propertypro.ng/property/4-bedroom-co-working-space-for-sale-mojisola-onikoyi-estate-ikoyi-lagos-5PAWY
7PAER,Newly Built 3 Bedroom Terrace Duplex,90000000.0,"₦ 90,000,000",3.0,3.0,House,Ajah 1st Roundabout Lekki Lagos,Ajah 1st Roundabout,Lekki,Lagos,Perfect Images,,18 Jan 2026,https://www.propertypro.ng/property/3-bedroom-house-for-sale-ajah-1st-roundabout-lekki-lagos-7PAER
7NTLL,Newly Built 4 Bedroom Terraced Duplex With Bq,140000000.0,"₦ 140,000,000",4.0,4.0,House,Ikota Lekki Lagos,Ikota,Lekki,Lagos,Perfect Images,,03 Nov 2025,https://www.propertypro.ng/property/4-bedroom-house-for-sale-ikota-lekki-lagos-7NTLL
2PUKL,5bed,600000000.0,"₦ 600,000,000",5.0,5.0,House,Lekki Phase 2 Lekki Lagos,Lekki Phase 2,Lekki,Lagos,New adventures,,26 Jun 2026,https://www.propertypro.ng/property/5-bedroom-house-for-sale-lekki-phase-2-lekki-lagos-2PUKL
0PGNE,Luxury 4 Bedroom Semi Detached Duplex With Bq,1000000000.0,"₦ 1,000,000,000",4.0,5.0,House,Ikate Lekki Lagos,Ikate,Lekki,Lagos,Chrystal Abodes,Big Compound; 24 Hours Security; Pop Ceiling,13 Mar 2026,https://www.propertypro.ng/property/4-bedroom-house-for-sale-ikate-lekki-lagos-0PGNE
3PLRV,Spacious 4 Bedroom Semi Detached Duplex,320000000.0,"₦ 320,000,000",4.0,4.0,House,Ikate Lekki Lagos,Ikate,Lekki,Lagos,OUTSTANDING REAL,,21 Apr 2026,https://www.propertypro.ng/property/4-bedroom-house-for-sale-ikate-lekki-lagos-3PLRV
4PKDJ,4 Bedroom Duplex With Basement,195000000.0,"₦ 195,000,000",4.0,,House,"Palm Garden Est, Green Gate Oluyole Estate Ibadan Oyo","Palm Garden Est, Green Gate Oluyole Estate",Ibadan,Oyo,Openkeys business,,07 Apr 2026,https://www.propertypro.ng/property/4-bedroom-house-for-sale-palm-garden-est-green-gate-oluyole-estate-ibadan-oyo-4PKDJ
9PCYT,500sqm Plot Of Land,140000000.0,"₦ 140,000,000",,,Land,S&t Estate Jericho Ibadan Oyo,S&t Estate Jericho,Ibadan,Oyo,Openkeys business,,12 Feb 2026,https://www.propertypro.ng/property/land-for-sale-st-estate-jericho-ibadan-oyo-9PCYT
7PKLU,Land,280000000.0,"₦ 280,000,000",,,Land,"Behind Ace Mall, Oluyole Oluyole Estate Ibadan Oyo","Behind Ace Mall, Oluyole Oluyole Estate",Ibadan,Oyo,Openkeys business,,10 Apr 2026,https://www.propertypro.ng/property/land-for-sale-behind-ace-mall-oluyole-oluyole-estate-ibadan-oyo-7PKLU
2NMAM,3 Bedroom Apartment,750000000.0,"₦ 750,000,000",3.0,3.0,Flat Apartment,Banana Island Ikoyi Lagos,Banana Island,Ikoyi,Lagos,PRINCE ADEMOLA,,02 Sep 2025,https://www.propertypro.ng/property/3-bedroom-flat-apartment-for-sale-banana-island-ikoyi-lagos-2NMAM
2PNZM,Newly Built 3 Bedroom Terrace Duplex,85000000.0,"₦ 85,000,000",3.0,3.0,House,General Paint Lekki Lagos,General Paint,Lekki,Lagos,ITJ REALTOR,,11 May 2026,https://www.propertypro.ng/property/3-bedroom-house-for-sale-general-paint-lekki-lagos-2PNZM
8PNZV,2 Bedroom Apartment,170000000.0,"₦ 170,000,000",2.0,2.0,House,Lekki Phase 1 Lekki Lagos,Lekki Phase 1,Lekki,Lagos,ITJ REALTOR,,11 May 2026,https://www.propertypro.ng/property/2-bedroom-house-for-sale-lekki-phase-1-lekki-lagos-8PNZV
6PNZH,5 Bedroom Detached Duplex,530000000.0,"₦ 530,000,000",5.0,5.0,House,2nd Toll Gate Lekki Lagos,2nd Toll Gate,Lekki,Lagos,ITJ REALTOR,,11 May 2026,https://www.propertypro.ng/property/5-bedroom-house-for-sale-2nd-toll-gate-lekki-lagos-6PNZH
1PMAA,4 Bedroom Fully Detached Duplex With Bq,120000000.0,"₦ 120,000,000",4.0,4.0,House,Off Lekki Epe Expressway Ajah Lagos,Off Lekki Epe Expressway,Ajah,Lagos,OUTSTANDING REAL,,23 Apr 2026,https://www.propertypro.ng/property/4-bedroom-house-for-sale-off-lekki-epe-expressway-ajah-lagos-1PMAA
4NXCA,Luxury 3 Bedroom Apartment With Bq,750000000.0,"₦ 750,000,000",3.0,3.0,Flat Apartment,Old Ikoyi Ikoyi Lagos,Old Ikoyi,Ikoyi,Lagos,PRINCE ADEMOLA,,10 Dec 2025,https://www.propertypro.ng/property/3-bedroom-flat-apartment-for-sale-old-ikoyi-ikoyi-lagos-4NXCA
6PHGT,6 Bedroom Flat,1400000000.0,"₦ 1,400,000,000",6.0,6.0,House,Lekki Foreshore Lekki Phase 1 Lekki Phase 1 Lekki Lagos,Lekki Foreshore Lekki Phase 1 Lekki Phase 1,Lekki,Lagos,DFHL,,20 Mar 2026,https://www.propertypro.ng/property/6-bedroom-house-for-sale-lekki-foreshore-lekki-phase-1-lekki-phase-1-lekki-lagos-6PHGT
3PPEU,4 Bedroom Detached Duplex,450000000.0,"₦ 450,000,000",4.0,4.0,House,Lekki Phase 1 Lekki Lagos,Lekki Phase 1,Lekki,Lagos,ITJ REALTOR,,13 May 2026,https://www.propertypro.ng/property/4-bedroom-house-for-sale-lekki-phase-1-lekki-lagos-3PPEU
2PNPX,Luxury 5 Bedroom Detached Duplex With Bq,1300000000.0,"₦ 1,300,000,000",5.0,5.0,House,Osapa London Lekki Lagos,Osapa London,Lekki,Lagos,Sanrealtor,,08 May 2026,https://www.propertypro.ng/property/5-bedroom-house-for-sale-osapa-london-lekki-lagos-2PNPX
6PEZL,4 Bedroom Fully Detached Duplex With Bq,75000000.0,"₦ 75,000,000",4.0,4.0,House,"Kyami Opposite Custom Quarters, Idu Abuja","Kyami Opposite Custom Quarters,",Idu,Abuja,Besproperties,Big Compound; C Of O; Mosques Nearby,28 Feb 2026,https://www.propertypro.ng/property/4-bedroom-house-for-sale-kyami-opposite-custom-quarters-idu-abuja-6PEZL
8PTQP,5bed,420000000.0,"₦ 420,000,000",5.0,5.0,House,Orchid Lekki Lagos,Orchid,Lekki,Lagos,New adventures,,20 Jun 2026,https://www.propertypro.ng/property/5-bedroom-house-for-sale-orchid-lekki-lagos-8PTQP
8PNEB,4 Bedroom Semi Detached Duplex With Bq,190000000.0,"₦ 190,000,000",4.0,4.0,House,Vgc Lekki Lagos,Vgc,Lekki,Lagos,Sanrealtor,,05 May 2026,https://www.propertypro.ng/property/4-bedroom-house-for-sale-vgc-lekki-lagos-8PNEB
5NPNL,7 Units Of 2 Bedroom Flat,500000000.0,"₦ 500,000,000",2.0,,House,Main Mabushi Abuja,Main,Mabushi,Abuja,Shedrack Luka,Free Wifi; Big Compound; 24 Hours Security,26 Sep 2025,https://www.propertypro.ng/property/house-for-sale-main-mabushi-abuja-5NPNL
3PQTL,Newly Built 4 Bedroom Semi Detached Duplex With Bq,650000000.0,"₦ 650,000,000",4.0,4.0,House,Off Freedom Way Lekki Phase 1 Lekki Lagos,Off Freedom Way Lekki Phase 1,Lekki,Lagos,PCL HOMES,,26 May 2026,https://www.propertypro.ng/property/4-bedroom-house-for-sale-off-freedom-way-lekki-phase-1-lekki-lagos-3PQTL
4PNSU,5 Bedroom Semi Detached Duplex With Bq,1200000000.0,"₦ 1,200,000,000",5.0,5.0,House,Ikate Lekki Lagos,Ikate,Lekki,Lagos,Sanrealtor,,09 May 2026,https://www.propertypro.ng/property/5-bedroom-house-for-sale-ikate-lekki-lagos-4PNSU
8PNSP,Luxury 5 Bedroom Detached Duplex With Bq,400000000.0,"₦ 400,000,000",5.0,5.0,House,Orchid Lekki Lagos,Orchid,Lekki,Lagos,Sanrealtor,,09 May 2026,https://www.propertypro.ng/property/5-bedroom-house-for-sale-orchid-lekki-lagos-8PNSP
7PNZX,2 Bedroom Apartment,350000000.0,"₦ 350,000,000",2.0,2.0,House,Lekki Phase 1 Lekki Lagos,Lekki Phase 1,Lekki,Lagos,ITJ REALTOR,,11 May 2026,https://www.propertypro.ng/property/2-bedroom-house-for-sale-lekki-phase-1-lekki-lagos-7PNZX
6PPFQ,5 Bedroom Detached Duplex,650000000.0,"₦ 650,000,000",5.0,5.0,House,Ikota Lekki Lagos,Ikota,Lekki,Lagos,ITJ REALTOR,,13 May 2026,https://www.propertypro.ng/property/5-bedroom-house-for-sale-ikota-lekki-lagos-6PPFQ
5PPCT,2 Bedroom Apartment,200000000.0,"₦ 200,000,000",2.0,2.0,House,Ikate Lekki Lagos,Ikate,Lekki,Lagos,ITJ REALTOR,,12 May 2026,https://www.propertypro.ng/property/2-bedroom-house-for-sale-ikate-lekki-lagos-5PPCT
8PPCZ,Newly Built 2 Bedroom Apartment,170000000.0,"₦ 170,000,000",2.0,2.0,House,Ikate Lekki Lagos,Ikate,Lekki,Lagos,ITJ REALTOR,,12 May 2026,https://www.propertypro.ng/property/2-bedroom-house-for-sale-ikate-lekki-lagos-8PPCZ
4PMDM,Spacious 4 Bedroom Fully Detached Duplex,140000000.0,"₦ 140,000,000",4.0,4.0,House,Off Lekki Epe Expressway Ajah Lagos,Off Lekki Epe Expressway,Ajah,Lagos,OUTSTANDING REAL,,24 Apr 2026,https://www.propertypro.ng/property/4-bedroom-house-for-sale-off-lekki-epe-expressway-ajah-lagos-4PMDM
2PLQD,Newly Built 4 Bedroom Terrace Duplex,150000000.0,"₦ 150,000,000",4.0,4.0,House,Chevron Toll Gate Lekki Lagos,Chevron Toll Gate,Lekki,Lagos,OUTSTANDING REAL,,20 Apr 2026,https://www.propertypro.ng/property/4-bedroom-house-for-sale-chevron-toll-gate-lekki-lagos-2PLQD
3PJCB,Serviced 4 Bedroom Semi Detached Duplex,650000000.0,"₦ 650,000,000",4.0,4.0,House,Lekki Phase 1 Lekki Lagos,Lekki Phase 1,Lekki,Lagos,OUTSTANDING REAL,,27 Mar 2026,https://www.propertypro.ng/property/4-bedroom-house-for-sale-lekki-phase-1-lekki-lagos-3PJCB
2PUDF,Newly Built 5 Bedroom Fully Detached Duplex,380000000.0,"₦ 380,000,000",5.0,5.0,House,Ikota Lekki Lagos,Ikota,Lekki,Lagos,DFHL,,24 Jun 2026,https://www.propertypro.ng/property/5-bedroom-house-for-sale-ikota-lekki-lagos-2PUDF
5PBMN,Spacious 4 Bedroom Terraced Duplex With Bq,195000000.0,"₦ 195,000,000",4.0,4.0,House,Life Camp Abuja,Life,Camp,Abuja,Ademeso olalekan,,29 Jan 2026,https://www.propertypro.ng/property/4-bedroom-house-for-sale-life-camp-abuja-5PBMN
9PDYA,Newly Built 4 Bedroom Terrace Duplex,320000000.0,"₦ 320,000,000",4.0,4.0,House,Jahi Jahi Abuja,Jahi,Jahi,Abuja,Ademeso olalekan,,20 Feb 2026,https://www.propertypro.ng/property/4-bedroom-house-for-sale-jahi-jahi-abuja-9PDYA
1PLAM,4 Bedroom Terrace With Bq,260000000.0,"₦ 260,000,000",4.0,5.0,House,Life Camp Life Camp Abuja,Life Camp Life,Camp,Abuja,Ademeso olalekan,,15 Apr 2026,https://www.propertypro.ng/property/4-bedroom-house-for-sale-life-camp-life-camp-abuja-1PLAM
0NNMH,Land,13000000.0,"₦ 13,000,000",,,Land,"Giri, Junction Gwagwalada Abuja","Giri, Junction",Gwagwalada,Abuja,Besproperties,C Of O,16 Sep 2025,https://www.propertypro.ng/property/land-for-sale-giri-junction-gwagwalada-abuja-0NNMH
4PFKJ,5 Bedroom Fully Detached Duplex With 2 Bq,192000000.0,"₦ 192,000,000",5.0,6.0,House,Karsana Abuja,Karsana,Abuja,Abuja,Besproperties,C Of O; Mosques Nearby; Children Play Ground,04 Mar 2026,https://www.propertypro.ng/property/5-bedroom-house-for-sale-karsana-abuja-4PFKJ
0PEZB,3 Bedroom Terraced Duplex,100000000.0,"₦ 100,000,000",3.0,3.0,House,"Opposite Apo Mechanic, Apo Abuja","Opposite Apo Mechanic,",Apo,Abuja,Besproperties,Big Compound; Security; Pop Ceiling,28 Feb 2026,https://www.propertypro.ng/property/3-bedroom-house-for-sale-opposite-apo-mechanic-apo-abuja-0PEZB
7PEZC,2 Bedroom Apartment With Bq,180000000.0,"₦ 180,000,000",2.0,2.0,House,Maryland Lagos,Maryland,Lagos,Lagos,Besproperties,Big Compound; 24 Hours Security; Pop Ceiling,28 Feb 2026,https://www.propertypro.ng/property/2-bedroom-house-for-sale-maryland-lagos-7PEZC
5PFMH,2 Bedroom Apartment,95720250.0,"₦ 95,720,250",2.0,2.0,House,Near Ebeano Supermarket Gaduwa Abuja,Near Ebeano Supermarket,Gaduwa,Abuja,Besproperties,Big Compound; 24 Hours Security; C Of O,04 Mar 2026,https://www.propertypro.ng/property/2-bedroom-house-for-sale-near-ebeano-supermarket-gaduwa-abuja-5PFMH
3PJZH,2 Bedroom Apartment,115000000.0,"₦ 115,000,000",2.0,2.0,House,Abraham Adesanya Abraham Adesanya Estate Ajah Lagos,Abraham Adesanya Abraham Adesanya Estate,Ajah,Lagos,Besproperties,Big Compound; 24 Hours Security; Pop Ceiling,05 Apr 2026,https://www.propertypro.ng/property/2-bedroom-house-for-sale-abraham-adesanya-abraham-adesanya-estate-ajah-lagos-3PJZH
5PJZJ,5 Bedroom Fully Detached Duplex With Bq,300000000.0,"₦ 300,000,000",5.0,5.0,House,Abraham Adesanya Estate Ajah Lagos,Abraham Adesanya Estate,Ajah,Lagos,Besproperties,Big Compound; 24 Hours Security; Fast Internet,05 Apr 2026,https://www.propertypro.ng/property/5-bedroom-house-for-sale-abraham-adesanya-estate-ajah-lagos-5PJZJ
4PJFN,100.78ha Of Land,10000000000.0,"₦ 10,000,000,000",,,Land,Orozo North Orozo Abuja,Orozo North,Orozo,Abuja,Shedrack Luka,C Of O; Water Treatment; Drainage System,30 Mar 2026,https://www.propertypro.ng/property/land-for-sale-orozo-north-orozo-abuja-4PJFN
6PFEC,Land,100000000.0,"₦ 100,000,000",,,Land,Ikolaba Agodi Ibadan Oyo,Ikolaba Agodi,Ibadan,Oyo,Openkeys business,,02 Mar 2026,https://www.propertypro.ng/property/land-for-sale-ikolaba-agodi-ibadan-oyo-6PFEC
3PFQK,House,150000000.0,"₦ 150,000,000",4.0,,House,Orchid Chevron Toll Gate Lekki Lagos,Orchid Chevron Toll Gate,Lekki,Lagos,Openkeys business,,05 Mar 2026,https://www.propertypro.ng/property/4-bedroom-house-for-sale-orchid-chevron-toll-gate-lekki-lagos-3PFQK
6PULZ,Newly Built Two Bedroom Apartment With Bq,300000000.0,"₦ 300,000,000",2.0,2.0,Flat Apartment,Lekki 1 Lekki Lekki Lagos,Lekki 1 Lekki,Lekki,Lagos,PCL HOMES,24 Hours Security; C Of O; Swimming Pool,27 Jun 2026,https://www.propertypro.ng/property/2-bedroom-flat-apartment-for-sale-lekki-1-lekki-lekki-lagos-6PULZ
6NXHH,4 Bedroom Semi Detached Duplex With Bq,250000000.0,"₦ 250,000,000",4.0,,House,Lekki Lagos,Lekki,Lagos,Lagos,Purple Ribbon,,12 Dec 2025,https://www.propertypro.ng/property/4-bedroom-house-for-sale-lekki-lagos-6NXHH
7NDVG,1 Bedroom Flat,75000000.0,"₦ 75,000,000",1.0,,Flat / Apartment,Gaduwa Abuja,Gaduwa,Abuja,Abuja,Besproperties,Newly Built; Only on PropertyPro,30 Jun 2025,https://www.propertypro.ng/property/1-bedroom-flat-apartment-for-sale-gaduwa-abuja-7NDVG
9PNGF,Contemporary 5 Bedroom Detatched Duplex With Bq,600000000.0,"₦ 600,000,000",5.0,5.0,House,Osapa London Lekki Lagos,Osapa London,Lekki,Lagos,Sanrealtor,,06 May 2026,https://www.propertypro.ng/property/5-bedroom-house-for-sale-osapa-london-lekki-lagos-9PNGF
0PNLM,4 Bedroom Detached Duplex With Bq,300000000.0,"₦ 300,000,000",4.0,4.0,House,Ikota Lekki Lagos,Ikota,Lekki,Lagos,Sanrealtor,,07 May 2026,https://www.propertypro.ng/property/4-bedroom-house-for-sale-ikota-lekki-lagos-0PNLM
9PNGE,4 Bedroom Detached Duplex With Bq,1650000000.0,"₦ 1,650,000,000",4.0,4.0,House,Ikoyi Lagos,Ikoyi,Lagos,Lagos,Sanrealtor,,06 May 2026,https://www.propertypro.ng/property/4-bedroom-house-for-sale-ikoyi-lagos-9PNGE
3PNGG,Newly Built 5 Bedroom Maisonette With Bq,380000000.0,"₦ 380,000,000",5.0,5.0,House,Lekki Lagos,Lekki,Lagos,Lagos,Sanrealtor,,06 May 2026,https://www.propertypro.ng/property/5-bedroom-house-for-sale-lekki-lagos-3PNGG
3PPBE,4 Bedroom Penthouse With Bq,1200000000.0,"₦ 1,200,000,000",4.0,4.0,Flat Apartment,Ikeja Gra Ikeja Lagos,Ikeja Gra,Ikeja,Lagos,Sanrealtor,,12 May 2026,https://www.propertypro.ng/property/4-bedroom-flat-apartment-for-sale-ikeja-gra-ikeja-lagos-3PPBE
2PFEY,5 Bedroom Fully Detached Duplex,480000000.0,"₦ 480,000,000",5.0,5.0,House,Chevron Toll Gate Lekki Lagos,Chevron Toll Gate,Lekki,Lagos,Sunwealth real,Big Compound; 24 Hours Security; Boys Quater,02 Mar 2026,https://www.propertypro.ng/property/5-bedroom-house-for-sale-chevron-toll-gate-lekki-lagos-2PFEY
8PTGA,A 672 Square Metres Of Land,350000000.0,"₦ 350,000,000",,,Land,Harris Drive Lekki Lagos,Harris Drive,Lekki,Lagos,GUDNESS REALITY,,17 Jun 2026,https://www.propertypro.ng/property/land-for-sale-harris-drive-lekki-lagos-8PTGA
8NXDW,4 Bedroom Terrace House +bq,599999999.0,"₦ 599,999,999",4.0,4.0,House,Mojisola Onikoyi Estate Mojisola Onikoyi Estate Ikoyi Lagos,Mojisola Onikoyi Estate Mojisola Onikoyi Estate,Ikoyi,Lagos,PRINCE ADEMOLA,,11 Dec 2025,https://www.propertypro.ng/property/4-bedroom-house-for-sale-mojisola-onikoyi-estate-mojisola-onikoyi-estate-ikoyi-lagos-8NXDW
1PHPA,Exquisite 4 Bedroom Bungalow With Modernity,73000000.0,"₦ 73,000,000",4.0,,House,Faruku Soka Ibadan Oyo,Faruku Soka,Ibadan,Oyo,Openkeys business,,23 Mar 2026,https://www.propertypro.ng/property/4-bedroom-house-for-sale-faruku-soka-ibadan-oyo-1PHPA
8PAWB,5 Bedroom Detached Duplex With Bq,340000000.0,"₦ 340,000,000",5.0,5.0,House,Close To Turkey Hospital Idu Abuja,Close To Turkey Hospital,Idu,Abuja,Shedrack Luka,Big Compound; Printing Service; 24 Hours Security,23 Jan 2026,https://www.propertypro.ng/property/5-bedroom-house-for-sale-close-to-turkey-hospital-idu-abuja-8PAWB
2PBBG,7 Bedroom Flat,750000000.0,"₦ 750,000,000",7.0,7.0,House,Opposite Maitama Katampe Main Abuja,Opposite Maitama Katampe,Main,Abuja,Shedrack Luka,Big Compound; 24 Hours Security; Fast Internet,25 Jan 2026,https://www.propertypro.ng/property/7-bedroom-house-for-sale-opposite-maitama-katampe-main-abuja-2PBBG
3NPBC,160 Rooms,15000000000.0,"₦ 15,000,000,000",,,Commercial Property,Airport By Presidential Wing Lugbe Abuja,Airport By Presidential Wing,Lugbe,Abuja,Shedrack Luka,Printing Service; Fast Internet; Pop Ceiling,22 Sep 2025,https://www.propertypro.ng/property/commercial-property-for-sale-airport-by-presidential-wing-lugbe-abuja-3NPBC
6NRPA,New 4bedroom Semi Detached Duplex With Bq,250000000.0,"₦ 250,000,000",4.0,4.0,House,Close To Bannex Katampe Main Abuja,Close To Bannex Katampe,Main,Abuja,Shedrack Luka,Free Wifi; Big Compound; 24 Hours Security,15 Oct 2025,https://www.propertypro.ng/property/4-bedroom-house-for-sale-close-to-bannex-katampe-main-abuja-6NRPA
9NRPA,Newly Built 4 Bedroom Terraced Duplex With Bq,240000000.0,"₦ 240,000,000",4.0,4.0,House,"Close To Old Cbn, Garki 2 Abuja","Close To Old Cbn, Garki",2,Abuja,Shedrack Luka,Free Wifi; Big Compound; 24 Hours Security,15 Oct 2025,https://www.propertypro.ng/property/4-bedroom-house-for-sale-close-to-old-cbn-garki-2-abuja-9NRPA
8NUEX,4 Bedroom Detached Bungalow + 2 Bedroom Bungalow Bq,240000000.0,"₦ 240,000,000",4.0,4.0,House,Close To Ebeano Suppermarket Lokogoma Abuja,Close To Ebeano Suppermarket,Lokogoma,Abuja,Shedrack Luka,Free Wifi; Big Compound; 24 Hours Security,11 Nov 2025,https://www.propertypro.ng/property/4-bedroom-house-for-sale-close-to-ebeano-suppermarket-lokogoma-abuja-8NUEX
8NXKQ,Furnished 3 Bedroom Apartment With Bq,799999999.0,"₦ 799,999,999",3.0,3.0,Flat Apartment,"Banana Island Estate, Ikoyi Lagos","Banana Island Estate,",Ikoyi,Lagos,PRINCE ADEMOLA,,14 Dec 2025,https://www.propertypro.ng/property/3-bedroom-flat-apartment-for-sale-banana-island-estate-ikoyi-lagos-8NXKQ
7PTPP,Luxury Penthouse Apartment+ Bq+ Pool+ Gym,1100000000.0,"₦ 1,100,000,000",4.0,4.0,Flat Apartment,Off Awolowo Road Ikoyi Ikoyi S.w Ikoyi Lagos,Off Awolowo Road Ikoyi Ikoyi S.w,Ikoyi,Lagos,PRINCE ADEMOLA,,19 Jun 2026,https://www.propertypro.ng/property/4-bedroom-flat-apartment-for-sale-off-awolowo-road-ikoyi-ikoyi-sw-ikoyi-lagos-7PTPP
8PFDT,5 Bedroom Terrace House,1400000000.0,"₦ 1,400,000,000",5.0,5.0,House,Parkview Estate Parkview Estate Ikoyi Lagos,Parkview Estate Parkview Estate,Ikoyi,Lagos,PRINCE ADEMOLA,,02 Mar 2026,https://www.propertypro.ng/property/5-bedroom-house-for-sale-parkview-estate-parkview-estate-ikoyi-lagos-8PFDT
3PPLP,Newly Built 5 Bedroom Fully Detached Duplex With Bq,500000000.0,"₦ 500,000,000",5.0,5.0,House,Ologolo Lekki Lagos,Ologolo,Lekki,Lagos,PCL HOMES,,15 May 2026,https://www.propertypro.ng/property/5-bedroom-house-for-sale-ologolo-lekki-lagos-3PPLP
4PKBM,2 Bedroom Terraced Duplex,85000000.0,"₦ 85,000,000",2.0,2.0,House,Idera Scheme Ibeju Lekki Lagos,Idera Scheme Ibeju,Lekki,Lagos,Besproperties,Big Compound; 24 Hours Security; Pop Ceiling,06 Apr 2026,https://www.propertypro.ng/property/2-bedroom-house-for-sale-idera-scheme-ibeju-lekki-lagos-4PKBM
9PGDF,3 Bedroom Apartment,400000000.0,"₦ 400,000,000",3.0,3.0,Flat Apartment,Lekki Lagos,Lekki,Lagos,Lagos,Sunwealth real,24 Hours Security; Security; Pop Ceiling,10 Mar 2026,https://www.propertypro.ng/property/3-bedroom-flat-apartment-for-sale-lekki-lagos-9PGDF
2PFAS,Contemporary 6 Bedroom Semi Detached Duplex,950000000.0,"₦ 950,000,000",6.0,6.0,House,Cowrie Creek Estate Ikate Lekki Lagos,Cowrie Creek Estate Ikate,Lekki,Lagos,Sunwealth real,Big Compound; 24 Hours Security; Boys Quater,01 Mar 2026,https://www.propertypro.ng/property/6-bedroom-house-for-sale-cowrie-creek-estate-ikate-lekki-lagos-2PFAS
4PSDW,Newly Built Four. Bedroom Semi Detached House With Bq,350000000.0,"₦ 350,000,000",4.0,4.0,House,Ikate Lekki Lagos Ikate Lekki Lagos,Ikate Lekki Lagos Ikate,Lekki,Lagos,PCL HOMES,,08 Jun 2026,https://www.propertypro.ng/property/4-bedroom-house-for-sale-ikate-lekki-lagos-ikate-lekki-lagos-4PSDW
2PFFK,4 Bedroom Detached Duplex,365000000.0,"₦ 365,000,000",4.0,4.0,House,Gwarimpa In A Serene And Secured Estate Gwarinpa Abuja,Gwarimpa In A Serene And Secured Estate,Gwarinpa,Abuja,Ademeso olalekan,,02 Mar 2026,https://www.propertypro.ng/property/4-bedroom-house-for-sale-gwarimpa-in-a-serene-and-secured-estate-gwarinpa-abuja-2PFFK
9NZZR,Luxurious 5 Bedroom Terraced Duplex With Bq,250000000.0,"₦ 250,000,000",5.0,5.0,House,Main Gwarinpa Abuja,Main,Gwarinpa,Abuja,Shedrack Luka,Big Compound; Printing Service; 24 Hours Security,16 Jan 2026,https://www.propertypro.ng/property/5-bedroom-house-for-sale-main-gwarinpa-abuja-9NZZR
7NPSR,2 Units Of 4 Bedroom Semi Detached Duplex With Bq,550000000.0,"₦ 550,000,000",4.0,,House,Main Gwarinpa Abuja,Main,Gwarinpa,Abuja,Shedrack Luka,Free Wifi; Big Compound; 24 Hours Security,28 Sep 2025,https://www.propertypro.ng/property/house-for-sale-main-gwarinpa-abuja-7NPSR
8NZTJ,"Plot 886, 3.44hectares Land",600000000.0,"₦ 600,000,000",,,Land,Wawa Wasa Apo Abuja,Wawa Wasa,Apo,Abuja,Shedrack Luka,C Of O; Drainage System,14 Jan 2026,https://www.propertypro.ng/property/land-for-sale-wawa-wasa-apo-abuja-8NZTJ
7NUYZ,4 Bedroom Terrace Duplex,700000000.0,"₦ 700,000,000",4.0,4.0,House,Victoria Island Lagos,Victoria,Island,Lagos,First Colony,,19 Nov 2025,https://www.propertypro.ng/property/4-bedroom-house-for-sale-victoria-island-lagos-7NUYZ
5PKWG,Furnished 4 Bedroom Terrace Duplex,150000000.0,"₦ 150,000,000",4.0,4.0,House,"Behind Skymall, Co Op City Way, Sangotedo Lagos","Behind Skymall, Co Op City Way,",Sangotedo,Lagos,Landlord Hero,,13 Apr 2026,https://www.propertypro.ng/property/4-bedroom-house-for-sale-behind-skymall-co-op-city-way-sangotedo-lagos-5PKWG
0PPHU,4 Bedroom Semi Detached Spacious Detached Bq,550000000.0,"₦ 550,000,000",4.0,4.0,House,Lekki Phase 1 Lekki Lagos,Lekki Phase 1,Lekki,Lagos,GUDNESS REALITY,24 Hours Security; Pop Ceiling; Drainage System,14 May 2026,https://www.propertypro.ng/property/4-bedroom-house-for-sale-lekki-phase-1-lekki-lagos-0PPHU
0PPJP,4 Bedroom Semi Detached Duplex,150000000.0,"₦ 150,000,000",4.0,4.0,House,Lekki County Ikota Lekki Lagos,Lekki County Ikota,Lekki,Lagos,OUTSTANDING REAL,Big Compound; Pop Ceiling; Drainage System,14 May 2026,https://www.propertypro.ng/property/4-bedroom-house-for-sale-lekki-county-ikota-lekki-lagos-0PPJP
8PMQX,4 Bedroom Semi Detached Duplex,140000000.0,"₦ 140,000,000",4.0,4.0,House,Ikota Lekki Lagos,Ikota,Lekki,Lagos,GUDNESS REALITY,Pop Ceiling; Parking Space; Governor's Consent,29 Apr 2026,https://www.propertypro.ng/property/4-bedroom-house-for-sale-ikota-lekki-lagos-8PMQX
6NJFQ,Residential Land,750000000.0,"₦ 750,000,000",,,Land,Lekki Phase 1 Lekki Lagos,Lekki Phase 1,Lekki,Lagos,First Colony,,08 Aug 2025,https://www.propertypro.ng/property/land-for-sale-lekki-phase-1-lekki-lagos-6NJFQ
7PNFW,5 Bedroom Detached Duplex With Bq,700000000.0,"₦ 700,000,000",5.0,5.0,House,Near Asokoro Guzape Abuja,Near Asokoro,Guzape,Abuja,TZ ESTATE,,06 May 2026,https://www.propertypro.ng/property/5-bedroom-house-for-sale-near-asokoro-guzape-abuja-7PNFW
8PGNF,3 Bedroom Terrace Duplex With Bq,160000000.0,"₦ 160,000,000",3.0,4.0,House,Orchid Lekki Lagos,Orchid,Lekki,Lagos,Chrystal Abodes,Big Compound; 24 Hours Security; Pop Ceiling,13 Mar 2026,https://www.propertypro.ng/property/3-bedroom-house-for-sale-orchid-lekki-lagos-8PGNF
8PGNJ,5 Bedroom Fully Detached Duplex,750000000.0,"₦ 750,000,000",5.0,6.0,House,Lekki Phase 1 Lekki Lagos,Lekki Phase 1,Lekki,Lagos,Chrystal Abodes,Big Compound; 24 Hours Security; Pop Ceiling,13 Mar 2026,https://www.propertypro.ng/property/5-bedroom-house-for-sale-lekki-phase-1-lekki-lagos-8PGNJ
9PGXP,5 Bedroom Detached Duplex,1200000000.0,"₦ 1,200,000,000",5.0,6.0,House,Lekki Phase 1 Lekki Lagos,Lekki Phase 1,Lekki,Lagos,Chrystal Abodes,Big Compound; 24 Hours Security; Pop Ceiling,17 Mar 2026,https://www.propertypro.ng/property/5-bedroom-house-for-sale-lekki-phase-1-lekki-lagos-9PGXP
8PNJN,3 Bedroom Apartment,350000000.0,"₦ 350,000,000",3.0,,Flat Apartment,1st Roundabout Lekki Lagos,1st Roundabout,Lekki,Lagos,-,,06 May 2026,https://www.propertypro.ng/property/3-bedroom-flat-apartment-for-sale-1st-roundabout-lekki-lagos-8PNJN
6PNGT,3 Bedroom Penthouse,2720000000.0,"₦ 2,720,000,000",3.0,,Flat Apartment,Ahmadu Bello Way Victoria Island Lagos,Ahmadu Bello Way Victoria,Island,Lagos,-,,06 May 2026,https://www.propertypro.ng/property/3-bedroom-flat-apartment-for-sale-ahmadu-bello-way-victoria-island-lagos-6PNGT
0PNGZ,3 Floor Office Complex,8500000000.0,"₦ 8,500,000,000",,,Commercial Property,Ahmadu Bello Way Victoria Island Lagos,Ahmadu Bello Way Victoria,Island,Lagos,-,,06 May 2026,https://www.propertypro.ng/property/commercial-property-for-sale-ahmadu-bello-way-victoria-island-lagos-0PNGZ
3PEPB,2 Units 4 Bedroom Bungalow,450000000.0,"₦ 450,000,000",4.0,,House,"Ibrahim Taiwo Street, Bodija Ibadan Oyo","Ibrahim Taiwo Street, Bodija",Ibadan,Oyo,Openkeys business,,25 Feb 2026,https://www.propertypro.ng/property/house-for-sale-ibrahim-taiwo-street-bodija-ibadan-oyo-3PEPB
9PCRA,Spacious 3 Bedroom Apartment,250000000.0,"₦ 250,000,000",2.0,2.0,House,Lekki Phase 1 Lekki Lagos,Lekki Phase 1,Lekki,Lagos,Perfect Images,,09 Feb 2026,https://www.propertypro.ng/property/2-bedroom-house-for-sale-lekki-phase-1-lekki-lagos-9PCRA
6PFFN,5 Bedroom Detached Duplex,360000000.0,"₦ 360,000,000",5.0,6.0,House,Chevron Lekki Lagos,Chevron,Lekki,Lagos,Chrystal Abodes,24 Hours Security; Pop Ceiling; C Of O,02 Mar 2026,https://www.propertypro.ng/property/5-bedroom-house-for-sale-chevron-lekki-lagos-6PFFN
1PFFS,5 Bedroom Fully Detached Duplex,500000000.0,"₦ 500,000,000",5.0,6.0,House,2nd Toll Gate Lekki Lagos,2nd Toll Gate,Lekki,Lagos,Chrystal Abodes,Big Compound; 24 Hours Security; Pop Ceiling,02 Mar 2026,https://www.propertypro.ng/property/5-bedroom-house-for-sale-2nd-toll-gate-lekki-lagos-1PFFS
8PDMR,Luxury 5 Bedroom Fully Detached Duplex,1400000000.0,"₦ 1,400,000,000",5.0,6.0,House,Lekki Phase 1 Lekki Lagos,Lekki Phase 1,Lekki,Lagos,Chrystal Abodes,Big Compound; 24 Hours Security; Pop Ceiling,17 Feb 2026,https://www.propertypro.ng/property/5-bedroom-house-for-sale-lekki-phase-1-lekki-lagos-8PDMR
8PKWX,5 Bedroom Fully Detached Duplex,550000000.0,"₦ 550,000,000",5.0,5.0,House,Chevron Toll Gate Lekki Lagos,Chevron Toll Gate,Lekki,Lagos,Chrystal Abodes,,13 Apr 2026,https://www.propertypro.ng/property/5-bedroom-house-for-sale-chevron-toll-gate-lekki-lagos-8PKWX
5PQLB,4 Bedroom Fully Detached Duplex With Bq,275000000.0,"₦ 275,000,000",4.0,4.0,House,Sangotedo Ajah Lagos,Sangotedo,Ajah,Lagos,John Boris,,23 May 2026,https://www.propertypro.ng/property/4-bedroom-house-for-sale-sangotedo-ajah-lagos-5PQLB
2PFJF,Super Distressed 1870sqm Land,900000000.0,"₦ 900,000,000",,,Land,Diplomatic Zone Katampe Extension Katampe Abuja,Diplomatic Zone Katampe Extension,Katampe,Abuja,Shedrack Luka,Big Compound; 24 Hours Security; Security,03 Mar 2026,https://www.propertypro.ng/property/land-for-sale-diplomatic-zone-katampe-extension-katampe-abuja-2PFJF
3PMVZ,4 Bedroom Semi Detached Duplex With Bq,170000000.0,"₦ 170,000,000",4.0,4.0,House,Ikota Ikota Lekki Lagos,Ikota Ikota,Lekki,Lagos,OUTSTANDING REAL,Big Compound; Boys Quater; Drainage System,01 May 2026,https://www.propertypro.ng/property/4-bedroom-house-for-sale-ikota-ikota-lekki-lagos-3PMVZ
7PNEJ,"1,222sqm Of Land",2400000000.0,"₦ 2,400,000,000",,,Land,Adeola Hopewell Victoria Island Lagos,Adeola Hopewell Victoria,Island,Lagos,-,,05 May 2026,https://www.propertypro.ng/property/land-for-sale-adeola-hopewell-victoria-island-lagos-7PNEJ
8PCGW,4 Bedroom Terrace Duplex With Bq,500000000.0,"₦ 500,000,000",4.0,4.0,House,Jahi Abuja,Jahi,Abuja,Abuja,Ademeso olalekan,,06 Feb 2026,https://www.propertypro.ng/property/4-bedroom-house-for-sale-jahi-abuja-8PCGW
8PNGJ,5 Bedroom Detatched Duplex,700000000.0,"₦ 700,000,000",5.0,5.0,House,Ikota Lekki Lagos,Ikota,Lekki,Lagos,Sanrealtor,,06 May 2026,https://www.propertypro.ng/property/5-bedroom-house-for-sale-ikota-lekki-lagos-8PNGJ
3PRWG,Uncompleted 4 Bedroom Bungalow At Finishing,18000000.0,"₦ 18,000,000",4.0,,House,Eleshin Egbeda Oyo,Eleshin,Egbeda,Oyo,Openkeys business,,05 Jun 2026,https://www.propertypro.ng/property/4-bedroom-house-for-sale-eleshin-egbeda-oyo-3PRWG
3PMSD,4 Bedroom Terrace Duplex,200000000.0,"₦ 200,000,000",4.0,4.0,House,After Magistrate Court Life Camp Abuja,After Magistrate Court Life,Camp,Abuja,TZ ESTATE,,30 Apr 2026,https://www.propertypro.ng/property/4-bedroom-house-for-sale-after-magistrate-court-life-camp-abuja-3PMSD
5NYZK,Furnished 4 Bedroom Terraced Duplex With Bq,140000000.0,"₦ 140,000,000",4.0,4.0,House,Close To Turkey Hospital Idu Abuja,Close To Turkey Hospital,Idu,Abuja,Shedrack Luka,Free Wifi; Big Compound; 24 Hours Security,06 Jan 2026,https://www.propertypro.ng/property/4-bedroom-house-for-sale-close-to-turkey-hospital-idu-abuja-5NYZK
9PGCX,5 Bedroom Terrace Duplex,850000000.0,"₦ 850,000,000",5.0,5.0,House,Oniru Victoria Island Lagos,Oniru Victoria,Island,Lagos,Sunwealth real,Big Compound; 24 Hours Security; Boys Quater,10 Mar 2026,https://www.propertypro.ng/property/5-bedroom-house-for-sale-oniru-victoria-island-lagos-9PGCX
1NSVH,Newly Built 5 Bedroom Fully Detached Duplex,150000000.0,"₦ 150,000,000",4.0,4.0,House,Ikota Lekki Lagos,Ikota,Lekki,Lagos,Perfect Images,,27 Oct 2025,https://www.propertypro.ng/property/4-bedroom-house-for-sale-ikota-lekki-lagos-1NSVH
1NKTV,350sqm Land,48000000.0,"₦ 48,000,000",4.0,4.0,Land,Dantata F01 Kubwa Abuja,Dantata F01,Kubwa,Abuja,TZ ESTATE,,22 Aug 2025,https://www.propertypro.ng/property/4-bedroom-land-for-sale-dantata-f01-kubwa-abuja-1NKTV
3PBPE,Contemporary Fully Furnished 5 Bedroom Duplex,850000000.0,"₦ 850,000,000",5.0,5.0,House,Vgc Lekki Lagos,Vgc,Lekki,Lagos,Sunwealth real,Only on PropertyPro,29 Jan 2026,https://www.propertypro.ng/property/5-bedroom-house-for-sale-vgc-lekki-lagos-3PBPE
7PSHM,Spacious 4 Bedroom Terrace Duplex With Bq,310000000.0,"₦ 310,000,000",4.0,4.0,House,"Ikate, Lekki Lagos Ikate Lekki Lagos","Ikate, Lekki Lagos Ikate",Lekki,Lagos,Landlord Hero,Boys Quater; Security; 24 Hours Electricity,10 Jun 2026,https://www.propertypro.ng/property/4-bedroom-house-for-sale-ikate-lekki-lagos-ikate-lekki-lagos-7PSHM
8PMWY,5 Bedroom Fully Detached Duplex,550000000.0,"₦ 550,000,000",5.0,5.0,House,Lekki Conservation Centre Lekki Lagos,Lekki Conservation Centre,Lekki,Lagos,Chrystal Abodes,,02 May 2026,https://www.propertypro.ng/property/5-bedroom-house-for-sale-lekki-conservation-centre-lekki-lagos-8PMWY
3PUFG,500sqm Ocean View Land,1300000000.0,"₦ 1,300,000,000",,,Land,Lekki Right Lekki Phase 1 Marwa Lekki Lagos,Lekki Right Lekki Phase 1 Marwa,Lekki,Lagos,DFHL,,25 Jun 2026,https://www.propertypro.ng/property/land-for-sale-lekki-right-lekki-phase-1-marwa-lekki-lagos-3PUFG
1PNGC,4 Bedroom Terrace Duplex With Bq,185000000.0,"₦ 185,000,000",4.0,4.0,House,Karmo Abuja,Karmo,Abuja,Abuja,TZ ESTATE,,06 May 2026,https://www.propertypro.ng/property/4-bedroom-house-for-sale-karmo-abuja-1PNGC
0PRWB,Mixed Use Prime Property Of 5 Bedroom Duplex,600000000.0,"₦ 600,000,000",5.0,,House,Agodi Gra Agodi Ibadan Oyo,Agodi Gra Agodi,Ibadan,Oyo,Openkeys business,,05 Jun 2026,https://www.propertypro.ng/property/5-bedroom-house-for-sale-agodi-gra-agodi-ibadan-oyo-0PRWB
6PFKH,400sqm Estate Land,25000000.0,"₦ 25,000,000",,,Land,Airport Road Before Centenary City Lugbe Abuja,Airport Road Before Centenary City,Lugbe,Abuja,Besproperties,24 Hours Security; C Of O; Swimming Pool,04 Mar 2026,https://www.propertypro.ng/property/land-for-sale-airport-road-before-centenary-city-lugbe-abuja-6PFKH
6PMRD,Newly Built 4 Bedroom Terraced Duplex,260000000.0,"₦ 260,000,000",4.0,4.0,House,Ikate Lekki Lagos,Ikate,Lekki,Lagos,OUTSTANDING REAL,Big Compound; 24 Hours Security; Boys Quater,29 Apr 2026,https://www.propertypro.ng/property/4-bedroom-house-for-sale-ikate-lekki-lagos-6PMRD
4PJEN,100 Plots Of Land,5000000.0,"₦ 5,000,000",,,Land,Temu Epe Lagos,Temu,Epe,Lagos,DFHL,,29 Mar 2026,https://www.propertypro.ng/property/land-for-sale-temu-epe-lagos-4PJEN
7PKVB,Automated 5 Bedroom Smarthome,300000000.0,"₦ 300,000,000",5.0,,House,Heritage Estate Oluyole Estate Ibadan Oyo,Heritage Estate Oluyole Estate,Ibadan,Oyo,Openkeys business,,13 Apr 2026,https://www.propertypro.ng/property/5-bedroom-house-for-sale-heritage-estate-oluyole-estate-ibadan-oyo-7PKVB
2NWFK,Land,400000000.0,"₦ 400,000,000",,,Land,Close To Vio Mabushi Abuja,Close To Vio,Mabushi,Abuja,Shedrack Luka,C Of O,02 Dec 2025,https://www.propertypro.ng/property/land-for-sale-close-to-vio-mabushi-abuja-2NWFK
0PDXU,Furnished 1 Bedroom Flat With Pool,130000000.0,"₦ 130,000,000",1.0,1.0,Flat Apartment,Lekki Phase 1 Lekki Lagos,Lekki Phase 1,Lekki,Lagos,TUPON LUXURY,,19 Feb 2026,https://www.propertypro.ng/property/1-bedroom-flat-apartment-for-sale-lekki-phase-1-lekki-lagos-0PDXU
5PHJW,Luxury 4 Bedroom Semi Detached Duplex,140000000.0,"₦ 140,000,000",4.0,4.0,House,Ado Road Ajah Lagos,Ado Road,Ajah,Lagos,OUTSTANDING REAL,,21 Mar 2026,https://www.propertypro.ng/property/4-bedroom-house-for-sale-ado-road-ajah-lagos-5PHJW
6PNZM,Newly Built 4 Bedroom Terrace Duplex,160000000.0,"₦ 160,000,000",4.0,4.0,House,General Paint Lekki Lagos,General Paint,Lekki,Lagos,ITJ REALTOR,,11 May 2026,https://www.propertypro.ng/property/4-bedroom-house-for-sale-general-paint-lekki-lagos-6PNZM
4NUHG,2965sqm Office Building On 7 Floors,22500000000.0,"₦ 22,500,000,000",,,Commercial Property,Victoria Island Lagos,Victoria,Island,Lagos,First Colony,,12 Nov 2025,https://www.propertypro.ng/property/commercial-property-for-sale-victoria-island-lagos-4NUHG
1PJSH,4 Bedroom Detached Duplex With 2bq,250000000.0,"₦ 250,000,000",4.0,4.0,House,Main Lokogoma Abuja,Main,Lokogoma,Abuja,Shedrack Luka,Big Compound; Printing Service; 24 Hours Security,02 Apr 2026,https://www.propertypro.ng/property/4-bedroom-house-for-sale-main-lokogoma-abuja-1PJSH
0PERF,Distress New 5 Bedroom Detached Duplex With Bq,330000000.0,"₦ 330,000,000",5.0,5.0,House,"Karsana Efab Metropolis, Karsana Abuja","Karsana Efab Metropolis,",Karsana,Abuja,Ademeso olalekan,,25 Feb 2026,https://www.propertypro.ng/property/5-bedroom-house-for-sale-karsana-efab-metropolis-karsana-abuja-0PERF
6PUHM,30 Room Hotel,15000000000.0,"₦ 15,000,000,000",10.0,10.0,Commercial Property,Ademola Adetokunbo Victoria Island Lagos,Ademola Adetokunbo Victoria,Island,Lagos,DFHL,,26 Jun 2026,https://www.propertypro.ng/property/10-bedroom-commercial-property-for-sale-ademola-adetokunbo-victoria-island-lagos-6PUHM
1PKBK,3 Bedrooom Apartment,120000000.0,"₦ 120,000,000",3.0,3.0,House,By Lafeyette Estate Gaduwa Abuja,By Lafeyette Estate,Gaduwa,Abuja,Besproperties,Big Compound; 24 Hours Security; Pop Ceiling,06 Apr 2026,https://www.propertypro.ng/property/3-bedroom-house-for-sale-by-lafeyette-estate-gaduwa-abuja-1PKBK
9PJUA,Newly Built 4 Bedroom Semi Detached Duplex With Bq,250000000.0,"₦ 250,000,000",4.0,4.0,House,Wumba Abuja,Wumba,Abuja,Abuja,Shedrack Luka,Big Compound; 24 Hours Security; Fast Internet,03 Apr 2026,https://www.propertypro.ng/property/4-bedroom-house-for-sale-wumba-abuja-9PJUA
7PFBH,3 Bedroom On 2 Plots Of Land,35000000.0,"₦ 35,000,000",3.0,,House,Few Distance To Ibadan Abeokuta Road Omi Adio Ibadan Oyo,Few Distance To Ibadan Abeokuta Road Omi Adio,Ibadan,Oyo,Openkeys business,,01 Mar 2026,https://www.propertypro.ng/property/3-bedroom-house-for-sale-few-distance-to-ibadan-abeokuta-road-omi-adio-ibadan-oyo-7PFBH
1PFFE,Bungalow,260000000.0,"₦ 260,000,000",3.0,3.0,House,Efab Queens Karsana Abuja,Efab Queens,Karsana,Abuja,Ademeso olalekan,,02 Mar 2026,https://www.propertypro.ng/property/3-bedroom-house-for-sale-efab-queens-karsana-abuja-1PFFE
0PCMU,Spacious 5 Bedroom Detached Duplex With Bq,550000000.0,"₦ 550,000,000",5.0,5.0,House,"Karsana Efab Metropolis, Karsana Abuja","Karsana Efab Metropolis,",Karsana,Abuja,Ademeso olalekan,,08 Feb 2026,https://www.propertypro.ng/property/5-bedroom-house-for-sale-karsana-efab-metropolis-karsana-abuja-0PCMU
3PEYM,Newly Built 3 Bedroom Apartment,155000000.0,"₦ 155,000,000",3.0,3.0,House,Kado By Next Cash And Carry Kado Abuja,Kado By Next Cash And Carry,Kado,Abuja,Ademeso olalekan,,27 Feb 2026,https://www.propertypro.ng/property/3-bedroom-house-for-sale-kado-by-next-cash-and-carry-kado-abuja-3PEYM
9PEZK,3 Bedroom Apartment,38000000.0,"₦ 38,000,000",3.0,3.0,House,"Kyami Opposite Custom Quarters, Idu Abuja","Kyami Opposite Custom Quarters,",Idu,Abuja,Besproperties,Security; C Of O; Supermarket Nearby,28 Feb 2026,https://www.propertypro.ng/property/3-bedroom-house-for-sale-kyami-opposite-custom-quarters-idu-abuja-9PEZK
1PFDW,Land,750000000.0,"₦ 750,000,000",,,Land,"Total Garden Cllse To Ks Motel, Agodi Gra Agodi Ibadan Oyo","Total Garden Cllse To Ks Motel, Agodi Gra Agodi",Ibadan,Oyo,Openkeys business,,02 Mar 2026,https://www.propertypro.ng/property/land-for-sale-total-garden-cllse-to-ks-motel-agodi-gra-agodi-ibadan-oyo-1PFDW
4PKJA,7 Bedroom Detached Duplex With Bq/swimming Pool,550000000.0,"₦ 550,000,000",7.0,7.0,House,Main Gwarinpa Abuja,Main,Gwarinpa,Abuja,Shedrack Luka,Big Compound; Printing Service; 24 Hours Security,09 Apr 2026,https://www.propertypro.ng/property/7-bedroom-house-for-sale-main-gwarinpa-abuja-4PKJA
0PSKM,Luxury 3 Bedroom Duplex With Modern Finishing,160000000.0,"₦ 160,000,000",3.0,,House,Carlton Gate Akobo Ibadan Oyo,Carlton Gate Akobo,Ibadan,Oyo,Openkeys business,,10 Jun 2026,https://www.propertypro.ng/property/3-bedroom-house-for-sale-carlton-gate-akobo-ibadan-oyo-0PSKM
8PHZE,Newly Built 5 Bedroom Fully Detached House,380000000.0,"₦ 380,000,000",5.0,5.0,House,"Megamound Lekky County, Lekki Phase 2 Lekki Lagos","Megamound Lekky County, Lekki Phase 2",Lekki,Lagos,PCL HOMES,Newly Built; Only on PropertyPro,26 Mar 2026,https://www.propertypro.ng/property/5-bedroom-house-for-sale-megamound-lekky-county-lekki-phase-2-lekki-lagos-8PHZE
5PNZX,2 Bedroom Apartment,350000000.0,"₦ 350,000,000",2.0,2.0,House,Lekki Phase 1 Lekki Lagos,Lekki Phase 1,Lekki,Lagos,ITJ REALTOR,Big Compound; Fast Internet; C Of O,11 May 2026,https://www.propertypro.ng/property/2-bedroom-house-for-sale-lekki-phase-1-lekki-lagos-5PNZX
1PUJW,5bed,600000000.0,"₦ 600,000,000",5.0,5.0,House,Lekki Phase 2 Lekki Lagos,Lekki Phase 2,Lekki,Lagos,New adventures,,26 Jun 2026,https://www.propertypro.ng/property/5-bedroom-house-for-sale-lekki-phase-2-lekki-lagos-1PUJW
2PNPP,Luxury 4 Bedroom Terrace Duplex With Bq,280000000.0,"₦ 280,000,000",4.0,4.0,House,Ikota Lekki Lagos,Ikota,Lekki,Lagos,Sanrealtor,,08 May 2026,https://www.propertypro.ng/property/4-bedroom-house-for-sale-ikota-lekki-lagos-2PNPP
0PHRU,2 Bedroom With Foundation Level 4 Bedroom,21000000.0,"₦ 21,000,000",2.0,,House,"Highflyer School, Idi Ahun, Elebu Akala Express Ibadan Oyo","Highflyer School, Idi Ahun, Elebu Akala Express",Ibadan,Oyo,Openkeys business,,24 Mar 2026,https://www.propertypro.ng/property/2-bedroom-house-for-sale-highflyer-school-idi-ahun-elebu-akala-express-ibadan-oyo-0PHRU
9PFKJ,2 Bedroom Apartment,200000000.0,"₦ 200,000,000",2.0,2.0,House,Lekki Phase 1 Lekki Lagos,Lekki Phase 1,Lekki,Lagos,Besproperties,Big Compound; 24 Hours Security; Pop Ceiling,04 Mar 2026,https://www.propertypro.ng/property/2-bedroom-house-for-sale-lekki-phase-1-lekki-lagos-9PFKJ
9PDQQ,5 Bedroom Detached Duplex With Bq,1850000000.0,"₦ 1,850,000,000",5.0,6.0,House,Parkview Estate Ikoyi Lagos,Parkview Estate,Ikoyi,Lagos,Chrystal Abodes,Big Compound; 24 Hours Security; Pop Ceiling,17 Feb 2026,https://www.propertypro.ng/property/5-bedroom-house-for-sale-parkview-estate-ikoyi-lagos-9PDQQ
8PJEP,100 Plots Of Land,4000000.0,"₦ 4,000,000",,,Land,Ikegun Ibeju Lekki Lagos,Ikegun Ibeju,Lekki,Lagos,DFHL,,29 Mar 2026,https://www.propertypro.ng/property/land-for-sale-ikegun-ibeju-lekki-lagos-8PJEP
2PENL,Newly Built 4 Bedroom Semi Detached Duplex,220000000.0,"₦ 220,000,000",4.0,,House,Gbagada Lagos,Gbagada,Lagos,Lagos,Purple Ribbon,,25 Feb 2026,https://www.propertypro.ng/property/4-bedroom-house-for-sale-gbagada-lagos-2PENL
6PUCM,Luxury High Floor 3 Bedroom Apartment +bq+pool+gym,600000000.0,"₦ 600,000,000",3.0,3.0,Flat Apartment,Old Ikoyi Old Ikoyi Ikoyi Lagos,Old Ikoyi Old Ikoyi,Ikoyi,Lagos,PRINCE ADEMOLA,,24 Jun 2026,https://www.propertypro.ng/property/3-bedroom-flat-apartment-for-sale-old-ikoyi-old-ikoyi-ikoyi-lagos-6PUCM
9PUCP,Brand New 2 Bedroom Apartment,160000000.0,"₦ 160,000,000",2.0,2.0,House,Western Foreshore Estate Osapa Lekki Osapa London Lekki Lagos,Western Foreshore Estate Osapa Lekki Osapa London,Lekki,Lagos,DFHL,,24 Jun 2026,https://www.propertypro.ng/property/2-bedroom-house-for-sale-western-foreshore-estate-osapa-lekki-osapa-london-lekki-lagos-9PUCP
9PNFV,4 Bedroom Terrace Duplex With Bq,240000000.0,"₦ 240,000,000",4.0,4.0,House,Life Camp Abuja,Life,Camp,Abuja,TZ ESTATE,,06 May 2026,https://www.propertypro.ng/property/4-bedroom-house-for-sale-life-camp-abuja-9PNFV
1NPZW,Plaza,9000000000.0,"₦ 9,000,000,000",,,Commercial Property,On Major Road Wuse 2 Abuja,On Major Road Wuse,2,Abuja,Shedrack Luka,Free Wifi; Big Compound; 24 Hours Security,30 Sep 2025,https://www.propertypro.ng/property/commercial-property-for-sale-on-major-road-wuse-2-abuja-1NPZW
6PGTD,4 Bedroom Semi Detached Duplex With Bq,160000000.0,"₦ 160,000,000",4.0,4.0,House,Orchid Lekki Lagos,Orchid,Lekki,Lagos,OUTSTANDING REAL,,15 Mar 2026,https://www.propertypro.ng/property/4-bedroom-house-for-sale-orchid-lekki-lagos-6PGTD
7PRUY,4 Bedroom Fully Detached Duplex,190000000.0,"₦ 190,000,000",4.0,4.0,House,Orchid Road Lekki Lagos Chevron Lekki Lagos,Orchid Road Lekki Lagos Chevron,Lekki,Lagos,OUTSTANDING REAL,Big Compound; Boys Quater; Security,05 Jun 2026,https://www.propertypro.ng/property/4-bedroom-house-for-sale-orchid-road-lekki-lagos-chevron-lekki-lagos-7PRUY
2NSYA,Newly Built 4 Bedroom Bungalow,75000000.0,"₦ 75,000,000",4.0,4.0,House,"Igbeju, Lekki Lagos","Igbeju,",Lekki,Lagos,Perfect Images,,28 Oct 2025,https://www.propertypro.ng/property/4-bedroom-house-for-sale-igbeju-lekki-lagos-2NSYA
8PFQM,3 Bedroom Terrace Duplex,140000000.0,"₦ 140,000,000",3.0,4.0,House,Orchid Lekki Lagos,Orchid,Lekki,Lagos,Chrystal Abodes,Big Compound; 24 Hours Security; Pop Ceiling,05 Mar 2026,https://www.propertypro.ng/property/3-bedroom-house-for-sale-orchid-lekki-lagos-8PFQM
8PTRQ,2bed,180000000.0,"₦ 180,000,000",2.0,2.0,House,Lekki Phase 1 Lekki Lagos,Lekki Phase 1,Lekki,Lagos,New adventures,,20 Jun 2026,https://www.propertypro.ng/property/2-bedroom-house-for-sale-lekki-phase-1-lekki-lagos-8PTRQ
6PKBA,Fenced And Gated 4 Bedroom Bungalow,32000000.0,"₦ 32,000,000",4.0,,House,"Yawiri, Akobo Ojurin Akobo Ibadan Oyo","Yawiri, Akobo Ojurin Akobo",Ibadan,Oyo,Openkeys business,,06 Apr 2026,https://www.propertypro.ng/property/4-bedroom-house-for-sale-yawiri-akobo-ojurin-akobo-ibadan-oyo-6PKBA
1PSER,Specious Residential Land Size: 1667sqm,3500000000.0,"₦ 3,500,000,000",,,Land,Main Maitama Maitama Abuja,Main Maitama,Maitama,Abuja,Shedrack Luka,Security; C Of O; Drainage System,09 Jun 2026,https://www.propertypro.ng/property/land-for-sale-main-maitama-maitama-abuja-1PSER
8PBEN,5 Bedroom Detached Duplex With Bq,400000000.0,"₦ 400,000,000",5.0,5.0,House,Main Gwarinpa Abuja,Main,Gwarinpa,Abuja,Shedrack Luka,Big Compound; 24 Hours Security; Pop Ceiling,26 Jan 2026,https://www.propertypro.ng/property/5-bedroom-house-for-sale-main-gwarinpa-abuja-8PBEN
5PEGR,3700sqm Landed Property,850000000.0,"₦ 850,000,000",,,Land,"Osuntokun Crescent, Old Bodija Ibadan Oyo","Osuntokun Crescent, Old Bodija",Ibadan,Oyo,Openkeys business,,23 Feb 2026,https://www.propertypro.ng/property/land-for-sale-osuntokun-crescent-old-bodija-ibadan-oyo-5PEGR
4PFJZ,Plot For 3 Bedroom Pent House,19440000.0,"₦ 19,440,000",4.0,4.0,Land,"Before Centenary City, Lugbe Abuja","Before Centenary City,",Lugbe,Abuja,Besproperties,,03 Mar 2026,https://www.propertypro.ng/property/4-bedroom-land-for-sale-before-centenary-city-lugbe-abuja-4PFJZ
2PNFU,3 Bedroom Apartment With Bq,165000000.0,"₦ 165,000,000",3.0,3.0,House,Near American School Durumi Abuja,Near American School,Durumi,Abuja,TZ ESTATE,,06 May 2026,https://www.propertypro.ng/property/3-bedroom-house-for-sale-near-american-school-durumi-abuja-2PNFU
1NWXP,4 Bedroom Terrace Duplex +1 Room Bq,250000000.0,"₦ 250,000,000",4.0,4.0,House,American International School Durumi Abuja,American International School,Durumi,Abuja,Shedrack Luka,Big Compound; 24 Hours Security; Fast Internet,08 Dec 2025,https://www.propertypro.ng/property/4-bedroom-house-for-sale-american-international-school-durumi-abuja-1NWXP
4PJFQ,Newly Built 4 Bedroom Terrace Duplex,280000000.0,"₦ 280,000,000",4.0,4.0,House,By American International School Durumi Abuja,By American International School,Durumi,Abuja,Ademeso olalekan,,30 Mar 2026,https://www.propertypro.ng/property/4-bedroom-house-for-sale-by-american-international-school-durumi-abuja-4PJFQ
1PLBK,4 Bedroom Apartment,1500000000.0,"₦ 1,500,000,000",4.0,,Flat Apartment,Kofo Abayomi Victoria Island Lagos,Kofo Abayomi Victoria,Island,Lagos,Chrystal Abodes,,15 Apr 2026,https://www.propertypro.ng/property/flat-apartment-for-sale-kofo-abayomi-victoria-island-lagos-1PLBK
4NHXW,3 Bedroom Apartment,900000000.0,"₦ 900,000,000",3.0,3.0,Flat Apartment,Victoria Island Lagos,Victoria,Island,Lagos,First Colony,,05 Aug 2025,https://www.propertypro.ng/property/3-bedroom-flat-apartment-for-sale-victoria-island-lagos-4NHXW
0NKTV,400sqm Estate Plot With Foundation N65m,48000000.0,"₦ 48,000,000",4.0,4.0,Land,Kubwa Abuja,Kubwa,Abuja,Abuja,TZ ESTATE,,22 Aug 2025,https://www.propertypro.ng/property/4-bedroom-land-for-sale-kubwa-abuja-0NKTV
4NXSX,7 Bedroom Flats,3000000000.0,"₦ 3,000,000,000",7.0,7.0,House,Close To Peace Setters School Guzape Abuja,Close To Peace Setters School,Guzape,Abuja,Shedrack Luka,Printing Service; Fast Internet; Pop Ceiling,17 Dec 2025,https://www.propertypro.ng/property/7-bedroom-house-for-sale-close-to-peace-setters-school-guzape-abuja-4NXSX
9PGQY,Chevron Residential Plots,300000000.0,"₦ 300,000,000",,,Land,Chevron Drive Lekki Lagos Chevron Lekki Lagos,Chevron Drive Lekki Lagos Chevron,Lekki,Lagos,DFHL,,14 Mar 2026,https://www.propertypro.ng/property/land-for-sale-chevron-drive-lekki-lagos-chevron-lekki-lagos-9PGQY
6PNGC,4 Bedroom Terrace Duplex With Bq,330000000.0,"₦ 330,000,000",4.0,4.0,House,After Coza Guzape Abuja,After Coza,Guzape,Abuja,TZ ESTATE,,06 May 2026,https://www.propertypro.ng/property/4-bedroom-house-for-sale-after-coza-guzape-abuja-6PNGC
6PQZV,3 Bedroom Terrace Duplex,87000000.0,"₦ 87,000,000",3.0,3.0,House,Sangotedo Ajah Lagos,Sangotedo,Ajah,Lagos,GUDNESS REALITY,24 Hours Security; Security; Pop Ceiling,29 May 2026,https://www.propertypro.ng/property/3-bedroom-house-for-sale-sangotedo-ajah-lagos-6PQZV
9PDQX,4 Bedroom Terrace With Bq,210000000.0,"₦ 210,000,000",4.0,4.0,House,Gwarimpa Gwarinpa Abuja,Gwarimpa,Gwarinpa,Abuja,Ademeso olalekan,,18 Feb 2026,https://www.propertypro.ng/property/4-bedroom-house-for-sale-gwarimpa-gwarinpa-abuja-9PDQX
2PPCQ,5 Bedroom Detached Duplex With Bq,350000000.0,"₦ 350,000,000",5.0,5.0,House,Orchid Lekki Lagos,Orchid,Lekki,Lagos,ITJ REALTOR,,12 May 2026,https://www.propertypro.ng/property/5-bedroom-house-for-sale-orchid-lekki-lagos-2PPCQ
7PNFV,750sqm Of Land,90000000.0,"₦ 90,000,000",5.0,5.0,Land,Nnpc Estate Life Camp Abuja,Nnpc Estate Life,Camp,Abuja,TZ ESTATE,,06 May 2026,https://www.propertypro.ng/property/5-bedroom-land-for-sale-nnpc-estate-life-camp-abuja-7PNFV
8PFEB,4 Bedroom Bungalow,80000000.0,"₦ 80,000,000",4.0,,House,Asunle Akala Express Ibadan Oyo,Asunle Akala Express,Ibadan,Oyo,Openkeys business,,02 Mar 2026,https://www.propertypro.ng/property/4-bedroom-house-for-sale-asunle-akala-express-ibadan-oyo-8PFEB
9PCYU,Fenced And Gated 500sqm Land,110000000.0,"₦ 110,000,000",,,Land,S&t Phase2 Jericho Ibadan Oyo,S&t Phase2 Jericho,Ibadan,Oyo,Openkeys business,,12 Feb 2026,https://www.propertypro.ng/property/land-for-sale-st-phase2-jericho-ibadan-oyo-9PCYU
9PDCF,Pharmaceutical Company,1500000000.0,"₦ 1,500,000,000",,,Commercial Property,Olubadan Industrial Estate Alakia Ibadan Oyo,Olubadan Industrial Estate Alakia,Ibadan,Oyo,Openkeys business,,13 Feb 2026,https://www.propertypro.ng/property/commercial-property-for-sale-olubadan-industrial-estate-alakia-ibadan-oyo-9PDCF
4NXBT,Land Measuring 500sqm,30000000.0,"₦ 30,000,000",,,Land,Eleranigbe Ibeju Lekki Lagos,Eleranigbe Ibeju,Lekki,Lagos,Purple Ribbon,,10 Dec 2025,https://www.propertypro.ng/property/land-for-sale-eleranigbe-ibeju-lekki-lagos-4NXBT
4NZUW,4 Bedroom Fully Detached Duplex With Bq,260000000.0,"₦ 260,000,000",4.0,,House,Orchid Lekki Lagos,Orchid,Lekki,Lagos,Purple Ribbon,,14 Jan 2026,https://www.propertypro.ng/property/house-for-sale-orchid-lekki-lagos-4NZUW
3PHTG,Land Measuring 1510sqm,3500000000.0,"₦ 3,500,000,000",,,Land,Oju Olibun Street Victoria Island Victoria Island Lagos,Oju Olibun Street Victoria Island Victoria,Island,Lagos,DFHL,C Of O,25 Mar 2026,https://www.propertypro.ng/property/land-for-sale-oju-olibun-street-victoria-island-victoria-island-lagos-3PHTG
0PLAL,Clean 2 Bedroom Apartment,130000000.0,"₦ 130,000,000",2.0,2.0,House,Life Camp Abuja,Life,Camp,Abuja,Ademeso olalekan,,15 Apr 2026,https://www.propertypro.ng/property/2-bedroom-house-for-sale-life-camp-abuja-0PLAL
2PHCW,Land,1800000.0,"₦ 1,800,000",,,Land,"Interchange, Lagos Ibadan Expressway Obafemi Owode Ogun","Interchange, Lagos Ibadan Expressway Obafemi",Owode,Ogun,Besproperties,,18 Mar 2026,https://www.propertypro.ng/property/land-for-sale-interchange-lagos-ibadan-expressway-obafemi-owode-ogun-2PHCW
8PJZW,4 Bedroom Terraced Duplex + Bq,420000000.0,"₦ 420,000,000",4.0,4.0,House,Omole Ikeja Lagos,Omole,Ikeja,Lagos,Besproperties,Big Compound; 24 Hours Security; Pop Ceiling,06 Apr 2026,https://www.propertypro.ng/property/4-bedroom-house-for-sale-omole-ikeja-lagos-8PJZW
4PJZJ,4 Bedroom Semi Detached Duplex With Bq,200000000.0,"₦ 200,000,000",4.0,4.0,House,Abraham Adesanya Estate Ajah Lagos,Abraham Adesanya Estate,Ajah,Lagos,Besproperties,Big Compound; Printing Service; 24 Hours Security,05 Apr 2026,https://www.propertypro.ng/property/4-bedroom-house-for-sale-abraham-adesanya-estate-ajah-lagos-4PJZJ
2PKBQ,1000sqm Commercial Land,80000000.0,"₦ 80,000,000",,,Land,Eleranigbe Ibeju Lekki Lagos,Eleranigbe Ibeju,Lekki,Lagos,Besproperties,,06 Apr 2026,https://www.propertypro.ng/property/land-for-sale-eleranigbe-ibeju-lekki-lagos-2PKBQ
6PJQD,Newly Built 4 Bedroom Semi Detached Duplex With Bq,210000000.0,"₦ 210,000,000",4.0,4.0,House,Ikota Lekki Lagos,Ikota,Lekki,Lagos,OUTSTANDING REAL,,01 Apr 2026,https://www.propertypro.ng/property/4-bedroom-house-for-sale-ikota-lekki-lagos-6PJQD
2PHJX,Luxury 3 Bedroom Apartment With Bq/elevator/gym/pool,300000000.0,"₦ 300,000,000",3.0,3.0,House,Lekki Phase 1 Lekki Lagos,Lekki Phase 1,Lekki,Lagos,OUTSTANDING REAL,,21 Mar 2026,https://www.propertypro.ng/property/3-bedroom-house-for-sale-lekki-phase-1-lekki-lagos-2PHJX
6PLXU,Luxury 5 Bedroom Fully Detached Duplex,840000000.0,"₦ 840,000,000",5.0,5.0,House,Osapa London Lekki Lagos,Osapa London,Lekki,Lagos,OUTSTANDING REAL,Big Compound; Printing Service; 24 Hours Security,23 Apr 2026,https://www.propertypro.ng/property/5-bedroom-house-for-sale-osapa-london-lekki-lagos-6PLXU
7PLYD,3 Bedroom Terrace Duplex,220000000.0,"₦ 220,000,000",3.0,3.0,House,Ikate Lekki Lagos,Ikate,Lekki,Lagos,OUTSTANDING REAL,,23 Apr 2026,https://www.propertypro.ng/property/3-bedroom-house-for-sale-ikate-lekki-lagos-7PLYD
9PHJV,Spacious Studio Apartment With Elevator/gym/pool,130000000.0,"₦ 130,000,000",1.0,1.0,House,Lekki Phase 1 Lekki Lagos,Lekki Phase 1,Lekki,Lagos,OUTSTANDING REAL,,21 Mar 2026,https://www.propertypro.ng/property/1-bedroom-house-for-sale-lekki-phase-1-lekki-lagos-9PHJV
9PEYC,4 Bedroom Duplex,360000000.0,"₦ 360,000,000",4.0,4.0,House,Jahi Jahi Abuja,Jahi,Jahi,Abuja,Ademeso olalekan,,27 Feb 2026,https://www.propertypro.ng/property/4-bedroom-house-for-sale-jahi-jahi-abuja-9PEYC
9PGXE,5 Bedroom Detached Duplex,550000000.0,"₦ 550,000,000",5.0,5.0,House,Gaduwa Abuja,Gaduwa,Abuja,Abuja,Ademeso olalekan,,17 Mar 2026,https://www.propertypro.ng/property/5-bedroom-house-for-sale-gaduwa-abuja-9PGXE
8PFNQ,3 Bedroom Bungalow + Bq,90000000.0,"₦ 90,000,000",3.0,3.0,House,Aiyetoro Ibeju Lekki Lagos,Aiyetoro Ibeju,Lekki,Lagos,Besproperties,Big Compound; Pop Ceiling; Swimming Pool,05 Mar 2026,https://www.propertypro.ng/property/3-bedroom-house-for-sale-aiyetoro-ibeju-lekki-lagos-8PFNQ
5PHCV,Estate,2500000.0,"₦ 2,500,000",,,Land,Owode Obafemi Owode Ogun,Owode Obafemi,Owode,Ogun,Besproperties,,18 Mar 2026,https://www.propertypro.ng/property/land-for-sale-owode-obafemi-owode-ogun-5PHCV
6PFKF,150sqm Estate Land,5985000.0,"₦ 5,985,000",,,Land,"Airport Road, Lugbe Abuja","Airport Road,",Lugbe,Abuja,Besproperties,24 Hours Security; Swimming Pool; Mosques Nearby,03 Mar 2026,https://www.propertypro.ng/property/land-for-sale-airport-road-lugbe-abuja-6PFKF
5PFNF,2 Bedroom Apartment,60000000.0,"₦ 60,000,000",2.0,2.0,House,Behind Games Village Kaura (games Village) Abuja,Behind Games Village Kaura (games,Village),Abuja,Besproperties,Big Compound; 24 Hours Security; C Of O,04 Mar 2026,https://www.propertypro.ng/property/2-bedroom-house-for-sale-behind-games-village-kaura-games-village-abuja-5PFNF
4PNLL,5 Bedroom Detatched Duplex With Bq,380000000.0,"₦ 380,000,000",5.0,5.0,House,Ikota Lekki Lagos,Ikota,Lekki,Lagos,Sanrealtor,,07 May 2026,https://www.propertypro.ng/property/5-bedroom-house-for-sale-ikota-lekki-lagos-4PNLL
0PNGJ,5 Bedroom Detatched Duplex With Bq,3500000000.0,"₦ 3,500,000,000",5.0,5.0,House,Ikoyi Lagos,Ikoyi,Lagos,Lagos,Sanrealtor,,06 May 2026,https://www.propertypro.ng/property/5-bedroom-house-for-sale-ikoyi-lagos-0PNGJ
6PDWR,932 Smqs Of Land At New Bodija,160000000.0,"₦ 160,000,000",,,Land,New Bodija Ibadan Oyo,New Bodija,Ibadan,Oyo,MrMideOseni Homes,C Of O,19 Feb 2026,https://www.propertypro.ng/property/land-for-sale-new-bodija-ibadan-oyo-6PDWR
1PKCD,618sqm Of Land,100000000.0,"₦ 100,000,000",,,Land,S & T Jericho Gra Ibadan Oyo,S & T Jericho Gra,Ibadan,Oyo,MrMideOseni Homes,,07 Apr 2026,https://www.propertypro.ng/property/land-for-sale-s-t-jericho-gra-ibadan-oyo-1PKCD
2NSUK,400sqm Estate Plot Land,160000000.0,"₦ 160,000,000",5.0,5.0,Land,Guzape Main Guzape Abuja,Guzape Main,Guzape,Abuja,TZ ESTATE,,26 Oct 2025,https://www.propertypro.ng/property/5-bedroom-land-for-sale-guzape-main-guzape-abuja-2NSUK
6NSUP,Newly Built 4 Bedroom Terrace Duplex With Bq,210000000.0,"₦ 210,000,000",4.0,4.0,House,Mabushi Abuja,Mabushi,Abuja,Abuja,TZ ESTATE,,27 Oct 2025,https://www.propertypro.ng/property/4-bedroom-house-for-sale-mabushi-abuja-6NSUP
6PNFW,4 Bedroom Terrace Duplex With Bq,160000000.0,"₦ 160,000,000",4.0,4.0,House,Off 69 Road Gwarinpa Abuja,Off 69 Road,Gwarinpa,Abuja,TZ ESTATE,,06 May 2026,https://www.propertypro.ng/property/4-bedroom-house-for-sale-off-69-road-gwarinpa-abuja-6PNFW
4NSBP,Luxurious 4 Bedroom Fully Detached Duplex,280000000.0,"₦ 280,000,000",4.0,4.0,House,Ajah Lekki Lagos,Ajah,Lekki,Lagos,Perfect Images,,20 Oct 2025,https://www.propertypro.ng/property/4-bedroom-house-for-sale-ajah-lekki-lagos-4NSBP
9NTGV,Contemporary 4 Bedroom Fully Detached Duplex,280000000.0,"₦ 280,000,000",4.0,4.0,House,Ajah Lekki Lagos,Ajah,Lekki,Lagos,Perfect Images,,31 Oct 2025,https://www.propertypro.ng/property/4-bedroom-house-for-sale-ajah-lekki-lagos-9NTGV
9PDXR,5 Bedroom Fully Detached Duplex,420000000.0,"₦ 420,000,000",5.0,,House,Ikota Lekki Lagos,Ikota,Lekki,Lagos,Chrystal Abodes,Big Compound; 24 Hours Security; Pop Ceiling,19 Feb 2026,https://www.propertypro.ng/property/house-for-sale-ikota-lekki-lagos-9PDXR
8PDXY,5 Bedroom Fully Detached Duplex,900000000.0,"₦ 900,000,000",5.0,,House,Osapa London Lekki Lagos,Osapa London,Lekki,Lagos,Chrystal Abodes,Big Compound; 24 Hours Security; Pop Ceiling,20 Feb 2026,https://www.propertypro.ng/property/house-for-sale-osapa-london-lekki-lagos-8PDXY
6PDTS,5 Bedroom Fully Detached Duplex,550000000.0,"₦ 550,000,000",5.0,6.0,House,Ikota Lekki Lagos,Ikota,Lekki,Lagos,Chrystal Abodes,24 Hours Security; Pop Ceiling; Swimming Pool,18 Feb 2026,https://www.propertypro.ng/property/5-bedroom-house-for-sale-ikota-lekki-lagos-6PDTS
0PFFP,5 Bedroom Bedroom Detached Duplex,650000000.0,"₦ 650,000,000",5.0,6.0,House,Osapa London Lekki Lagos,Osapa London,Lekki,Lagos,Chrystal Abodes,Big Compound; 24 Hours Security; Pop Ceiling,02 Mar 2026,https://www.propertypro.ng/property/5-bedroom-house-for-sale-osapa-london-lekki-lagos-0PFFP
0NQAQ,New 5 Bedroom Semi Detached House With Bq,1700000000.0,"₦ 1,700,000,000",5.0,5.0,House,Banana Island Estate Banana Island Ikoyi Lagos,Banana Island Estate Banana Island,Ikoyi,Lagos,PRINCE ADEMOLA,,01 Oct 2025,https://www.propertypro.ng/property/5-bedroom-house-for-sale-banana-island-estate-banana-island-ikoyi-lagos-0NQAQ
1PSWL,5bed,310000000.0,"₦ 310,000,000",5.0,5.0,House,Ajah Lagos,Ajah,Lagos,Lagos,New adventures,,15 Jun 2026,https://www.propertypro.ng/property/5-bedroom-house-for-sale-ajah-lagos-1PSWL
5PDAD,Contemporary 4 Bedroom Semi Detached Duplex With Bq,140000000.0,"₦ 140,000,000",4.0,4.0,House,"Lekki Palm City, Ajah Lagos","Lekki Palm City,",Ajah,Lagos,OUTSTANDING REAL,,12 Feb 2026,https://www.propertypro.ng/property/4-bedroom-house-for-sale-lekki-palm-city-ajah-lagos-5PDAD
4PRTD,Fully Serviced 1 Bedroom Apartment,85000000.0,"₦ 85,000,000",1.0,1.0,Flat Apartment,New Road/ Chevron Chevron Lekki Lagos,New Road/ Chevron Chevron,Lekki,Lagos,OUTSTANDING REAL,Security; C Of O; Swimming Pool,04 Jun 2026,https://www.propertypro.ng/property/1-bedroom-flat-apartment-for-sale-new-road-chevron-chevron-lekki-lagos-4PRTD
3PMWA,Newly Built 4 Bedroom Detached Duplex,180000000.0,"₦ 180,000,000",4.0,4.0,House,Ikota Ikota Lekki Lagos,Ikota Ikota,Lekki,Lagos,OUTSTANDING REAL,24 Hours Security; Boys Quater; Drainage System,01 May 2026,https://www.propertypro.ng/property/4-bedroom-house-for-sale-ikota-ikota-lekki-lagos-3PMWA
5NRMM,4 Bedroom Terraced Duplex With Bq,200000000.0,"₦ 200,000,000",5.0,5.0,House,Spar Market Life Camp Abuja,Spar Market Life,Camp,Abuja,Besproperties,Big Compound; 24 Hours Security; Boys Quater,14 Oct 2025,https://www.propertypro.ng/property/5-bedroom-house-for-sale-spar-market-life-camp-abuja-5NRMM
0PNVU,5 Bedroom Detached Duplex With Pool,300000000.0,"₦ 300,000,000",5.0,5.0,House,Ikota Lekki Lagos,Ikota,Lekki,Lagos,Sanrealtor,,10 May 2026,https://www.propertypro.ng/property/5-bedroom-house-for-sale-ikota-lekki-lagos-0PNVU
1PNLR,5 Bedroom Detatched Duplex With Bq,1300000000.0,"₦ 1,300,000,000",5.0,5.0,House,Chevron Lekki Lagos,Chevron,Lekki,Lagos,Sanrealtor,,07 May 2026,https://www.propertypro.ng/property/5-bedroom-house-for-sale-chevron-lekki-lagos-1PNLR
1PNPZ,Luxuriously Built 5 Bedroom Detached Duplex With Bq,750000000.0,"₦ 750,000,000",5.0,5.0,House,Ikota Lekki Lagos,Ikota,Lekki,Lagos,Sanrealtor,,08 May 2026,https://www.propertypro.ng/property/5-bedroom-house-for-sale-ikota-lekki-lagos-1PNPZ
2PNXH,5 Bedroom Detached Duplex With Bq,530000000.0,"₦ 530,000,000",5.0,5.0,House,Orchid Lekki Lagos,Orchid,Lekki,Lagos,Sanrealtor,,11 May 2026,https://www.propertypro.ng/property/5-bedroom-house-for-sale-orchid-lekki-lagos-2PNXH
9PFED,2 Bedroom Apartment,125000000.0,"₦ 125,000,000",2.0,2.0,Flat Apartment,Ologolo Lekki Lagos,Ologolo,Lekki,Lagos,Sunwealth real,24 Hours Security; Security; Pop Ceiling,02 Mar 2026,https://www.propertypro.ng/property/2-bedroom-flat-apartment-for-sale-ologolo-lekki-lagos-9PFED
8PFPQ,Modern 4 Bedroom Terrace Duplex,400000000.0,"₦ 400,000,000",4.0,4.0,House,Ikate Lekki Lagos,Ikate,Lekki,Lagos,Sunwealth real,Big Compound; 24 Hours Security; Boys Quater,05 Mar 2026,https://www.propertypro.ng/property/4-bedroom-house-for-sale-ikate-lekki-lagos-8PFPQ
9PFTA,5 Bedroom Fully Detached Duplex,450000000.0,"₦ 450,000,000",5.0,5.0,House,Chevron Toll Gate Lekki Lagos,Chevron Toll Gate,Lekki,Lagos,Sunwealth real,Big Compound; 24 Hours Security; Boys Quater,06 Mar 2026,https://www.propertypro.ng/property/5-bedroom-house-for-sale-chevron-toll-gate-lekki-lagos-9PFTA
7PFSV,5 Bedroom Detached Duplex,550000000.0,"₦ 550,000,000",5.0,5.0,House,Chevron Lekki Lagos,Chevron,Lekki,Lagos,Sunwealth real,Big Compound; 24 Hours Security; Boys Quater,06 Mar 2026,https://www.propertypro.ng/property/5-bedroom-house-for-sale-chevron-lekki-lagos-7PFSV
7PFYJ,Luxury 4 Bedroom Fully Detached Duplex,180000000.0,"₦ 180,000,000",4.0,4.0,House,Ajah Lagos,Ajah,Lagos,Lagos,Sunwealth real,Big Compound; 24 Hours Security; Boys Quater,09 Mar 2026,https://www.propertypro.ng/property/4-bedroom-house-for-sale-ajah-lagos-7PFYJ
1PFQH,Luxury 4 Bedroom Terrace Duplex,160000000.0,"₦ 160,000,000",4.0,4.0,House,New Road Lekki Lagos,New Road,Lekki,Lagos,Sunwealth real,Big Compound; 24 Hours Security; Boys Quater,05 Mar 2026,https://www.propertypro.ng/property/4-bedroom-house-for-sale-new-road-lekki-lagos-1PFQH
0PGYR,Contemporary 4 Bedroom Apartment With Bq,400000000.0,"₦ 400,000,000",4.0,4.0,Flat Apartment,Lekki Phase 1 Lekki Lagos,Lekki Phase 1,Lekki,Lagos,Sunwealth real,24 Hours Security; Security; Pop Ceiling,17 Mar 2026,https://www.propertypro.ng/property/4-bedroom-flat-apartment-for-sale-lekki-phase-1-lekki-lagos-0PGYR
2PGDB,2 Bedroom Apartment,270000000.0,"₦ 270,000,000",2.0,2.0,Flat Apartment,Lekki Phase 1 Lekki Lagos,Lekki Phase 1,Lekki,Lagos,Sunwealth real,24 Hours Security; Security; Pop Ceiling,10 Mar 2026,https://www.propertypro.ng/property/2-bedroom-flat-apartment-for-sale-lekki-phase-1-lekki-lagos-2PGDB
3PJKT,Contemporary 4 Bedroom Semi Detached Duplex,120000000.0,"₦ 120,000,000",4.0,4.0,House,Ajah Lagos,Ajah,Lagos,Lagos,Sunwealth real,Big Compound; Boys Quater; Pop Ceiling,31 Mar 2026,https://www.propertypro.ng/property/4-bedroom-house-for-sale-ajah-lagos-3PJKT
9PJFY,Contemporary 5 Bedroom Semi Detached Duplex,300000000.0,"₦ 300,000,000",5.0,5.0,House,Ajah Lagos,Ajah,Lagos,Lagos,Sunwealth real,Boys Quater; Pop Ceiling; Swimming Pool,30 Mar 2026,https://www.propertypro.ng/property/5-bedroom-house-for-sale-ajah-lagos-9PJFY
5PFEW,3 Bedroom Apartment,330000000.0,"₦ 330,000,000",3.0,3.0,Flat Apartment,Ikate Lekki Lagos,Ikate,Lekki,Lagos,Sunwealth real,Big Compound; 24 Hours Security; Security,02 Mar 2026,https://www.propertypro.ng/property/3-bedroom-flat-apartment-for-sale-ikate-lekki-lagos-5PFEW
9PRTE,Massive 4 Bedroom Semi Detached Duplex With Bq,350000000.0,"₦ 350,000,000",4.0,4.0,House,Vgc Axis Vgc Lekki Lagos,Vgc Axis Vgc,Lekki,Lagos,OUTSTANDING REAL,Big Compound; 24 Hours Security; Boys Quater,04 Jun 2026,https://www.propertypro.ng/property/4-bedroom-house-for-sale-vgc-axis-vgc-lekki-lagos-9PRTE
8NNMG,Land,15000000.0,"₦ 15,000,000",,,Land,Giri Junction Gwagwalada Abuja,Giri Junction,Gwagwalada,Abuja,Besproperties,C Of O,16 Sep 2025,https://www.propertypro.ng/property/land-for-sale-giri-junction-gwagwalada-abuja-8NNMG
6PDTQ,4 Bedroom Terrace Homes,335000000.0,"₦ 335,000,000",4.0,5.0,House,Ikate Lekki Lagos,Ikate,Lekki,Lagos,Chrystal Abodes,Big Compound; 24 Hours Security; Pop Ceiling,18 Feb 2026,https://www.propertypro.ng/property/4-bedroom-house-for-sale-ikate-lekki-lagos-6PDTQ
5PGJX,1 Bedroom Flat,55000000.0,"₦ 55,000,000",1.0,1.0,House,"Behind Foodco, Ring Rd Ibadan Oyo","Behind Foodco, Ring Rd",Ibadan,Oyo,MrMideOseni Homes,,12 Mar 2026,https://www.propertypro.ng/property/1-bedroom-house-for-sale-behind-foodco-ring-rd-ibadan-oyo-5PGJX
4PNGN,2 Bedroom Flat,270000000.0,"₦ 270,000,000",2.0,,Flat Apartment,Bishop Oluwole Ahmadu Bello Way Victoria Island Lagos,Bishop Oluwole Ahmadu Bello Way Victoria,Island,Lagos,-,,06 May 2026,https://www.propertypro.ng/property/2-bedroom-flat-apartment-for-sale-bishop-oluwole-ahmadu-bello-way-victoria-island-lagos-4PNGN
2PNEJ,Commercial Building On 1500sqm 3 Floors,6700000000.0,"₦ 6,700,000,000",,,Commercial Property,Adeola Hopewell Victoria Island Lagos,Adeola Hopewell Victoria,Island,Lagos,-,,05 May 2026,https://www.propertypro.ng/property/commercial-property-for-sale-adeola-hopewell-victoria-island-lagos-2PNEJ
5PJAY,5 Bedroom Fully Detached Duplex,530000000.0,"₦ 530,000,000",5.0,6.0,House,Orchid Lekki Lagos,Orchid,Lekki,Lagos,Chrystal Abodes,Big Compound; 24 Hours Security; Pop Ceiling,27 Mar 2026,https://www.propertypro.ng/property/5-bedroom-house-for-sale-orchid-lekki-lagos-5PJAY
4PFSZ,5 Bedroom Detached Duplex,850000000.0,"₦ 850,000,000",5.0,5.0,House,Pinnock Beach Lekki Lagos,Pinnock Beach,Lekki,Lagos,Sunwealth real,Big Compound; 24 Hours Security; Boys Quater,06 Mar 2026,https://www.propertypro.ng/property/5-bedroom-house-for-sale-pinnock-beach-lekki-lagos-4PFSZ
3PMSP,Newly Built 3 Bedroom Apartment,155000000.0,"₦ 155,000,000",3.0,3.0,House,Katampe Main Abuja,Katampe,Main,Abuja,TZ ESTATE,,30 Apr 2026,https://www.propertypro.ng/property/3-bedroom-house-for-sale-katampe-main-abuja-3PMSP
7PFFG,Land,750000000.0,"₦ 750,000,000",,,Land,Jahi By Aduve Jahi Abuja,Jahi By Aduve,Jahi,Abuja,Ademeso olalekan,,02 Mar 2026,https://www.propertypro.ng/property/land-for-sale-jahi-by-aduve-jahi-abuja-7PFFG
2PPXW,4 Bedroom Fully Detached House,850000000.0,"₦ 850,000,000",4.0,4.0,House,Lekki Phase 1 Lekki Lagos,Lekki Phase 1,Lekki,Lagos,PCL HOMES,,19 May 2026,https://www.propertypro.ng/property/4-bedroom-house-for-sale-lekki-phase-1-lekki-lagos-2PPXW
9PGGD,Contemporary 5 Bedroom Fully Detached Duplex,400000000.0,"₦ 400,000,000",5.0,5.0,House,Chevron Lekki Lagos,Chevron,Lekki,Lagos,OUTSTANDING REAL,,11 Mar 2026,https://www.propertypro.ng/property/5-bedroom-house-for-sale-chevron-lekki-lagos-9PGGD
4PUAX,4600sqm Land,5000000000.0,"₦ 5,000,000,000",,,Land,Water Corporation Drive Opposite Twin Lakes Victoria Island Lagos,Water Corporation Drive Opposite Twin Lakes Victoria,Island,Lagos,DFHL,Only on PropertyPro,23 Jun 2026,https://www.propertypro.ng/property/land-for-sale-water-corporation-drive-opposite-twin-lakes-victoria-island-lagos-4PUAX
5PCJG,Newly Built 5 Bedroom Detached Duplex With Bq,330000000.0,"₦ 330,000,000",5.0,5.0,House,Efab Metropolis Estate Karsana Abuja,Efab Metropolis Estate,Karsana,Abuja,Ademeso olalekan,,06 Feb 2026,https://www.propertypro.ng/property/5-bedroom-house-for-sale-efab-metropolis-estate-karsana-abuja-5PCJG
0PPLF,Newly Built 4 Bedroom Terrace Duplex,1600000000.0,"₦ 1,600,000,000",4.0,4.0,House,Old Ikoyi Ikoyi Lagos,Old Ikoyi,Ikoyi,Lagos,First Colony,,15 May 2026,https://www.propertypro.ng/property/4-bedroom-house-for-sale-old-ikoyi-ikoyi-lagos-0PPLF
1PKBR,3 Bedroom Terraced Duplex + Bq,135000000.0,"₦ 135,000,000",3.0,3.0,House,"Oke Ado, Behind Lagos Business School Sangotedo Lagos","Oke Ado, Behind Lagos Business School",Sangotedo,Lagos,Besproperties,Big Compound; 24 Hours Security; Pop Ceiling,06 Apr 2026,https://www.propertypro.ng/property/3-bedroom-house-for-sale-oke-ado-behind-lagos-business-school-sangotedo-lagos-1PKBR
4PEZK,2 Bedroom Apartment,30000000.0,"₦ 30,000,000",2.0,2.0,House,Kyami Idu Abuja,Kyami,Idu,Abuja,Besproperties,Big Compound; Security; C Of O,28 Feb 2026,https://www.propertypro.ng/property/2-bedroom-house-for-sale-kyami-idu-abuja-4PEZK
4PUCT,High Floor 3 Bed Apartment+bq+pool+gym+tennis Court,599999999.0,"₦ 599,999,999",3.0,3.0,Flat Apartment,Old Ikoyi Old Ikoyi Ikoyi Lagos,Old Ikoyi Old Ikoyi,Ikoyi,Lagos,PRINCE ADEMOLA,Printing Service; Fast Internet; Pop Ceiling,24 Jun 2026,https://www.propertypro.ng/property/3-bedroom-flat-apartment-for-sale-old-ikoyi-old-ikoyi-ikoyi-lagos-4PUCT
5NXLP,2 Bedroom Apartment With Great Facilities,525000000.0,"₦ 525,000,000",2.0,3.0,Flat Apartment,Victoria Island Lagos,Victoria,Island,Lagos,First Colony,,15 Dec 2025,https://www.propertypro.ng/property/2-bedroom-flat-apartment-for-sale-victoria-island-lagos-5NXLP
4PFQN,A Commercial Land 2019sqm,700000000.0,"₦ 700,000,000",,,Land,"Awolowo Way, Old Bodija Ibadan Oyo","Awolowo Way, Old Bodija",Ibadan,Oyo,Openkeys business,,05 Mar 2026,https://www.propertypro.ng/property/land-for-sale-awolowo-way-old-bodija-ibadan-oyo-4PFQN
1PEFZ,901sqm Commercial Land,70000000.0,"₦ 70,000,000",,,Land,"Facing Baptist School, Nihort Idishin Ibadan Oyo","Facing Baptist School, Nihort Idishin",Ibadan,Oyo,Openkeys business,,23 Feb 2026,https://www.propertypro.ng/property/land-for-sale-facing-baptist-school-nihort-idishin-ibadan-oyo-1PEFZ
4PFDT,6 Unit Of 2 Bedroom Flats With Bq,250000000.0,"₦ 250,000,000",2.0,,House,"Kuola, Libra 09 Akala Express Ibadan Oyo","Kuola, Libra 09 Akala Express",Ibadan,Oyo,Openkeys business,,02 Mar 2026,https://www.propertypro.ng/property/2-bedroom-house-for-sale-kuola-libra-09-akala-express-ibadan-oyo-4PFDT
7PNZH,5 Bedroom Detached Duplex,530000000.0,"₦ 530,000,000",5.0,5.0,House,2nd Toll Gate Lekki Lagos,2nd Toll Gate,Lekki,Lagos,ITJ REALTOR,,11 May 2026,https://www.propertypro.ng/property/5-bedroom-house-for-sale-2nd-toll-gate-lekki-lagos-7PNZH
3PNZW,2 Bedroom Apartment,240000000.0,"₦ 240,000,000",2.0,2.0,House,Ikate Lekki Lagos,Ikate,Lekki,Lagos,ITJ REALTOR,,11 May 2026,https://www.propertypro.ng/property/2-bedroom-house-for-sale-ikate-lekki-lagos-3PNZW
5NHZD,2 Bedroom Apartment,290000000.0,"₦ 290,000,000",2.0,2.0,Flat Apartment,Lekki Phase 1 Lekki Lagos,Lekki Phase 1,Lekki,Lagos,First Colony,,05 Aug 2025,https://www.propertypro.ng/property/2-bedroom-flat-apartment-for-sale-lekki-phase-1-lekki-lagos-5NHZD
2NJNG,New Built 3 Bedroom Apartment (serviced),600000000.0,"₦ 600,000,000",3.0,3.0,Flat Apartment,Victoria Island Lagos,Victoria,Island,Lagos,First Colony,,11 Aug 2025,https://www.propertypro.ng/property/3-bedroom-flat-apartment-for-sale-victoria-island-lagos-2NJNG
3PMLV,Land,72000000.0,"₦ 72,000,000",,,Land,Ibeju Lekki Lagos,Ibeju,Lekki,Lagos,GUDNESS REALITY,C Of O,28 Apr 2026,https://www.propertypro.ng/property/land-for-sale-ibeju-lekki-lagos-3PMLV
0PMSS,4 Bedroom Terrace Duplex,130000000.0,"₦ 130,000,000",4.0,4.0,House,Ikota Lekki Lagos,Ikota,Lekki,Lagos,GUDNESS REALITY,Pop Ceiling; Parking Space; Governor's Consent,30 Apr 2026,https://www.propertypro.ng/property/4-bedroom-house-for-sale-ikota-lekki-lagos-0PMSS
4PQQE,5 Bedroom Fully Detached Duplex With Bq,350000000.0,"₦ 350,000,000",5.0,5.0,House,"Royal Pine, Orchid Road, Lekki Lagos","Royal Pine, Orchid Road,",Lekki,Lagos,GUDNESS REALITY,Jacuzzi; Security; C Of O,25 May 2026,https://www.propertypro.ng/property/5-bedroom-house-for-sale-royal-pine-orchid-road-lekki-lagos-4PQQE
1PPCN,5 Bedroom Detached Duplex + Bq,420000000.0,"₦ 420,000,000",5.0,5.0,House,Ikota Lekki Lagos,Ikota,Lekki,Lagos,ITJ REALTOR,,12 May 2026,https://www.propertypro.ng/property/5-bedroom-house-for-sale-ikota-lekki-lagos-1PPCN
8PPFN,5 Bedroom Detached Duplex,460000000.0,"₦ 460,000,000",5.0,5.0,House,Ikota Lekki Lagos,Ikota,Lekki,Lagos,ITJ REALTOR,,13 May 2026,https://www.propertypro.ng/property/5-bedroom-house-for-sale-ikota-lekki-lagos-8PPFN
9PPCZ,Newly Built 2 Bedroom Apartment,170000000.0,"₦ 170,000,000",2.0,2.0,House,Ikate Lekki Lagos,Ikate,Lekki,Lagos,ITJ REALTOR,,12 May 2026,https://www.propertypro.ng/property/2-bedroom-house-for-sale-ikate-lekki-lagos-9PPCZ
4NDVE,Orange Mall,84000000.0,"₦ 84,000,000",,,Commercial Property,Katampe Main Abuja,Katampe,Main,Abuja,Besproperties,Only on PropertyPro,30 Jun 2025,https://www.propertypro.ng/property/commercial-property-for-sale-katampe-main-abuja-4NDVE
0NNQP,2730sqm Land,1500000000.0,"₦ 1,500,000,000",,,Land,"Very Close To Nnpc, Guzape Abuja","Very Close To Nnpc,",Guzape,Abuja,Shedrack Luka,24 Hours Security; C Of O; Drainage System,17 Sep 2025,https://www.propertypro.ng/property/land-for-sale-very-close-to-nnpc-guzape-abuja-0NNQP
3PFKB,500sqm Estate Plot Of Land,180000000.0,"₦ 180,000,000",,,Land,"Dakibiyu, Wuye Abuja","Dakibiyu,",Wuye,Abuja,Shedrack Luka,C Of O,03 Mar 2026,https://www.propertypro.ng/property/land-for-sale-dakibiyu-wuye-abuja-3PFKB
1NYZM,11 Bedroom Mansion And 1 Bedroom Guest Chalet With Bq,4000000000.0,"₦ 4,000,000,000",10.0,10.0,House,"Close To Ecowas, Asokoro Abuja","Close To Ecowas,",Asokoro,Abuja,Shedrack Luka,Big Compound; Printing Service; 24 Hours Security,06 Jan 2026,https://www.propertypro.ng/property/10-bedroom-house-for-sale-close-to-ecowas-asokoro-abuja-1NYZM
1NZTK,5 Bedroom Fully Detached Penthouse With Bqs,270000000.0,"₦ 270,000,000",5.0,5.0,House,Prince And Princess Kaura (games Village) Abuja,Prince And Princess Kaura (games,Village),Abuja,Shedrack Luka,Big Compound; Printing Service; 24 Hours Security,14 Jan 2026,https://www.propertypro.ng/property/5-bedroom-house-for-sale-prince-and-princess-kaura-games-village-abuja-1NZTK
4NXNF,Luxurious 4 Bedroom Terraced Duplex With Bq,240000000.0,"₦ 240,000,000",4.0,4.0,House,"American International School, Durumi Abuja","American International School,",Durumi,Abuja,Shedrack Luka,Big Compound; 24 Hours Security; Fast Internet,15 Dec 2025,https://www.propertypro.ng/property/4-bedroom-house-for-sale-american-international-school-durumi-abuja-4NXNF
4NXQW,Luxurious 3 Bedroom Apartment With Bq,280000000.0,"₦ 280,000,000",3.0,3.0,House,Prince And Princess Estate Kaura (games Village) Abuja,Prince And Princess Estate Kaura (games,Village),Abuja,Shedrack Luka,Big Compound; Printing Service; 24 Hours Security,16 Dec 2025,https://www.propertypro.ng/property/3-bedroom-house-for-sale-prince-and-princess-estate-kaura-games-village-abuja-4NXQW
0PFPT,Modern 2 Bedroom Maisonette,450000000.0,"₦ 450,000,000",2.0,2.0,Flat Apartment,Ikoyi Lagos,Ikoyi,Lagos,Lagos,Sunwealth real,Big Compound; 24 Hours Security; Boys Quater,05 Mar 2026,https://www.propertypro.ng/property/2-bedroom-flat-apartment-for-sale-ikoyi-lagos-0PFPT
0PQFC,4 Bedroom Semi Detached Duplex,330000000.0,"₦ 330,000,000",4.0,5.0,House,Chevron Toll Gate Lekki Lagos,Chevron Toll Gate,Lekki,Lagos,Chrystal Abodes,,21 May 2026,https://www.propertypro.ng/property/4-bedroom-house-for-sale-chevron-toll-gate-lekki-lagos-0PQFC
0PPCZ,3 Bedroom Detached Duplex,160000000.0,"₦ 160,000,000",3.0,3.0,House,Agungi Lekki Lagos,Agungi,Lekki,Lagos,ITJ REALTOR,,12 May 2026,https://www.propertypro.ng/property/3-bedroom-house-for-sale-agungi-lekki-lagos-0PPCZ
2PFFH,2 Bedroom Apartment,140000000.0,"₦ 140,000,000",2.0,2.0,Flat Apartment,Ikate Lekki Lagos,Ikate,Lekki,Lagos,Sunwealth real,Big Compound; Security; Pop Ceiling,02 Mar 2026,https://www.propertypro.ng/property/2-bedroom-flat-apartment-for-sale-ikate-lekki-lagos-2PFFH
2PNFV,Newly Built 4 Bedroom Terrace Duplex With Bq,270000000.0,"₦ 270,000,000",4.0,4.0,House,Opposite Gwarimpa Dawaki Abuja,Opposite Gwarimpa,Dawaki,Abuja,TZ ESTATE,,06 May 2026,https://www.propertypro.ng/property/4-bedroom-house-for-sale-opposite-gwarimpa-dawaki-abuja-2PNFV
0PHVB,3 Bedroom Bungalow,120000000.0,"₦ 120,000,000",3.0,,House,"Airforce, Bashorun Housing Estate Akobo Ibadan Oyo","Airforce, Bashorun Housing Estate Akobo",Ibadan,Oyo,Openkeys business,,25 Mar 2026,https://www.propertypro.ng/property/3-bedroom-house-for-sale-airforce-bashorun-housing-estate-akobo-ibadan-oyo-0PHVB
2PKUX,4 Bedroom Bungalow With Penthouse,65000000.0,"₦ 65,000,000",4.0,,House,"Maberi, Idishin Off Akala Express Ibadan Oyo","Maberi, Idishin Off Akala Express",Ibadan,Oyo,Openkeys business,,13 Apr 2026,https://www.propertypro.ng/property/4-bedroom-house-for-sale-maberi-idishin-off-akala-express-ibadan-oyo-2PKUX
8PNGZ,Serviced 3 Bedroom Penthouse With Maid Room,2720000000.0,"₦ 2,720,000,000",3.0,,House,Ahmadu Bello Way Victoria Island Lagos,Ahmadu Bello Way Victoria,Island,Lagos,-,,06 May 2026,https://www.propertypro.ng/property/3-bedroom-house-for-sale-ahmadu-bello-way-victoria-island-lagos-8PNGZ
4PKJR,Newly Constructed 4 Bedroom Detached Duplex,180000000.0,"₦ 180,000,000",4.0,2.0,House,"Onikoko Close, Agodi Gra Ibadan Oyo","Onikoko Close, Agodi Gra",Ibadan,Oyo,MrMideOseni Homes,,09 Apr 2026,https://www.propertypro.ng/property/4-bedroom-house-for-sale-onikoko-close-agodi-gra-ibadan-oyo-4PKJR
2PMEP,Fully Furnished 4 Bedroom Detached Duplex,550000000.0,"₦ 550,000,000",4.0,4.0,House,Lekki Phase 1 Lekki Lagos,Lekki Phase 1,Lekki,Lagos,Sunwealth real,,25 Apr 2026,https://www.propertypro.ng/property/4-bedroom-house-for-sale-lekki-phase-1-lekki-lagos-2PMEP
1PNSR,5 Bedroom Detached Duplex With Bq,1100000000.0,"₦ 1,100,000,000",5.0,5.0,House,Katampe Extention Diplomatic Zone Katampe Main Abuja,Katampe Extention Diplomatic Zone Katampe,Main,Abuja,Ademeso olalekan,,09 May 2026,https://www.propertypro.ng/property/5-bedroom-house-for-sale-katampe-extention-diplomatic-zone-katampe-main-abuja-1PNSR
0PNTJ,Furnished 2 Bedroom Apartment,230000000.0,"₦ 230,000,000",2.0,2.0,Flat Apartment,Ikate Lekki Lagos,Ikate,Lekki,Lagos,Sanrealtor,,09 May 2026,https://www.propertypro.ng/property/2-bedroom-flat-apartment-for-sale-ikate-lekki-lagos-0PNTJ
2PNTD,Luxury 4 Bedroom Terrace Duplex With Bq,160000000.0,"₦ 160,000,000",4.0,4.0,House,Ologolo Lekki Lagos,Ologolo,Lekki,Lagos,Sanrealtor,,09 May 2026,https://www.propertypro.ng/property/4-bedroom-house-for-sale-ologolo-lekki-lagos-2PNTD
6PNTC,5 Bedroom Detached Duplex With Bq,280000000.0,"₦ 280,000,000",5.0,5.0,House,Ikota Lekki Lagos,Ikota,Lekki,Lagos,Sanrealtor,,09 May 2026,https://www.propertypro.ng/property/5-bedroom-house-for-sale-ikota-lekki-lagos-6PNTC
6PMLM,5 Bedroom Fully Detached Duplex With Bq,500000000.0,"₦ 500,000,000",5.0,6.0,House,Vgc Lekki Lagos,Vgc,Lekki,Lagos,Chrystal Abodes,,28 Apr 2026,https://www.propertypro.ng/property/5-bedroom-house-for-sale-vgc-lekki-lagos-6PMLM
1PECN,400sqm Of Land,65000000.0,"₦ 65,000,000",,,Land,After Nizamiye Hospital Karmo Abuja,After Nizamiye Hospital,Karmo,Abuja,TZ ESTATE,,21 Feb 2026,https://www.propertypro.ng/property/land-for-sale-after-nizamiye-hospital-karmo-abuja-1PECN
0PPFZ,2 Bedroom Apartment,350000000.0,"₦ 350,000,000",2.0,2.0,House,Lekki Lagos,Lekki,Lagos,Lagos,ITJ REALTOR,,13 May 2026,https://www.propertypro.ng/property/2-bedroom-house-for-sale-lekki-lagos-0PPFZ
9PNDE,Luxury 4 Bedroom Terrace Duplex,700000000.0,"₦ 700,000,000",4.0,4.0,House,Katampe Extension Katampe Abuja,Katampe Extension,Katampe,Abuja,TZ ESTATE,Big Compound; 24 Hours Security; Pop Ceiling,05 May 2026,https://www.propertypro.ng/property/4-bedroom-house-for-sale-katampe-extension-katampe-abuja-9PNDE
7PMJP,5 Bedroom Fully Detached Duplex On 400sqm,290000000.0,"₦ 290,000,000",5.0,5.0,House,Lekky County Ikota Lekki Lagos,Lekky County Ikota,Lekki,Lagos,GUDNESS REALITY,Big Compound; Boys Quater; Security,27 Apr 2026,https://www.propertypro.ng/property/5-bedroom-house-for-sale-lekky-county-ikota-lekki-lagos-7PMJP
0NSPE,Massive 4 Bedroom Terraced Duplex,320000000.0,"₦ 320,000,000",4.0,4.0,House,Ikate Lekki Lagos,Ikate,Lekki,Lagos,First Colony,,24 Oct 2025,https://www.propertypro.ng/property/4-bedroom-house-for-sale-ikate-lekki-lagos-0NSPE
9PHJW,Luxury 2 Bedroom Apartment With Elevator,200000000.0,"₦ 200,000,000",2.0,2.0,House,Lekki Phase 1 Lekki Lagos,Lekki Phase 1,Lekki,Lagos,OUTSTANDING REAL,,21 Mar 2026,https://www.propertypro.ng/property/2-bedroom-house-for-sale-lekki-phase-1-lekki-lagos-9PHJW
6PEZA,Fully Serviced 3 Bedroom Apartment/maisonette,330000000.0,"₦ 330,000,000",3.0,3.0,Flat Apartment,Ikate Lekki Lagos,Ikate,Lekki,Lagos,Sunwealth real,Big Compound; Swimming Pool; Gym,28 Feb 2026,https://www.propertypro.ng/property/3-bedroom-flat-apartment-for-sale-ikate-lekki-lagos-6PEZA
1PLWX,5 Bedroom Fully Detached Duplex,400000000.0,"₦ 400,000,000",5.0,5.0,House,Orchid Lekki Lagos,Orchid,Lekki,Lagos,Chrystal Abodes,,22 Apr 2026,https://www.propertypro.ng/property/5-bedroom-house-for-sale-orchid-lekki-lagos-1PLWX
7PULR,5bed,1000000000.0,"₦ 1,000,000,000",5.0,5.0,House,Ikate Lekki Lagos,Ikate,Lekki,Lagos,New adventures,,27 Jun 2026,https://www.propertypro.ng/property/5-bedroom-house-for-sale-ikate-lekki-lagos-7PULR
8PFSU,5 Bedroom Semi Detached Duplex,350000000.0,"₦ 350,000,000",5.0,5.0,House,Chevron Lekki Lagos,Chevron,Lekki,Lagos,Sunwealth real,Big Compound; 24 Hours Security; Boys Quater,06 Mar 2026,https://www.propertypro.ng/property/5-bedroom-house-for-sale-chevron-lekki-lagos-8PFSU
9PNDC,5 Bedroom Detached Duplex With Bq,550000000.0,"₦ 550,000,000",5.0,5.0,House,Jahi Abuja,Jahi,Abuja,Abuja,Ademeso olalekan,Big Compound; Fast Internet; Pop Ceiling,05 May 2026,https://www.propertypro.ng/property/5-bedroom-house-for-sale-jahi-abuja-9PNDC
8PNST,4 Bedroom Terrace Duplex With Bq,290000000.0,"₦ 290,000,000",4.0,4.0,House,Jahi Abuja,Jahi,Abuja,Abuja,Ademeso olalekan,,09 May 2026,https://www.propertypro.ng/property/4-bedroom-house-for-sale-jahi-abuja-8PNST
1PSHM,4 Bedroom Semi Detached House,250000000.0,"₦ 250,000,000",4.0,4.0,House,"Osapa,lekki Osapa London Lekki Lagos","Osapa,lekki Osapa London",Lekki,Lagos,Landlord Hero,Security; Pop Ceiling; C Of O,10 Jun 2026,https://www.propertypro.ng/property/4-bedroom-house-for-sale-osapalekki-osapa-london-lekki-lagos-1PSHM
7PUCQ,Newly Renovated 4 Bedroom Terrace,1000000000.0,"₦ 1,000,000,000",4.0,4.0,House,Glover Road Ikoyi Old Ikoyi Ikoyi Lagos,Glover Road Ikoyi Old Ikoyi,Ikoyi,Lagos,DFHL,,24 Jun 2026,https://www.propertypro.ng/property/4-bedroom-house-for-sale-glover-road-ikoyi-old-ikoyi-ikoyi-lagos-7PUCQ
0PFQK,Luxury 4 Bedroom Semi Detached Duplex,180000000.0,"₦ 180,000,000",4.0,4.0,House,Chevron Drive Lekki Lagos,Chevron Drive,Lekki,Lagos,Sunwealth real,Big Compound; 24 Hours Security; Boys Quater,05 Mar 2026,https://www.propertypro.ng/property/4-bedroom-house-for-sale-chevron-drive-lekki-lagos-0PFQK
1PMSC,4 Bedroom Terrace Duplex With Bq,300000000.0,"₦ 300,000,000",4.0,4.0,House,Wuye Abuja,Wuye,Abuja,Abuja,TZ ESTATE,,30 Apr 2026,https://www.propertypro.ng/property/4-bedroom-house-for-sale-wuye-abuja-1PMSC
6PNWD,5 Bedroom Detached Duplex With Bq,1500000.0,"₦ 1,500,000",5.0,5.0,House,Osapa London Lekki Lagos,Osapa London,Lekki,Lagos,Sanrealtor,,10 May 2026,https://www.propertypro.ng/property/5-bedroom-house-for-sale-osapa-london-lekki-lagos-6PNWD
3PTMZ,2bed,100000000.0,"₦ 100,000,000",2.0,2.0,House,Lekki Scheme 2 Ajah Lagos,Lekki Scheme 2,Ajah,Lagos,New adventures,,19 Jun 2026,https://www.propertypro.ng/property/2-bedroom-house-for-sale-lekki-scheme-2-ajah-lagos-3PTMZ
1PKAR,Standard 2 Bedroom Twin Flat,53000000.0,"₦ 53,000,000",2.0,,House,"With God Est, Taska Akala Express Ibadan Oyo","With God Est, Taska Akala Express",Ibadan,Oyo,Openkeys business,,06 Apr 2026,https://www.propertypro.ng/property/2-bedroom-house-for-sale-with-god-est-taska-akala-express-ibadan-oyo-1PKAR
7PNZJ,Land,10800000.0,"₦ 10,800,000",,,Land,Ketu Epe Near Lagos State Logistics Park Epe Lagos,Ketu Epe Near Lagos State Logistics Park,Epe,Lagos,Besproperties,Only on PropertyPro,11 May 2026,https://www.propertypro.ng/property/land-for-sale-ketu-epe-near-lagos-state-logistics-park-epe-lagos-7PNZJ
9PNFW,3 Bedroom Semi Detached Duplex With Bq,165000000.0,"₦ 165,000,000",3.0,3.0,House,Canaan Estate Life Camp Abuja,Canaan Estate Life,Camp,Abuja,TZ ESTATE,,06 May 2026,https://www.propertypro.ng/property/3-bedroom-house-for-sale-canaan-estate-life-camp-abuja-9PNFW
0PNSS,Newly Built 4 Bedroom Terrace Duplex,280000000.0,"₦ 280,000,000",4.0,4.0,House,Guzape Abuja,Guzape,Abuja,Abuja,Ademeso olalekan,,09 May 2026,https://www.propertypro.ng/property/4-bedroom-house-for-sale-guzape-abuja-0PNSS
4PUAY,1 Bedroom Apartment With Bq,350000000.0,"₦ 350,000,000",1.0,,House,Close To Adeola Odeku Victoria Island Victoria Island Lagos,Close To Adeola Odeku Victoria Island Victoria,Island,Lagos,DFHL,24 Hours Security; Boys Quater; Security,23 Jun 2026,https://www.propertypro.ng/property/house-for-sale-close-to-adeola-odeku-victoria-island-victoria-island-lagos-4PUAY
7PNGM,3 Bedroom Flat,510000000.0,"₦ 510,000,000",3.0,,Flat Apartment,Bishop Oluwole Street Victoria Island Lagos,Bishop Oluwole Street Victoria,Island,Lagos,-,,06 May 2026,https://www.propertypro.ng/property/3-bedroom-flat-apartment-for-sale-bishop-oluwole-street-victoria-island-lagos-7PNGM
5PFYS,4 Bedroom Terrace Duplex,220000000.0,"₦ 220,000,000",4.0,4.0,House,Osapa London Lekki Lagos,Osapa London,Lekki,Lagos,Sunwealth real,,09 Mar 2026,https://www.propertypro.ng/property/4-bedroom-house-for-sale-osapa-london-lekki-lagos-5PFYS
6PTRQ,5bed,750000000.0,"₦ 750,000,000",5.0,5.0,House,Lekki Phase 1 Lekki Lagos,Lekki Phase 1,Lekki,Lagos,New adventures,,20 Jun 2026,https://www.propertypro.ng/property/5-bedroom-house-for-sale-lekki-phase-1-lekki-lagos-6PTRQ
2PPFY,5 Bedroom Detached Duplex,450000000.0,"₦ 450,000,000",5.0,6.0,House,Chevron Lekki Lagos,Chevron,Lekki,Lagos,ITJ REALTOR,,13 May 2026,https://www.propertypro.ng/property/5-bedroom-house-for-sale-chevron-lekki-lagos-2PPFY
3PTTU,5bed,550000000.0,"₦ 550,000,000",5.0,5.0,House,Vgc Lekki Lagos,Vgc,Lekki,Lagos,New adventures,,22 Jun 2026,https://www.propertypro.ng/property/5-bedroom-house-for-sale-vgc-lekki-lagos-3PTTU
7PKAU,Land,13000000.0,"₦ 13,000,000",,,Land,"Kuola, Behind Sofeco Filling Akala Express Ibadan Oyo","Kuola, Behind Sofeco Filling Akala Express",Ibadan,Oyo,Openkeys business,,06 Apr 2026,https://www.propertypro.ng/property/land-for-sale-kuola-behind-sofeco-filling-akala-express-ibadan-oyo-7PKAU
9NTEV,Luxurious 5 Bedroom Semi Detached Duplex Bq,750000000.0,"₦ 750,000,000",5.0,5.0,House,"Close To Rock View Hotel, Wuse 2 Abuja","Close To Rock View Hotel, Wuse",2,Abuja,Shedrack Luka,Free Wifi; Big Compound; 24 Hours Security,30 Oct 2025,https://www.propertypro.ng/property/5-bedroom-house-for-sale-close-to-rock-view-hotel-wuse-2-abuja-9NTEV
6PKCC,4 Bedroom Semi Detached Duplex With Bq,250000000.0,"₦ 250,000,000",4.0,1.0,House,Jericho Hill Estate Ibadan Oyo,Jericho Hill Estate,Ibadan,Oyo,MrMideOseni Homes,,07 Apr 2026,https://www.propertypro.ng/property/4-bedroom-house-for-sale-jericho-hill-estate-ibadan-oyo-6PKCC
3PJRT,2 Bedroom Apartment,280000000.0,"₦ 280,000,000",2.0,2.0,Flat Apartment,Lekki Phase 1 Lekki Lagos,Lekki Phase 1,Lekki,Lagos,First Colony,,02 Apr 2026,https://www.propertypro.ng/property/2-bedroom-flat-apartment-for-sale-lekki-phase-1-lekki-lagos-3PJRT
5PNGC,3 Bedroom Apartment With Bq,125000000.0,"₦ 125,000,000",3.0,3.0,House,Karmo Abuja,Karmo,Abuja,Abuja,TZ ESTATE,,06 May 2026,https://www.propertypro.ng/property/3-bedroom-house-for-sale-karmo-abuja-5PNGC
6PPFT,5 Bedroom Detached Duplex,950000000.0,"₦ 950,000,000",5.0,5.0,House,Lekki Phase 1 Lekki Lagos,Lekki Phase 1,Lekki,Lagos,ITJ REALTOR,,13 May 2026,https://www.propertypro.ng/property/5-bedroom-house-for-sale-lekki-phase-1-lekki-lagos-6PPFT
1NNPN,5 Bedroom Detached Duplex,650000000.0,"₦ 650,000,000",5.0,5.0,House,Behind Vio Mabushi Abuja,Behind Vio,Mabushi,Abuja,Shedrack Luka,Free Wifi; Big Compound; 24 Hours Security,16 Sep 2025,https://www.propertypro.ng/property/5-bedroom-house-for-sale-behind-vio-mabushi-abuja-1NNPN
5PNAP,5 Bedroom Terrace Duplex,200000000.0,"₦ 200,000,000",5.0,5.0,House,Engr Lere Adigun Gra Basorun Ibadan Oyo,Engr Lere Adigun Gra Basorun,Ibadan,Oyo,Poly property,,04 May 2026,https://www.propertypro.ng/property/5-bedroom-house-for-sale-engr-lere-adigun-gra-basorun-ibadan-oyo-5PNAP
6PHBE,4 Bedroom Duplex With Pool In Carlton Gate,500000000.0,"₦ 500,000,000",4.0,4.0,House,"Carlton Gate Estate, Akobo Akobo Ibadan Oyo","Carlton Gate Estate, Akobo Akobo",Ibadan,Oyo,Poly property,Big Compound; 24 Hours Security; Fast Internet,18 Mar 2026,https://www.propertypro.ng/property/4-bedroom-house-for-sale-carlton-gate-estate-akobo-akobo-ibadan-oyo-6PHBE
4PGYM,4 Bedroom Semi Detached Duplex,570000000.0,"₦ 570,000,000",4.0,,House,Katampe Extension Katampe Abuja,Katampe Extension,Katampe,Abuja,Chrystal Abodes,Big Compound; 24 Hours Security; Pop Ceiling,17 Mar 2026,https://www.propertypro.ng/property/house-for-sale-katampe-extension-katampe-abuja-4PGYM
2PEZB,3 Bedroom Terraced Duplex,60000000.0,"₦ 60,000,000",3.0,3.0,House,"Opposite Apo Mechanic, Apo Abuja","Opposite Apo Mechanic,",Apo,Abuja,Besproperties,Big Compound; Security; Pop Ceiling,28 Feb 2026,https://www.propertypro.ng/property/3-bedroom-house-for-sale-opposite-apo-mechanic-apo-abuja-2PEZB
5PJQE,Newly Built 2 Bedroom Terrace Duplex,95000000.0,"₦ 95,000,000",2.0,2.0,House,Off Lekki Epe Expressway Ajah Lagos,Off Lekki Epe Expressway,Ajah,Lagos,OUTSTANDING REAL,,01 Apr 2026,https://www.propertypro.ng/property/2-bedroom-house-for-sale-off-lekki-epe-expressway-ajah-lagos-5PJQE
0NJMA,Contemporary 4 Bedroom Terraced Duplex,2450000000.0,"₦ 2,450,000,000",4.0,4.0,House,Old Ikoyi Ikoyi Lagos,Old Ikoyi,Ikoyi,Lagos,First Colony,,10 Aug 2025,https://www.propertypro.ng/property/4-bedroom-house-for-sale-old-ikoyi-ikoyi-lagos-0NJMA
1PNXS,7 Bedroom Detached With Bq,850000000.0,"₦ 850,000,000",7.0,7.0,House,Apo Resettlement Apo Resettlement Apo Abuja,Apo Resettlement Apo Resettlement,Apo,Abuja,Ademeso olalekan,,11 May 2026,https://www.propertypro.ng/property/7-bedroom-house-for-sale-apo-resettlement-apo-resettlement-apo-abuja-1PNXS
6PPGD,4 Bedroom Terrace Duplex,1500000000.0,"₦ 1,500,000,000",4.0,4.0,House,Ikoyi Lagos,Ikoyi,Lagos,Lagos,ITJ REALTOR,,13 May 2026,https://www.propertypro.ng/property/4-bedroom-house-for-sale-ikoyi-lagos-6PPGD
6NRAY,4 Bedroom Fully Detached Duplex,255000000.0,"₦ 255,000,000",4.0,4.0,House,Sangotedo Ajah Lagos,Sangotedo,Ajah,Lagos,Perfect Images,,10 Oct 2025,https://www.propertypro.ng/property/4-bedroom-house-for-sale-sangotedo-ajah-lagos-6NRAY
2PMDN,Bungalow,75000000.0,"₦ 75,000,000",,,House,"Road 3, Omolayo Akobo Akobo Ibadan Oyo","Road 3, Omolayo Akobo Akobo",Ibadan,Oyo,MrMideOseni Homes,C Of O,24 Apr 2026,https://www.propertypro.ng/property/house-for-sale-road-3-omolayo-akobo-akobo-ibadan-oyo-2PMDN
5PJLF,400sqm Piece Of Land,85000000.0,"₦ 85,000,000",,,Land,"Carlton Gate, Akobo Ibadan Oyo","Carlton Gate, Akobo",Ibadan,Oyo,MrMideOseni Homes,,31 Mar 2026,https://www.propertypro.ng/property/land-for-sale-carlton-gate-akobo-ibadan-oyo-5PJLF
5PEZC,4 Bedroom Terraced Duplex,95000000.0,"₦ 95,000,000",4.0,4.0,House,"Citec , Behind Kings Court, Dakibiyu Abuja","Citec , Behind Kings Court,",Dakibiyu,Abuja,Besproperties,Big Compound; 24 Hours Security; Security,28 Feb 2026,https://www.propertypro.ng/property/4-bedroom-house-for-sale-citec-behind-kings-court-dakibiyu-abuja-5PEZC
1PJZX,4 Bedroom Fully Detached Duplex + Bq,520000000.0,"₦ 520,000,000",4.0,4.0,House,Omole 2 Ikeja Lagos,Omole 2,Ikeja,Lagos,Besproperties,Big Compound; 24 Hours Security; Pop Ceiling,06 Apr 2026,https://www.propertypro.ng/property/4-bedroom-house-for-sale-omole-2-ikeja-lagos-1PJZX
5PGHM,1602.3 Sqm,656943000.0,"₦ 656,943,000",,,Land,Cappa Mafoluku Oshodi Lagos,Cappa Mafoluku,Oshodi,Lagos,Chrystal Abodes,,11 Mar 2026,https://www.propertypro.ng/property/land-for-sale-cappa-mafoluku-oshodi-lagos-5PGHM
2PNSU,Luxury 3 Bedroom Apartment With Bq,570000000.0,"₦ 570,000,000",3.0,3.0,Flat Apartment,Old Ikoyi Ikoyi Lagos,Old Ikoyi,Ikoyi,Lagos,Sanrealtor,,09 May 2026,https://www.propertypro.ng/property/3-bedroom-flat-apartment-for-sale-old-ikoyi-ikoyi-lagos-2PNSU
7NWNE,4 Bedroom Semi Detached Duplex,250000000.0,"₦ 250,000,000",4.0,,House,Lekki Lagos,Lekki,Lagos,Lagos,Purple Ribbon,,04 Dec 2025,https://www.propertypro.ng/property/4-bedroom-house-for-sale-lekki-lagos-7NWNE
0PJEN,100 Plots Of Land,2000000.0,"₦ 2,000,000",,,Land,Close To St Augustine University Epe Lagos,Close To St Augustine University,Epe,Lagos,DFHL,,29 Mar 2026,https://www.propertypro.ng/property/land-for-sale-close-to-st-augustine-university-epe-lagos-0PJEN
9PFNP,5 Bedroom Detached Duplex With Bq,650000000.0,"₦ 650,000,000",5.0,5.0,House,Maryland Lagos,Maryland,Lagos,Lagos,Besproperties,Big Compound; Pop Ceiling; Mosques Nearby,04 Mar 2026,https://www.propertypro.ng/property/5-bedroom-house-for-sale-maryland-lagos-9PFNP
2PNGX,Joint Venture Land,300000000.0,"₦ 300,000,000",,,Land,Ahmadu Bello Way Victoria Island Lagos,Ahmadu Bello Way Victoria,Island,Lagos,-,,06 May 2026,https://www.propertypro.ng/property/land-for-sale-ahmadu-bello-way-victoria-island-lagos-2PNGX
3PLXU,Newly Built 4 Bedroom Semi Detached Duplex With Bq,250000000.0,"₦ 250,000,000",4.0,4.0,House,Ologolo Ologolo Lekki Lagos,Ologolo Ologolo,Lekki,Lagos,OUTSTANDING REAL,24 Hours Security; Boys Quater; All Room Ensuit,23 Apr 2026,https://www.propertypro.ng/property/4-bedroom-house-for-sale-ologolo-ologolo-lekki-lagos-3PLXU
4PCMT,Ultra Luxury 7 Bedroom Automated Mansion With Bq,6000000000.0,"₦ 6,000,000,000",7.0,7.0,House,Maitama Main Maitama Abuja,Maitama Main,Maitama,Abuja,Ademeso olalekan,,08 Feb 2026,https://www.propertypro.ng/property/7-bedroom-house-for-sale-maitama-main-maitama-abuja-4PCMT
4PFAK,Spacious 5 Bedroom Fully Detached Duplex,1100000000.0,"₦ 1,100,000,000",5.0,5.0,House,Oniru Victoria Island Lagos,Oniru Victoria,Island,Lagos,Sunwealth real,Big Compound; Boys Quater; Pop Ceiling,28 Feb 2026,https://www.propertypro.ng/property/5-bedroom-house-for-sale-oniru-victoria-island-lagos-4PFAK
3PNFY,5 Bedroom Detached Duplex With Bq,1700000000.0,"₦ 1,700,000,000",4.0,4.0,House,Asokoro Abuja,Asokoro,Abuja,Abuja,TZ ESTATE,,06 May 2026,https://www.propertypro.ng/property/4-bedroom-house-for-sale-asokoro-abuja-3PNFY
8PMJR,24 Plots Of Land,1400000000.0,"₦ 1,400,000,000",,,Land,Facing The Lekki Epe Express Ibeju Lekki Lagos,Facing The Lekki Epe Express Ibeju,Lekki,Lagos,GUDNESS REALITY,C Of O,27 Apr 2026,https://www.propertypro.ng/property/land-for-sale-facing-the-lekki-epe-express-ibeju-lekki-lagos-8PMJR
1PGCJ,Luxury 4 Bedroom Terrace Duplex’,180000000.0,"₦ 180,000,000",4.0,4.0,House,Chevron Lekki Lagos,Chevron,Lekki,Lagos,Sunwealth real,Big Compound; 24 Hours Security; Boys Quater,10 Mar 2026,https://www.propertypro.ng/property/4-bedroom-house-for-sale-chevron-lekki-lagos-1PGCJ
3PCLD,5 Bedroom Penthouse Duplex With Bq/10kva Inverter,465000000.0,"₦ 465,000,000",5.0,5.0,House,"Oluyole Estate, Ibadan Oyo","Oluyole Estate,",Ibadan,Oyo,MrMideOseni Homes,,07 Feb 2026,https://www.propertypro.ng/property/5-bedroom-house-for-sale-oluyole-estate-ibadan-oyo-3PCLD
2PTRQ,2bed,135000000.0,"₦ 135,000,000",2.0,2.0,House,Lekki Conservation Centre Lekki Lagos,Lekki Conservation Centre,Lekki,Lagos,New adventures,,20 Jun 2026,https://www.propertypro.ng/property/2-bedroom-house-for-sale-lekki-conservation-centre-lekki-lagos-2PTRQ
5PFEG,2 Apartment,190000000.0,"₦ 190,000,000",2.0,2.0,Flat Apartment,Ikate Lekki Lagos,Ikate,Lekki,Lagos,Sunwealth real,,02 Mar 2026,https://www.propertypro.ng/property/2-bedroom-flat-apartment-for-sale-ikate-lekki-lagos-5PFEG
4PNEB,3 Bedroom Terrace Duplex With Bq,140000000.0,"₦ 140,000,000",3.0,3.0,House,Vgc Lekki Lagos,Vgc,Lekki,Lagos,Sanrealtor,,05 May 2026,https://www.propertypro.ng/property/3-bedroom-house-for-sale-vgc-lekki-lagos-4PNEB
8PLDZ,3 Bedroom Bungalow,11000000.0,"₦ 11,000,000",3.0,,House,Akinyele Oyo,Akinyele,Oyo,Oyo,Openkeys business,,16 Apr 2026,https://www.propertypro.ng/property/3-bedroom-house-for-sale-akinyele-oyo-8PLDZ
8PQLC,2 Bedroom Terraced Duplex With Bq,80000000.0,"₦ 80,000,000",2.0,3.0,House,Abijo Gra Ajah Lagos,Abijo Gra,Ajah,Lagos,OUTSTANDING REAL,Big Compound; Boys Quater; Security,23 May 2026,https://www.propertypro.ng/property/2-bedroom-house-for-sale-abijo-gra-ajah-lagos-8PQLC
2PSAD,Contemporary 5 Bedroom Fully Detached Duplex,480000000.0,"₦ 480,000,000",5.0,5.0,House,Vgc Lekki Lagos,Vgc,Lekki,Lagos,OUTSTANDING REAL,Big Compound; 24 Hours Security; Boys Quater,07 Jun 2026,https://www.propertypro.ng/property/5-bedroom-house-for-sale-vgc-lekki-lagos-2PSAD
1PPLK,5 Bedroom Fully Detached Duplex,1100000000.0,"₦ 1,100,000,000",5.0,5.0,House,Lekki Phase 1 Lekki Lagos,Lekki Phase 1,Lekki,Lagos,PCL HOMES,,15 May 2026,https://www.propertypro.ng/property/5-bedroom-house-for-sale-lekki-phase-1-lekki-lagos-1PPLK
1PPBA,4 Bedroom Terrace Duplex With Bq,185000000.0,"₦ 185,000,000",4.0,4.0,House,Magodo Gra Phase 1 Ojodu Lagos,Magodo Gra Phase 1,Ojodu,Lagos,Sanrealtor,,12 May 2026,https://www.propertypro.ng/property/4-bedroom-house-for-sale-magodo-gra-phase-1-ojodu-lagos-1PPBA
3PEZD,3 Bedroom Apartment,130000000.0,"₦ 130,000,000",3.0,3.0,House,Jahi Gilmore Jahi Abuja,Jahi Gilmore,Jahi,Abuja,Besproperties,Big Compound; 24 Hours Security; C Of O,28 Feb 2026,https://www.propertypro.ng/property/3-bedroom-house-for-sale-jahi-gilmore-jahi-abuja-3PEZD
2PFJC,Contemporary 5 Bedroom Detached Duplex,2000000000.0,"₦ 2,000,000,000",5.0,5.0,House,Lekki Phase 1 Lekki Lagos,Lekki Phase 1,Lekki,Lagos,Sunwealth real,Big Compound; 24 Hours Security; Boys Quater,03 Mar 2026,https://www.propertypro.ng/property/5-bedroom-house-for-sale-lekki-phase-1-lekki-lagos-2PFJC
7PSAC,Massive 5 Bedroom Fully Detached Duplex With Bq,670000000.0,"₦ 670,000,000",5.0,5.0,House,Lekki Phase 1 Lekki Lagos,Lekki Phase 1,Lekki,Lagos,OUTSTANDING REAL,Big Compound; 24 Hours Security; Boys Quater,07 Jun 2026,https://www.propertypro.ng/property/5-bedroom-house-for-sale-lekki-phase-1-lekki-lagos-7PSAC
1PFJB,Modern 4 Bedroom Terraced Duplex,270000000.0,"₦ 270,000,000",4.0,4.0,House,Ikate Lekki Lagos,Ikate,Lekki,Lagos,Sunwealth real,Big Compound; 24 Hours Security; Boys Quater,03 Mar 2026,https://www.propertypro.ng/property/4-bedroom-house-for-sale-ikate-lekki-lagos-1PFJB
3PMQX,Newly Built 4 Bedroom Detached House,130000000.0,"₦ 130,000,000",4.0,4.0,House,Mowe Obafemi Owode Ogun,Mowe Obafemi,Owode,Ogun,GUDNESS REALITY,C Of O,29 Apr 2026,https://www.propertypro.ng/property/4-bedroom-house-for-sale-mowe-obafemi-owode-ogun-3PMQX
2PSDY,Well Built Four Bedroom Semi Detached House,650000000.0,"₦ 650,000,000",4.0,4.0,House,Oniru Victoria Island Lagos,Oniru Victoria,Island,Lagos,PCL HOMES,,08 Jun 2026,https://www.propertypro.ng/property/4-bedroom-house-for-sale-oniru-victoria-island-lagos-2PSDY
4PUCC,3 Bedroom Apartment With Bq,200000000.0,"₦ 200,000,000",3.0,3.0,House,Prime Garden Estate Ikate Lekki Ikate Lekki Lagos,Prime Garden Estate Ikate Lekki Ikate,Lekki,Lagos,DFHL,,24 Jun 2026,https://www.propertypro.ng/property/3-bedroom-house-for-sale-prime-garden-estate-ikate-lekki-ikate-lekki-lagos-4PUCC
6PBYS,Unfinished 5 Bedroom Detached Duplex With Bq,750000000.0,"₦ 750,000,000",5.0,5.0,House,"Naf Valley Estate, Asokoro Abuja","Naf Valley Estate,",Asokoro,Abuja,Ademeso olalekan,,03 Feb 2026,https://www.propertypro.ng/property/5-bedroom-house-for-sale-naf-valley-estate-asokoro-abuja-6PBYS
0PMGN,Newly Built 7 Bedroom Mansion With Bq/swimming Pool,550000000.0,"₦ 550,000,000",7.0,7.0,House,"Gwarimpa Extension, Gwarinpa Abuja","Gwarimpa Extension,",Gwarinpa,Abuja,Ademeso olalekan,,26 Apr 2026,https://www.propertypro.ng/property/7-bedroom-house-for-sale-gwarimpa-extension-gwarinpa-abuja-0PMGN
3PKLV,3 Bedroom Bungalow,22000000.0,"₦ 22,000,000",3.0,,House,By Butoal Filling Station Omi Adio Ibadan Oyo,By Butoal Filling Station Omi Adio,Ibadan,Oyo,Openkeys business,,10 Apr 2026,https://www.propertypro.ng/property/3-bedroom-house-for-sale-by-butoal-filling-station-omi-adio-ibadan-oyo-3PKLV
7PUJD,2 Units Of 4 Bedroom Semi Detached Duplex,1000000000.0,"₦ 1,000,000,000",4.0,4.0,House,Victoria Garden Estate Vgc Lekki Lagos,Victoria Garden Estate Vgc,Lekki,Lagos,DFHL,,26 Jun 2026,https://www.propertypro.ng/property/4-bedroom-house-for-sale-victoria-garden-estate-vgc-lekki-lagos-7PUJD
6PUCD,3 Bedroom Apartment Without Bq (emelia 16),160000000.0,"₦ 160,000,000",3.0,3.0,House,Prime Water Gardens (emelia) Ikate Lekki Lagos Ikate Lekki Lagos,Prime Water Gardens (emelia) Ikate Lekki Lagos Ikate,Lekki,Lagos,DFHL,,24 Jun 2026,https://www.propertypro.ng/property/3-bedroom-house-for-sale-prime-water-gardens-emelia-ikate-lekki-lagos-ikate-lekki-lagos-6PUCD
2PULF,5bed,5000000000.0,"₦ 5,000,000,000",5.0,5.0,House,Ikoyi Lagos,Ikoyi,Lagos,Lagos,New adventures,,26 Jun 2026,https://www.propertypro.ng/property/5-bedroom-house-for-sale-ikoyi-lagos-2PULF
8PLVA,Premium 4 Bedroom House,650000000.0,"₦ 650,000,000",4.0,4.0,House,Oniru Victoria Island Lagos,Oniru Victoria,Island,Lagos,First Colony,,22 Apr 2026,https://www.propertypro.ng/property/4-bedroom-house-for-sale-oniru-victoria-island-lagos-8PLVA
1PCMS,Exquisite 3 Bedroom Apartment With Bq,110000000.0,"₦ 110,000,000",3.0,3.0,Flat Apartment,"Maitama Extension, Mpape, Maitama Abuja","Maitama Extension, Mpape,",Maitama,Abuja,-,Security; Pop Ceiling; Street Lights,08 Feb 2026,https://www.propertypro.ng/property/3-bedroom-flat-apartment-for-sale-maitama-extension-mpape-maitama-abuja-1PCMS
6PCMU,Newly Built 6 Bedroom Semi Detached Duplex With Bq,500000000.0,"₦ 500,000,000",6.0,6.0,House,Guzape Abuja,Guzape,Abuja,Abuja,-,,08 Feb 2026,https://www.propertypro.ng/property/6-bedroom-house-for-sale-guzape-abuja-6PCMU
8PTKE,9 Units Of Spacious Self Contained,185000000.0,"₦ 185,000,000",9.0,10.0,Flat Apartment,Opposite Nigerian Law School Bwari District Bwari Abuja,Opposite Nigerian Law School Bwari District,Bwari,Abuja,citymate integrated,Street Lights; Pop Ceiling; Parking Space,18 Jun 2026,https://www.propertypro.ng/property/9-bedroom-flat-apartment-for-sale-opposite-nigerian-law-school-bwari-district-bwari-abuja-8PTKE
7PUTK,Newly Built 2&3bedroom Apartments With Bq,370000000.0,"₦ 370,000,000",3.0,3.0,House,Ikate Ikate Lekki Lagos,Ikate Ikate,Lekki,Lagos,New adventures,Boys Quater; Big Compound; All Room Ensuit,29 Jun 2026,https://www.propertypro.ng/property/3-bedroom-house-for-sale-ikate-ikate-lekki-lagos-7PUTK
3PUTH,Newly Built 2bedroom Apartment Good Security,250000000.0,"₦ 250,000,000",2.0,2.0,House,Ikate Ikate Lekki Lagos,Ikate Ikate,Lekki,Lagos,New adventures,Pop Ceiling; Restaurants Nearby; Big Compound,29 Jun 2026,https://www.propertypro.ng/property/2-bedroom-house-for-sale-ikate-ikate-lekki-lagos-3PUTH
3PUTG,Luxurious 2&1 Bedroom Apartment Good Security,230000000.0,"₦ 230,000,000",2.0,2.0,House,Ikate Ikate Lekki Lagos,Ikate Ikate,Lekki,Lagos,New adventures,Street Lights; Governor's Consent; Cctv Cameras,29 Jun 2026,https://www.propertypro.ng/property/2-bedroom-house-for-sale-ikate-ikate-lekki-lagos-3PUTG
6PSVG,"5 Bedroom Duplex Carcass For Sale, Pyakasa, Sabon Lugbe",65000000.0,"₦ 65,000,000",5.0,5.0,House,Sabon Lugbe Lugbe Abuja,Sabon Lugbe,Lugbe,Abuja,Upbeat Hotels,C Of O; Security; Boys Quater,14 Jun 2026,https://www.propertypro.ng/property/5-bedroom-house-for-sale-sabon-lugbe-lugbe-abuja-6PSVG
7PGGJ,Luxury 4 Bedroom Flat,300000000.0,"₦ 300,000,000",4.0,4.0,Flat Apartment,Akowonjo Alimosho Lagos,Akowonjo,Alimosho,Lagos,Wassimi Projects,,11 Mar 2026,https://www.propertypro.ng/property/4-bedroom-flat-apartment-for-sale-akowonjo-alimosho-lagos-7PGGJ
1PFGV,Luxury 5 Bedroom Detached Duplex,425000000.0,"₦ 425,000,000",5.0,5.0,House,"Orchid Road, Chevron Toll Gate, Orchid Lekki Lagos","Orchid Road, Chevron Toll Gate, Orchid",Lekki,Lagos,Wassimi Projects,,03 Mar 2026,https://www.propertypro.ng/property/5-bedroom-house-for-sale-orchid-road-chevron-toll-gate-orchid-lekki-lagos-1PFGV
0NVFW,5 Bedroom Detached Duplex,1700000000.0,"₦ 1,700,000,000",5.0,6.0,House,Cappa Avenue Palmgrove Shomolu Lagos,Cappa Avenue Palmgrove,Shomolu,Lagos,Wassimi Projects,,21 Nov 2025,https://www.propertypro.ng/property/5-bedroom-house-for-sale-cappa-avenue-palmgrove-shomolu-lagos-0NVFW
0NVAQ,Newly Built 2 Bedroom Flat,185000000.0,"₦ 185,000,000",2.0,2.0,Flat Apartment,"Ojulari Rd, Ikate Lekki Lagos","Ojulari Rd, Ikate",Lekki,Lagos,Wassimi Projects,Front Desk Service; Elevator; Fast Internet,19 Nov 2025,https://www.propertypro.ng/property/2-bedroom-flat-apartment-for-sale-ojulari-rd-ikate-lekki-lagos-0NVAQ
9NVBP,Land,1500000000.0,"₦ 1,500,000,000",,,Land,"Central Area, Off Constitution Road Central Business District Abuja","Central Area, Off Constitution Road Central Business",District,Abuja,Wassimi Projects,,19 Nov 2025,https://www.propertypro.ng/property/land-for-sale-central-area-off-constitution-road-central-business-district-abuja-9NVBP
4NVGZ,Newly Built 5 Bedroom Semi Detached Duplex With Bq,1250000000.0,"₦ 1,250,000,000",5.0,5.0,House,Varp Parkview Estate Ikoyi Lagos,Varp Parkview Estate,Ikoyi,Lagos,Wassimi Projects,Cctv Cameras; C Of O; 24 Hours Security,21 Nov 2025,https://www.propertypro.ng/property/5-bedroom-house-for-sale-varp-parkview-estate-ikoyi-lagos-4NVGZ
3PAGU,Conference Room,3500000000.0,"₦ 3,500,000,000",,,Commercial Property,Ogudu Road Ojota Lagos,Ogudu Road,Ojota,Lagos,Wassimi Projects,Drainage System; Big Compound,19 Jan 2026,https://www.propertypro.ng/property/commercial-property-for-sale-ogudu-road-ojota-lagos-3PAGU
9PUTR,Newly Built 4 Bedroom Detached Duplex With Bq,450000000.0,"₦ 450,000,000",4.0,,House,Kaura (games Village) Abuja,Kaura (games,Village),Abuja,Assethive Realty,Security; Pop Ceiling; Parking Space,29 Jun 2026,https://www.propertypro.ng/property/4-bedroom-house-for-sale-kaura-games-village-abuja-9PUTR
1PUTR,5 Bedroom Duplex With Pool + Elevator Shaft + Bq,600000000.0,"₦ 600,000,000",5.0,,House,Apo Resettlement Apo Abuja,Apo Resettlement,Apo,Abuja,Assethive Realty,Pop Ceiling; Elevator; Parking Space,29 Jun 2026,https://www.propertypro.ng/property/5-bedroom-house-for-sale-apo-resettlement-apo-abuja-1PUTR
7PTJW,2 Bedroom Semi Detached Bungalow Carcass,5000000.0,"₦ 5,000,000",2.0,,Flat Apartment,Mowe Ofada Obafemi Owode Ogun,Mowe Ofada Obafemi,Owode,Ogun,CR REAL,,18 Jun 2026,https://www.propertypro.ng/property/flat-apartment-for-sale-mowe-ofada-obafemi-owode-ogun-7PTJW
0PUFP,Carcass 2 & 3 Bedroom Semi Detached Bungalows,5000000.0,"₦ 5,000,000",3.0,,Flat Apartment,Mowe Obafemi Owode Ogun,Mowe Obafemi,Owode,Ogun,CR REAL,,25 Jun 2026,https://www.propertypro.ng/property/flat-apartment-for-sale-mowe-obafemi-owode-ogun-0PUFP
8PUJZ,Premium Carcass Units 2 Bedroom Semi Detached Bungalow,5000000.0,"₦ 5,000,000",2.0,,Flat Apartment,Mowe Ofada Obafemi Owode Ogun,Mowe Ofada Obafemi,Owode,Ogun,CR REAL,,26 Jun 2026,https://www.propertypro.ng/property/flat-apartment-for-sale-mowe-ofada-obafemi-owode-ogun-8PUJZ
4PUTA,300sqm And 600sqm,2000000.0,"₦ 2,000,000",,,Land,Agbowa Ikorodu Lagos,Agbowa,Ikorodu,Lagos,CR REAL,,29 Jun 2026,https://www.propertypro.ng/property/land-for-sale-agbowa-ikorodu-lagos-4PUTA
8PUTA,Carcass 3 Bedroom Detached Bungalow,5000000.0,"₦ 5,000,000",3.0,,House,Mowe Ofada Obafemi Owode Ogun,Mowe Ofada Obafemi,Owode,Ogun,CR REAL,,29 Jun 2026,https://www.propertypro.ng/property/house-for-sale-mowe-ofada-obafemi-owode-ogun-8PUTA
3PUTQ,Automated 5 Bedroom Duplex With Swimming Pool + Bq,700000000.0,"₦ 700,000,000",5.0,,House,Apo Resettlement Apo Abuja,Apo Resettlement,Apo,Abuja,Assethive Realty,Security; All Room Ensuit; Pop Ceiling,29 Jun 2026,https://www.propertypro.ng/property/5-bedroom-house-for-sale-apo-resettlement-apo-abuja-3PUTQ
7PUTP,5 Bedroom Detached Duplex With Elevator Shaft + Bq,1200000000.0,"₦ 1,200,000,000",5.0,,House,Wuye Abuja,Wuye,Abuja,Abuja,Assethive Realty,All Room Ensuit; Security; Boys Quater,29 Jun 2026,https://www.propertypro.ng/property/5-bedroom-house-for-sale-wuye-abuja-7PUTP
0PUTP,Newly Built 3 Bedroom Apartment With Bq,200000000.0,"₦ 200,000,000",3.0,,Flat Apartment,Jahi Abuja,Jahi,Abuja,Abuja,Assethive Realty,Security; Pop Ceiling; Boys Quater,29 Jun 2026,https://www.propertypro.ng/property/3-bedroom-flat-apartment-for-sale-jahi-abuja-0PUTP
0PUTN,Automated Smart 5 Bedroom Detached Duplex With Pool,600000000.0,"₦ 600,000,000",5.0,,House,Lokogoma Abuja,Lokogoma,Abuja,Abuja,Assethive Realty,Parking Space; Big Compound; Boys Quater,29 Jun 2026,https://www.propertypro.ng/property/5-bedroom-house-for-sale-lokogoma-abuja-0PUTN
5PUTM,Luxurious 2bedroom Apartment With Good Security,250000000.0,"₦ 250,000,000",2.0,2.0,House,Off Freedom Way Lekki Lagos Ikate Lekki Lagos,Off Freedom Way Lekki Lagos Ikate,Lekki,Lagos,New adventures,Supermarket Nearby; Parking Space; 24 Hours Electricity,29 Jun 2026,https://www.propertypro.ng/property/2-bedroom-house-for-sale-off-freedom-way-lekki-lagos-ikate-lekki-lagos-5PUTM
0PUTL,Newly Built 2 Bedroom Apartment Good Security,250000000.0,"₦ 250,000,000",2.0,2.0,House,Ikate Ikate Lekki Lagos,Ikate Ikate,Lekki,Lagos,New adventures,Supermarket Nearby; Pop Ceiling; Printing Service,29 Jun 2026,https://www.propertypro.ng/property/2-bedroom-house-for-sale-ikate-ikate-lekki-lagos-0PUTL
4PUTM,Newly Built 5 Bedroom Detached Duplex With Bq,700000000.0,"₦ 700,000,000",5.0,,House,Gwarinpa Abuja,Gwarinpa,Abuja,Abuja,Assethive Realty,All Room Ensuit; Water Treatment; Cctv Cameras,29 Jun 2026,https://www.propertypro.ng/property/5-bedroom-house-for-sale-gwarinpa-abuja-4PUTM
5PUTJ,Exquisitely Built 4 Bedroom Detached Duplex With Bq,180000000.0,"₦ 180,000,000",4.0,,House,Okebadan Akobo Ibadan Oyo,Okebadan Akobo,Ibadan,Oyo,Assethive Realty,Pop Ceiling; Big Compound; Boys Quater,29 Jun 2026,https://www.propertypro.ng/property/4-bedroom-house-for-sale-okebadan-akobo-ibadan-oyo-5PUTJ
5PUTH,Newly Built 3 Bedroom Bungalow,45000000.0,"₦ 45,000,000",3.0,,House,Akala Express Ibadan Oyo,Akala Express,Ibadan,Oyo,Assethive Realty,,29 Jun 2026,https://www.propertypro.ng/property/3-bedroom-house-for-sale-akala-express-ibadan-oyo-5PUTH
8PUSM,4 Bedroom Semi Detached Duplex,180000000.0,"₦ 180,000,000",4.0,,House,Ikota Lekki Lagos,Ikota,Lekki,Lagos,Tugaris Realtor,,29 Jun 2026,https://www.propertypro.ng/property/4-bedroom-house-for-sale-ikota-lekki-lagos-8PUSM
0PUTG,2 Bedroom Apartment In A Lovely Estate,95000000.0,"₦ 95,000,000",2.0,3.0,House,Opic Isheri Isheri North Ojodu Lagos,Opic Isheri Isheri North,Ojodu,Lagos,Joseph Bello,24 Hours Electricity; Jacuzzi; Elevator,29 Jun 2026,https://www.propertypro.ng/property/2-bedroom-house-for-sale-opic-isheri-isheri-north-ojodu-lagos-0PUTG
6PUSL,5 Bedroom Detached Home,1100000000.0,"₦ 1,100,000,000",5.0,,House,Lekki Phase 1 Lekki Lagos,Lekki Phase 1,Lekki,Lagos,Tugaris Realtor,,29 Jun 2026,https://www.propertypro.ng/property/5-bedroom-house-for-sale-lekki-phase-1-lekki-lagos-6PUSL
5PUTE,Luxurious 4bedroom Terrace Duplex Well Secured,375000000.0,"₦ 375,000,000",4.0,4.0,House,Ikate Ikate Lekki Lagos,Ikate Ikate,Lekki,Lagos,New adventures,Parking Space; Security; Pop Ceiling,29 Jun 2026,https://www.propertypro.ng/property/4-bedroom-house-for-sale-ikate-ikate-lekki-lagos-5PUTE
0PUSL,4 Bedroom Detached Home,200000000.0,"₦ 200,000,000",4.0,,House,Ajah Lagos,Ajah,Lagos,Lagos,Tugaris Realtor,,29 Jun 2026,https://www.propertypro.ng/property/4-bedroom-house-for-sale-ajah-lagos-0PUSL
9PUTC,2&3 Bedroom Apartment In A Secured Estate,280000000.0,"₦ 280,000,000",3.0,3.0,House,Ikate Ikate Lekki Lagos,Ikate Ikate,Lekki,Lagos,New adventures,Church Nearby; 24 Hours Electricity; Big Compound,29 Jun 2026,https://www.propertypro.ng/property/3-bedroom-house-for-sale-ikate-ikate-lekki-lagos-9PUTC
8PGCZ,Block Of Flats,200000000.0,"₦ 200,000,000",,,House,Oluodo Igbogbo Ikorodu Lagos,Oluodo Igbogbo,Ikorodu,Lagos,a$b properties,,10 Mar 2026,https://www.propertypro.ng/property/house-for-sale-oluodo-igbogbo-ikorodu-lagos-8PGCZ
1PGZU,Block Of 8 Flats,500000000.0,"₦ 500,000,000",3.0,3.0,House,Onike Yaba Lagos,Onike,Yaba,Lagos,a$b properties,,17 Mar 2026,https://www.propertypro.ng/property/3-bedroom-house-for-sale-onike-yaba-lagos-1PGZU
1PKVE,Luxury 2 Bedroom Flat,200000000.0,"₦ 200,000,000",2.0,,Flat Apartment,Freedom Lekki Phase 1 Lekki Lagos,Freedom Lekki Phase 1,Lekki,Lagos,a$b properties,All Room Ensuit; Big Compound; Cctv Cameras,13 Apr 2026,https://www.propertypro.ng/property/flat-apartment-for-sale-freedom-lekki-phase-1-lekki-lagos-1PKVE
8PGZT,New 4 Units Of 3 Bedroom Terrace Duplex,580000000.0,"₦ 580,000,000",3.0,3.0,House,Olumo Onike Yaba Lagos,Olumo Onike,Yaba,Lagos,a$b properties,,17 Mar 2026,https://www.propertypro.ng/property/3-bedroom-house-for-sale-olumo-onike-yaba-lagos-8PGZT
5PGDB,Land,60000000.0,"₦ 60,000,000",,,Land,Olatunji Ojota Lagos,Olatunji,Ojota,Lagos,a$b properties,,10 Mar 2026,https://www.propertypro.ng/property/land-for-sale-olatunji-ojota-lagos-5PGDB
6PKCQ,Warehouse,3500000000.0,"₦ 3,500,000,000",,,Commercial Property,Bye Pass Ilupeju Ilupeju Lagos,Bye Pass Ilupeju,Ilupeju,Lagos,a$b properties,,07 Apr 2026,https://www.propertypro.ng/property/commercial-property-for-sale-bye-pass-ilupeju-ilupeju-lagos-6PKCQ
4PKCT,2 Storey Building,350000000.0,"₦ 350,000,000",1.0,1.0,House,Obanikoro Estate Shomolu Lagos,Obanikoro Estate,Shomolu,Lagos,a$b properties,,07 Apr 2026,https://www.propertypro.ng/property/1-bedroom-house-for-sale-obanikoro-estate-shomolu-lagos-4PKCT
6PGZT,New 3 Bedroom Groundfloor,300000000.0,"₦ 300,000,000",3.0,3.0,Flat Apartment,Adeniyi Jones Ikeja Lagos,Adeniyi Jones,Ikeja,Lagos,a$b properties,Big Compound; Cctv Cameras; C Of O,17 Mar 2026,https://www.propertypro.ng/property/3-bedroom-flat-apartment-for-sale-adeniyi-jones-ikeja-lagos-6PGZT
7PKCQ,Warehouse,3500000000.0,"₦ 3,500,000,000",,,Commercial Property,Bye Pass Ilupeju Ilupeju Lagos,Bye Pass Ilupeju,Ilupeju,Lagos,a$b properties,,07 Apr 2026,https://www.propertypro.ng/property/commercial-property-for-sale-bye-pass-ilupeju-ilupeju-lagos-7PKCQ
5NBFC,4 Units Of 3 Bedroom Terraced Duplex,65000000.0,"₦ 65,000,000",3.0,3.0,House,"Post Service Estate, Iyana Iba Road Iba Ojo Lagos","Post Service Estate, Iyana Iba Road Iba",Ojo,Lagos,Ayodele Odunuga,Pop Ceiling; Security; Security Doors,08 Jun 2025,https://www.propertypro.ng/property/3-bedroom-house-for-sale-post-service-estate-iyana-iba-road-iba-ojo-lagos-5NBFC
7NBGK,3 Bedroom Flat With Bq,420000000.0,"₦ 420,000,000",3.0,3.0,Flat Apartment,Ikeja Gra Ikeja Lagos,Ikeja Gra,Ikeja,Lagos,Ayodele Odunuga,24 Hours Electricity; Children Play Ground; Elevator,09 Jun 2025,https://www.propertypro.ng/property/3-bedroom-flat-apartment-for-sale-ikeja-gra-ikeja-lagos-7NBGK
4NBGP,Poultry Farm,85000000.0,"₦ 85,000,000",,,Commercial Property,"Adafune Village, Oke Iganmu, Off Ilaro Road Yewa South Ogun","Adafune Village, Oke Iganmu, Off Ilaro Road Yewa",South,Ogun,Ayodele Odunuga,,09 Jun 2025,https://www.propertypro.ng/property/commercial-property-for-sale-adafune-village-oke-iganmu-off-ilaro-road-yewa-south-ogun-4NBGP
8NFGP,4 Bedroom Semi Detached House With Bq (off Plan),225000000.0,"₦ 225,000,000",4.0,4.0,House,Aladura Estate Anthony Village Maryland Lagos,Aladura Estate Anthony Village,Maryland,Lagos,Ayodele Odunuga,Parking Space; Water Treatment; Pop Ceiling,12 Jul 2025,https://www.propertypro.ng/property/4-bedroom-house-for-sale-aladura-estate-anthony-village-maryland-lagos-8NFGP
2NFGQ,2 Units Of 3 Bedroom Flats (off Plan Sales),160000000.0,"₦ 160,000,000",3.0,3.0,Flat Apartment,Aladura Estate Anthony Village Maryland Lagos,Aladura Estate Anthony Village,Maryland,Lagos,Ayodele Odunuga,,12 Jul 2025,https://www.propertypro.ng/property/3-bedroom-flat-apartment-for-sale-aladura-estate-anthony-village-maryland-lagos-2NFGQ
3NFGQ,2 Units Of 2 Bedroom Flat (off Plan Sales),90000000.0,"₦ 90,000,000",2.0,2.0,Flat Apartment,Aladura Estate Anthony Village Maryland Lagos,Aladura Estate Anthony Village,Maryland,Lagos,Ayodele Odunuga,,12 Jul 2025,https://www.propertypro.ng/property/2-bedroom-flat-apartment-for-sale-aladura-estate-anthony-village-maryland-lagos-3NFGQ
1NFGR,4 Bedroom Terrace Duplex With Bq And Study (off Plan),320000000.0,"₦ 320,000,000",4.0,4.0,House,Amari Mews Mende Maryland Lagos,Amari Mews Mende,Maryland,Lagos,Ayodele Odunuga,,12 Jul 2025,https://www.propertypro.ng/property/4-bedroom-house-for-sale-amari-mews-mende-maryland-lagos-1NFGR
3NJLR,2 Units Of 5 Bedroom Terrace Duplex,195000000.0,"₦ 195,000,000",5.0,5.0,House,Off Yetunde Brown Street Ifako Gbagada Gbagada Lagos,Off Yetunde Brown Street Ifako Gbagada,Gbagada,Lagos,Ayodele Odunuga,,10 Aug 2025,https://www.propertypro.ng/property/5-bedroom-house-for-sale-off-yetunde-brown-street-ifako-gbagada-gbagada-lagos-3NJLR
2NPUP,6.5 Acres Of Land,20000000.0,"₦ 20,000,000",,,Land,"Ebute Lekki, After Dangote Refinery Along The Coastal Road, Ibeju Lekki Lagos","Ebute Lekki, After Dangote Refinery Along The Coastal Road, Ibeju",Lekki,Lagos,Ayodele Odunuga,C Of O,29 Sep 2025,https://www.propertypro.ng/property/land-for-sale-ebute-lekki-after-dangote-refinery-along-the-coastal-road-ibeju-lekki-lagos-2NPUP
8NPUR,3 Units Of 4 Bedroom Semi Detached Houses,900000000.0,"₦ 900,000,000",4.0,4.0,House,Anthony Village Maryland Lagos,Anthony Village,Maryland,Lagos,Ayodele Odunuga,C Of O,29 Sep 2025,https://www.propertypro.ng/property/4-bedroom-house-for-sale-anthony-village-maryland-lagos-8NPUR
8NRFB,A Commercial Property Comprising Of 2 Halls,175000000.0,"₦ 175,000,000",,,Commercial Property,"Liadi Disu Street, Opposite Nnpc Filling Station, Isheri Osun, Lagos Alimosho Lagos","Liadi Disu Street, Opposite Nnpc Filling Station, Isheri Osun, Lagos",Alimosho,Lagos,Ayodele Odunuga,,12 Oct 2025,https://www.propertypro.ng/property/commercial-property-for-sale-liadi-disu-street-opposite-nnpc-filling-station-isheri-osun-lagos-alimosho-lagos-8NRFB
2NTGA,Newly Built Studio Apartment,200000000.0,"₦ 200,000,000",,,Flat Apartment,Ikeja Gra Ikeja Lagos,Ikeja Gra,Ikeja,Lagos,Ayodele Odunuga,24 Hours Electricity; Elevator; Parking Space,31 Oct 2025,https://www.propertypro.ng/property/flat-apartment-for-sale-ikeja-gra-ikeja-lagos-2NTGA
8NTGB,Newly Built 4 Bedroom Maisonette With Bq,550000000.0,"₦ 550,000,000",4.0,4.0,House,Adekunle Fajuyi Way Ikeja Gra Ikeja Lagos,Adekunle Fajuyi Way Ikeja Gra,Ikeja,Lagos,Ayodele Odunuga,24 Hours Electricity; Elevator; Children Play Ground,31 Oct 2025,https://www.propertypro.ng/property/4-bedroom-house-for-sale-adekunle-fajuyi-way-ikeja-gra-ikeja-lagos-8NTGB
4NWUK,5 Bedroom House,700000000.0,"₦ 700,000,000",5.0,5.0,House,Northern Foreshore Estate Chevron Drive Lekki Lagos,Northern Foreshore Estate Chevron Drive,Lekki,Lagos,Ayodele Odunuga,All Room Ensuit; 24 Hours Electricity; Swimming Pool,07 Dec 2025,https://www.propertypro.ng/property/5-bedroom-house-for-sale-northern-foreshore-estate-chevron-drive-lekki-lagos-4NWUK
7NXQJ,4 Bedroom Detached Duplex With Bq,5000000000.0,"₦ 5,000,000,000",4.0,4.0,House,5th Avenue Banana Island Ikoyi Lagos,5th Avenue Banana Island,Ikoyi,Lagos,Ayodele Odunuga,Security; All Room Ensuit; Big Compound,16 Dec 2025,https://www.propertypro.ng/property/4-bedroom-house-for-sale-5th-avenue-banana-island-ikoyi-lagos-7NXQJ
6PBQP,2 Hectares Of Land,3000000000.0,"₦ 3,000,000,000",,,Land,Orchid Road Lekki Lagos,Orchid Road,Lekki,Lagos,Ayodele Odunuga,,30 Jan 2026,https://www.propertypro.ng/property/land-for-sale-orchid-road-lekki-lagos-6PBQP
3PESQ,2 Plots Of Waterfront Land,100000000.0,"₦ 100,000,000",,,Land,Off The Coastal Road Okun Ajah Ajah Lagos,Off The Coastal Road Okun Ajah,Ajah,Lagos,Ayodele Odunuga,,26 Feb 2026,https://www.propertypro.ng/property/land-for-sale-off-the-coastal-road-okun-ajah-ajah-lagos-3PESQ
5PGBQ,4 Bedroom Duplex With Bq On 828sqm Land,170000000.0,"₦ 170,000,000",4.0,4.0,House,Sangotedo Lagos,Sangotedo,Lagos,Lagos,Ayodele Odunuga,Parking Space; Boys Quater; Water Treatment,10 Mar 2026,https://www.propertypro.ng/property/4-bedroom-house-for-sale-sangotedo-lagos-5PGBQ
5PHVF,Bungalow,120000000.0,"₦ 120,000,000",,,House,Liberty Estate Idimu Egbe Idimu Lagos,Liberty Estate Idimu Egbe,Idimu,Lagos,Ayodele Odunuga,,25 Mar 2026,https://www.propertypro.ng/property/house-for-sale-liberty-estate-idimu-egbe-idimu-lagos-5PHVF
3PUTB,Luxury 3 Bedroom Apartment With Bq,630000000.0,"₦ 630,000,000",3.0,3.0,Flat Apartment,Off Idowu Martins Victoria Island Lagos,Off Idowu Martins Victoria,Island,Lagos,Ayodele Odunuga,Elevator; Boys Quater; All Room Ensuit,29 Jun 2026,https://www.propertypro.ng/property/3-bedroom-flat-apartment-for-sale-off-idowu-martins-victoria-island-lagos-3PUTB
4PUTB,Luxurious 4bedroom Fully Detached Duplex Good Security,300000000.0,"₦ 300,000,000",4.0,4.0,House,Igboefon Igbo Efon Lekki Lagos,Igboefon Igbo Efon,Lekki,Lagos,New adventures,Boys Quater; Church Nearby; 24 Hours Security,29 Jun 2026,https://www.propertypro.ng/property/4-bedroom-house-for-sale-igboefon-igbo-efon-lekki-lagos-4PUTB
9PUSZ,Luxurious 2bedroom Terrace Duplex Good Security,160000000.0,"₦ 160,000,000",2.0,2.0,House,Ologolo Ologolo Lekki Lagos,Ologolo Ologolo,Lekki,Lagos,New adventures,Pop Ceiling; Cctv Cameras; Security Doors,29 Jun 2026,https://www.propertypro.ng/property/2-bedroom-house-for-sale-ologolo-ologolo-lekki-lagos-9PUSZ
3PGVG,Jv Land,350000000.0,"₦ 350,000,000",,,Land,"Peace Garden Estate By Lbs Along Lekki Epe Expressway, Sangotedo Lagos","Peace Garden Estate By Lbs Along Lekki Epe Expressway,",Sangotedo,Lagos,DFHL,Big Compound; C Of O; Drainage System,16 Mar 2026,https://www.propertypro.ng/property/land-for-sale-peace-garden-estate-by-lbs-along-lekki-epe-expressway-sangotedo-lagos-3PGVG
1PUSP,850sqm Prime Ready To Build Land For Sale – Ibara,130000000.0,"₦ 130,000,000",,,Land,Abeokuta South Ogun,Abeokuta,South,Ogun,Barods Global,,29 Jun 2026,https://www.propertypro.ng/property/land-for-sale-abeokuta-south-ogun-1PUSP
5PGUW,2 Plots Of Land With Structure,250000000.0,"₦ 250,000,000",,,Land,"Lakowe, Along Lekki Epe Exressway, Ibeju Lekki Lagos","Lakowe, Along Lekki Epe Exressway, Ibeju",Lekki,Lagos,DFHL,,16 Mar 2026,https://www.propertypro.ng/property/land-for-sale-lakowe-along-lekki-epe-exressway-ibeju-lekki-lagos-5PGUW
3PGNW,15000sqm Commercial Land,11500000000.0,"₦ 11,500,000,000",,,Land,Chevron Drive Lekki Lagos,Chevron Drive,Lekki,Lagos,DFHL,,13 Mar 2026,https://www.propertypro.ng/property/land-for-sale-chevron-drive-lekki-lagos-3PGNW
1NVEX,4bed Terrace +bq..,570000000.0,"₦ 570,000,000",5.0,6.0,House,Ikeja Gra Ikeja Lagos,Ikeja Gra,Ikeja,Lagos,Dollyrealty,Newly Built; Only on PropertyPro,21 Nov 2025,https://www.propertypro.ng/property/5-bedroom-house-for-sale-ikeja-gra-ikeja-lagos-1NVEX
7PJLC,5 Bedroom Fully Detached Duplex,500000000.0,"₦ 500,000,000",5.0,5.0,House,"Ologolo Off Lekki Expressway, Ologolo Lekki Lagos","Ologolo Off Lekki Expressway, Ologolo",Lekki,Lagos,DFHL,C Of O,31 Mar 2026,https://www.propertypro.ng/property/5-bedroom-house-for-sale-ologolo-off-lekki-expressway-ologolo-lekki-lagos-7PJLC
7PURC,Newly Built 4 Bedroom Semi Detached Duplex,190000000.0,"₦ 190,000,000",4.0,4.0,House,Ajah Lagos,Ajah,Lagos,Lagos,Vechy Realty,,29 Jun 2026,https://www.propertypro.ng/property/4-bedroom-house-for-sale-ajah-lagos-7PURC
5NZDN,2 Bedroom Apartment,300000000.0,"₦ 300,000,000",2.0,2.0,House,Ikeja Gra Ikeja Lagos,Ikeja Gra,Ikeja,Lagos,Wall Street,Restaurants Nearby; Parking Space; Security Doors,08 Jan 2026,https://www.propertypro.ng/property/2-bedroom-house-for-sale-ikeja-gra-ikeja-lagos-5NZDN
2PLSS,5 Bedroom Semi Detached Duplex With Bq,900000000.0,"₦ 900,000,000",5.0,6.0,House,Regal Court 2 Ikeja Gra Ikeja Lagos,Regal Court 2 Ikeja Gra,Ikeja,Lagos,Wall Street,All Room Ensuit; Security; Restaurants Nearby,21 Apr 2026,https://www.propertypro.ng/property/5-bedroom-house-for-sale-regal-court-2-ikeja-gra-ikeja-lagos-2PLSS
9PLZK,3 Bedroom Apartment With Bq,390000000.0,"₦ 390,000,000",3.0,4.0,Flat Apartment,Ikeja Gra Ikeja Lagos,Ikeja Gra,Ikeja,Lagos,Wall Street,Parking Space; Restaurants Nearby; Elevator,23 Apr 2026,https://www.propertypro.ng/property/3-bedroom-flat-apartment-for-sale-ikeja-gra-ikeja-lagos-9PLZK
6PPBV,4 Bedroom Semi Detached Duplex With Bq,200000000.0,"₦ 200,000,000",4.0,4.0,House,Ikota Gra Lekki Lagos,Ikota Gra,Lekki,Lagos,Wall Street,,12 May 2026,https://www.propertypro.ng/property/4-bedroom-house-for-sale-ikota-gra-lekki-lagos-6PPBV
3PPFF,3 Bedroom Apartment,1130000000.0,"₦ 1,130,000,000",3.0,4.0,House,George Street Ikoyi Lagos,George Street,Ikoyi,Lagos,Wall Street,,13 May 2026,https://www.propertypro.ng/property/3-bedroom-house-for-sale-george-street-ikoyi-lagos-3PPFF
4PBGR,6 Bedroom Detached Duplex With Bq,1300000000.0,"₦ 1,300,000,000",6.0,7.0,House,Chibo Lekki Phase 1 Lekki Lagos,Chibo Lekki Phase 1,Lekki,Lagos,Wall Street,Parking Space; Security; Ocean View,27 Jan 2026,https://www.propertypro.ng/property/6-bedroom-house-for-sale-chibo-lekki-phase-1-lekki-lagos-4PBGR
7PPZK,3 Bedroom Apartment,1200000000.0,"₦ 1,200,000,000",3.0,4.0,Flat Apartment,Banana Island Ikoyi Lagos,Banana Island,Ikoyi,Lagos,Wall Street,Restaurants Nearby; Boys Quater; Street Lights,20 May 2026,https://www.propertypro.ng/property/3-bedroom-flat-apartment-for-sale-banana-island-ikoyi-lagos-7PPZK
2NZGA,Land,2400000000.0,"₦ 2,400,000,000",,,Land,"Oduduwa Way, Ikeja Gra Ikeja Lagos","Oduduwa Way, Ikeja Gra",Ikeja,Lagos,Wall Street,,09 Jan 2026,https://www.propertypro.ng/property/land-for-sale-oduduwa-way-ikeja-gra-ikeja-lagos-2NZGA
8PLZL,4 Bedroom Terrace Duplex With Bq,550000000.0,"₦ 550,000,000",4.0,5.0,Flat Apartment,Aurora Ikeja Gra Ikeja Lagos,Aurora Ikeja Gra,Ikeja,Lagos,Wall Street,,23 Apr 2026,https://www.propertypro.ng/property/4-bedroom-flat-apartment-for-sale-aurora-ikeja-gra-ikeja-lagos-8PLZL
8PPFC,5 Bedroom Penthouse,2500000000.0,"₦ 2,500,000,000",5.0,5.0,Flat Apartment,George Street Ikoyi S.w Ikoyi Lagos,George Street Ikoyi S.w,Ikoyi,Lagos,Wall Street,,13 May 2026,https://www.propertypro.ng/property/5-bedroom-flat-apartment-for-sale-george-street-ikoyi-sw-ikoyi-lagos-8PPFC
7NZFZ,Residential Land,3000000000.0,"₦ 3,000,000,000",,,Land,"Oduduwa Street, Ikeja Gra Ikeja Lagos","Oduduwa Street, Ikeja Gra",Ikeja,Lagos,Wall Street,,09 Jan 2026,https://www.propertypro.ng/property/land-for-sale-oduduwa-street-ikeja-gra-ikeja-lagos-7NZFZ
7PPZM,5 Bedroom Maissonette,2100000000.0,"₦ 2,100,000,000",5.0,,House,Banana Island Ikoyi Lagos,Banana Island,Ikoyi,Lagos,Wall Street,Restaurants Nearby; Church Nearby; Boys Quater,20 May 2026,https://www.propertypro.ng/property/5-bedroom-house-for-sale-banana-island-ikoyi-lagos-7PPZM
0PBYT,(direct Brief) 4 Bedroom Semi Detached Duplex With A Bq,350000000.0,"₦ 350,000,000",4.0,4.0,House,Opebi Opebi Ikeja Lagos,Opebi Opebi,Ikeja,Lagos,Wall Street,,03 Feb 2026,https://www.propertypro.ng/property/4-bedroom-house-for-sale-opebi-opebi-ikeja-lagos-0PBYT
0PLJF,Awoyaya Coastal Road View,13000000.0,"₦ 13,000,000",,,Land,Lagos Island Lagos Island Lagos,Lagos Island Lagos,Island,Lagos,Core Real,C Of O,17 Apr 2026,https://www.propertypro.ng/property/land-for-sale-lagos-island-lagos-island-lagos-0PLJF
0PTJW,Land,2000000.0,"₦ 2,000,000",,,Land,Agbowa Ikorodu Lagos,Agbowa,Ikorodu,Lagos,CR REAL,,18 Jun 2026,https://www.propertypro.ng/property/land-for-sale-agbowa-ikorodu-lagos-0PTJW
6PUFN,300sqm And 600sqm Land,2000000.0,"₦ 2,000,000",,,Land,Agbowa Ikorodu Lagos,Agbowa,Ikorodu,Lagos,CR REAL,,25 Jun 2026,https://www.propertypro.ng/property/land-for-sale-agbowa-ikorodu-lagos-6PUFN
4PUJZ,600sqm Land,4000000.0,"₦ 4,000,000",,,Land,Agbowa Ikorodu Lagos,Agbowa,Ikorodu,Lagos,CR REAL,,26 Jun 2026,https://www.propertypro.ng/property/land-for-sale-agbowa-ikorodu-lagos-4PUJZ
4PSLV,Premium Buy And Build Land Facing The Major Road,4000000.0,"₦ 4,000,000",,,Land,Agbowa Ikorodu Lagos,Agbowa,Ikorodu,Lagos,CR REAL,,11 Jun 2026,https://www.propertypro.ng/property/land-for-sale-agbowa-ikorodu-lagos-4PSLV
6PMLW,5bed Detached+bq..,400000000.0,"₦ 400,000,000",4.0,5.0,House,Berger Ojodu Lagos,Berger,Ojodu,Lagos,Dollyrealty,24 Hours Security; Parking Space; Security Doors,28 Apr 2026,https://www.propertypro.ng/property/4-bedroom-house-for-sale-berger-ojodu-lagos-6PMLW
3PUSA,A Plot Of Land,6000000.0,"₦ 6,000,000",,,Land,Back Of Okenla School Ifo Ifo Ogun,Back Of Okenla School Ifo,Ifo,Ogun,NNS MANAGEMENT,,29 Jun 2026,https://www.propertypro.ng/property/land-for-sale-back-of-okenla-school-ifo-ifo-ogun-3PUSA
7PRAA,2 Bedroom Terrace Duplex,75000000.0,"₦ 75,000,000",2.0,2.0,House,Ilaje Ajah Lagos,Ilaje,Ajah,Lagos,Ezinne,C Of O,29 May 2026,https://www.propertypro.ng/property/2-bedroom-house-for-sale-ilaje-ajah-lagos-7PRAA
0PSUU,3 Bedroom Detached Bungalow In Queens Mowe Ofada,60000000.0,"₦ 60,000,000",3.0,3.0,House,Queens Park Estate Mowe Ofada Ifo Ifo Ogun,Queens Park Estate Mowe Ofada Ifo,Ifo,Ogun,Ezinne,C Of O; 24 Hours Security; Security,14 Jun 2026,https://www.propertypro.ng/property/3-bedroom-house-for-sale-queens-park-estate-mowe-ofada-ifo-ifo-ogun-0PSUU
1PSUU,3 Bedroom Detached Bungalow In Queens Mowe Ofada,60000000.0,"₦ 60,000,000",3.0,3.0,House,Queens Park Estate Mowe Ofada Ifo Ifo Ogun,Queens Park Estate Mowe Ofada Ifo,Ifo,Ogun,Ezinne,C Of O; 24 Hours Security; Security,14 Jun 2026,https://www.propertypro.ng/property/3-bedroom-house-for-sale-queens-park-estate-mowe-ofada-ifo-ifo-ogun-1PSUU
2PSYV,3 Bedroom Apartment With Bq At 54 Glover Road Ikoyi,555502.0,"₦ 555,502",3.0,3.0,House,54 Glover Ikoyi Lagos Old Ikoyi Ikoyi Lagos,54 Glover Ikoyi Lagos Old Ikoyi,Ikoyi,Lagos,Ezinne,C Of O; Security; Street Lights,15 Jun 2026,https://www.propertypro.ng/property/3-bedroom-house-for-sale-54-glover-ikoyi-lagos-old-ikoyi-ikoyi-lagos-2PSYV
4PSUV,3 Bedroom Detached Bungalow At Queens Park Mowe Ofada,60000000.0,"₦ 60,000,000",3.0,3.0,House,Queens Park Estate Mowe Ofada Ogun State Ifo Ifo Ogun,Queens Park Estate Mowe Ofada Ogun State Ifo,Ifo,Ogun,Ezinne,C Of O; 24 Hours Security; Security,14 Jun 2026,https://www.propertypro.ng/property/3-bedroom-house-for-sale-queens-park-estate-mowe-ofada-ogun-state-ifo-ifo-ogun-4PSUV
